scope,tag,stdlib,arch,case,method,precision,kappa,cap,block,slot,candidate_first,seed,n_returned,n_finite,n_nonfinite,attempts_reported,seconds,seconds_per_returned,ratio_candidate_over_legacy,ratio_lo,ratio_hi,ratio_conf,boot_kind,boot_resamples,boot_rng_seed,boot_n_seeds,pre_registered_bound,repeat_identical,protocol_sha256
block,libcxx,libc++,arm64,B0,CANDIDATE,double,0.51,NA,0,0,true,7006,25441951,25441933,18,25441951,2.07658033,8.162032597264259e-08,NA,NA,NA,NA,NA,NA,NA,NA,NA,NA,7d6e05fbbf3cd9f864b265ffa6122b0ea4fd88757752dbc00ba634762d91b76b
block,libcxx,libc++,arm64,B0,LEGACY,double,0.51,NA,0,1,true,7006,19957085,19945497,11588,0,1.81500642,9.094546708599978e-08,NA,NA,NA,NA,NA,NA,NA,NA,NA,NA,7d6e05fbbf3cd9f864b265ffa6122b0ea4fd88757752dbc00ba634762d91b76b
block,libcxx,libc++,arm64,B0,CANDIDATE,double,0.51,NA,1,1,false,7007,25441951,25441936,15,25441951,2.07717012,8.164350780331272e-08,NA,NA,NA,NA,NA,NA,NA,NA,NA,NA,7d6e05fbbf3cd9f864b265ffa6122b0ea4fd88757752dbc00ba634762d91b76b
block,libcxx,libc++,arm64,B0,LEGACY,double,0.51,NA,1,0,false,7007,19957085,19945472,11613,0,1.81691833,9.104126845178041e-08,NA,NA,NA,NA,NA,NA,NA,NA,NA,NA,7d6e05fbbf3cd9f864b265ffa6122b0ea4fd88757752dbc00ba634762d91b76b
block,libcxx,libc++,arm64,B0,CANDIDATE,double,0.51,NA,2,1,false,7008,25441951,25441936,15,25441951,2.0755055,8.15780794483882e-08,NA,NA,NA,NA,NA,NA,NA,NA,NA,NA,7d6e05fbbf3cd9f864b265ffa6122b0ea4fd88757752dbc00ba634762d91b76b
block,libcxx,libc++,arm64,B0,LEGACY,double,0.51,NA,2,0,false,7008,19957085,19945447,11638,0,1.8166485,9.102774778982001e-08,NA,NA,NA,NA,NA,NA,NA,NA,NA,NA,7d6e05fbbf3cd9f864b265ffa6122b0ea4fd88757752dbc00ba634762d91b76b
block,libcxx,libc++,arm64,B0,CANDIDATE,double,0.51,NA,3,0,true,7009,25441951,25441936,15,25441951,2.07676858,8.16277251300421e-08,NA,NA,NA,NA,NA,NA,NA,NA,NA,NA,7d6e05fbbf3cd9f864b265ffa6122b0ea4fd88757752dbc00ba634762d91b76b
block,libcxx,libc++,arm64,B0,LEGACY,double,0.51,NA,3,1,true,7009,19957085,19945574,11511,0,1.81644588,9.101759475394328e-08,NA,NA,NA,NA,NA,NA,NA,NA,NA,NA,7d6e05fbbf3cd9f864b265ffa6122b0ea4fd88757752dbc00ba634762d91b76b
block,libcxx,libc++,arm64,B0,CANDIDATE,double,0.51,NA,4,1,false,7010,25441951,25441932,19,25441951,2.07516983,8.156488604195488e-08,NA,NA,NA,NA,NA,NA,NA,NA,NA,NA,7d6e05fbbf3cd9f864b265ffa6122b0ea4fd88757752dbc00ba634762d91b76b
block,libcxx,libc++,arm64,B0,LEGACY,double,0.51,NA,4,0,false,7010,19957085,19945637,11448,0,1.81334904,9.086242013801114e-08,NA,NA,NA,NA,NA,NA,NA,NA,NA,NA,7d6e05fbbf3cd9f864b265ffa6122b0ea4fd88757752dbc00ba634762d91b76b
block,libcxx,libc++,arm64,B0,CANDIDATE,double,0.51,NA,5,1,false,7006,25441951,25441933,18,25441951,2.13353446,8.385891703038027e-08,NA,NA,NA,NA,NA,NA,NA,NA,NA,NA,7d6e05fbbf3cd9f864b265ffa6122b0ea4fd88757752dbc00ba634762d91b76b
block,libcxx,libc++,arm64,B0,LEGACY,double,0.51,NA,5,0,false,7006,19957085,19945497,11588,0,1.82220462,9.130615142441894e-08,NA,NA,NA,NA,NA,NA,NA,NA,NA,NA,7d6e05fbbf3cd9f864b265ffa6122b0ea4fd88757752dbc00ba634762d91b76b
block,libcxx,libc++,arm64,B0,CANDIDATE,double,0.51,NA,6,0,true,7007,25441951,25441936,15,25441951,2.074227,8.15278277990552e-08,NA,NA,NA,NA,NA,NA,NA,NA,NA,NA,7d6e05fbbf3cd9f864b265ffa6122b0ea4fd88757752dbc00ba634762d91b76b
block,libcxx,libc++,arm64,B0,LEGACY,double,0.51,NA,6,1,true,7007,19957085,19945472,11613,0,1.81509317,9.094981391320425e-08,NA,NA,NA,NA,NA,NA,NA,NA,NA,NA,7d6e05fbbf3cd9f864b265ffa6122b0ea4fd88757752dbc00ba634762d91b76b
block,libcxx,libc++,arm64,B0,CANDIDATE,double,0.51,NA,7,1,false,7008,25441951,25441936,15,25441951,2.07107729,8.140402801656209e-08,NA,NA,NA,NA,NA,NA,NA,NA,NA,NA,7d6e05fbbf3cd9f864b265ffa6122b0ea4fd88757752dbc00ba634762d91b76b
block,libcxx,libc++,arm64,B0,LEGACY,double,0.51,NA,7,0,false,7008,19957085,19945447,11638,0,1.81039742,9.071452153458282e-08,NA,NA,NA,NA,NA,NA,NA,NA,NA,NA,7d6e05fbbf3cd9f864b265ffa6122b0ea4fd88757752dbc00ba634762d91b76b
block,libcxx,libc++,arm64,B0,CANDIDATE,double,0.51,NA,8,1,false,7009,25441951,25441936,15,25441951,2.07395929,8.151730549280596e-08,NA,NA,NA,NA,NA,NA,NA,NA,NA,NA,7d6e05fbbf3cd9f864b265ffa6122b0ea4fd88757752dbc00ba634762d91b76b
block,libcxx,libc++,arm64,B0,LEGACY,double,0.51,NA,8,0,false,7009,19957085,19945574,11511,0,1.81644987,9.101779518401611e-08,NA,NA,NA,NA,NA,NA,NA,NA,NA,NA,7d6e05fbbf3cd9f864b265ffa6122b0ea4fd88757752dbc00ba634762d91b76b
block,libcxx,libc++,arm64,B0,CANDIDATE,double,0.51,NA,9,1,false,7010,25441951,25441932,19,25441951,2.06789971,8.127913260268445e-08,NA,NA,NA,NA,NA,NA,NA,NA,NA,NA,7d6e05fbbf3cd9f864b265ffa6122b0ea4fd88757752dbc00ba634762d91b76b
block,libcxx,libc++,arm64,B0,LEGACY,double,0.51,NA,9,0,false,7010,19957085,19945637,11448,0,1.81091483,9.074044796622353e-08,NA,NA,NA,NA,NA,NA,NA,NA,NA,NA,7d6e05fbbf3cd9f864b265ffa6122b0ea4fd88757752dbc00ba634762d91b76b
block,libcxx,libc++,arm64,B1,CANDIDATE,float,0.55,NA,0,0,true,7006,42530569,42524635,5934,42530569,2.26533925,5.3263788923209557e-08,NA,NA,NA,NA,NA,NA,NA,NA,NA,NA,7d6e05fbbf3cd9f864b265ffa6122b0ea4fd88757752dbc00ba634762d91b76b
block,libcxx,libc++,arm64,B1,LEGACY,float,0.55,NA,0,1,true,7006,31725414,31545487,179927,0,2.30620154,7.269255940994182e-08,NA,NA,NA,NA,NA,NA,NA,NA,NA,NA,7d6e05fbbf3cd9f864b265ffa6122b0ea4fd88757752dbc00ba634762d91b76b
block,libcxx,libc++,arm64,B1,CANDIDATE,float,0.55,NA,1,1,false,7007,42530569,42524591,5978,42530569,2.27781167,5.355704660335017e-08,NA,NA,NA,NA,NA,NA,NA,NA,NA,NA,7d6e05fbbf3cd9f864b265ffa6122b0ea4fd88757752dbc00ba634762d91b76b
block,libcxx,libc++,arm64,B1,LEGACY,float,0.55,NA,1,0,false,7007,31725414,31545933,179481,0,2.30384358,7.261823543106482e-08,NA,NA,NA,NA,NA,NA,NA,NA,NA,NA,7d6e05fbbf3cd9f864b265ffa6122b0ea4fd88757752dbc00ba634762d91b76b
block,libcxx,libc++,arm64,B1,CANDIDATE,float,0.55,NA,2,0,true,7008,42530569,42524664,5905,42530569,2.26380779,5.322778051711465e-08,NA,NA,NA,NA,NA,NA,NA,NA,NA,NA,7d6e05fbbf3cd9f864b265ffa6122b0ea4fd88757752dbc00ba634762d91b76b
block,libcxx,libc++,arm64,B1,LEGACY,float,0.55,NA,2,1,true,7008,31725414,31544922,180492,0,2.29566033,7.236029553467766e-08,NA,NA,NA,NA,NA,NA,NA,NA,NA,NA,7d6e05fbbf3cd9f864b265ffa6122b0ea4fd88757752dbc00ba634762d91b76b
block,libcxx,libc++,arm64,B1,CANDIDATE,float,0.55,NA,3,0,true,7009,42530569,42524693,5876,42530569,2.26782788,5.332230271831068e-08,NA,NA,NA,NA,NA,NA,NA,NA,NA,NA,7d6e05fbbf3cd9f864b265ffa6122b0ea4fd88757752dbc00ba634762d91b76b
block,libcxx,libc++,arm64,B1,LEGACY,float,0.55,NA,3,1,true,7009,31725414,31546115,179299,0,2.30427521,7.263184045446972e-08,NA,NA,NA,NA,NA,NA,NA,NA,NA,NA,7d6e05fbbf3cd9f864b265ffa6122b0ea4fd88757752dbc00ba634762d91b76b
block,libcxx,libc++,arm64,B1,CANDIDATE,float,0.55,NA,4,0,true,7010,42530569,42524653,5916,42530569,2.26634808,5.3287509109036374e-08,NA,NA,NA,NA,NA,NA,NA,NA,NA,NA,7d6e05fbbf3cd9f864b265ffa6122b0ea4fd88757752dbc00ba634762d91b76b
block,libcxx,libc++,arm64,B1,LEGACY,float,0.55,NA,4,1,true,7010,31725414,31545388,180026,0,2.29639996,7.23836088632287e-08,NA,NA,NA,NA,NA,NA,NA,NA,NA,NA,7d6e05fbbf3cd9f864b265ffa6122b0ea4fd88757752dbc00ba634762d91b76b
block,libcxx,libc++,arm64,B1,CANDIDATE,float,0.55,NA,5,1,false,7006,42530569,42524635,5934,42530569,2.26710183,5.330523167935985e-08,NA,NA,NA,NA,NA,NA,NA,NA,NA,NA,7d6e05fbbf3cd9f864b265ffa6122b0ea4fd88757752dbc00ba634762d91b76b
block,libcxx,libc++,arm64,B1,LEGACY,float,0.55,NA,5,0,false,7006,31725414,31545487,179927,0,2.29287988,7.227265418821643e-08,NA,NA,NA,NA,NA,NA,NA,NA,NA,NA,7d6e05fbbf3cd9f864b265ffa6122b0ea4fd88757752dbc00ba634762d91b76b
block,libcxx,libc++,arm64,B1,CANDIDATE,float,0.55,NA,6,0,true,7007,42530569,42524591,5978,42530569,2.26717854,5.330703527620333e-08,NA,NA,NA,NA,NA,NA,NA,NA,NA,NA,7d6e05fbbf3cd9f864b265ffa6122b0ea4fd88757752dbc00ba634762d91b76b
block,libcxx,libc++,arm64,B1,LEGACY,float,0.55,NA,6,1,true,7007,31725414,31545933,179481,0,2.30179125,7.255354492773522e-08,NA,NA,NA,NA,NA,NA,NA,NA,NA,NA,7d6e05fbbf3cd9f864b265ffa6122b0ea4fd88757752dbc00ba634762d91b76b
block,libcxx,libc++,arm64,B1,CANDIDATE,float,0.55,NA,7,0,true,7008,42530569,42524664,5905,42530569,2.26226337,5.319146741253332e-08,NA,NA,NA,NA,NA,NA,NA,NA,NA,NA,7d6e05fbbf3cd9f864b265ffa6122b0ea4fd88757752dbc00ba634762d91b76b
block,libcxx,libc++,arm64,B1,LEGACY,float,0.55,NA,7,1,true,7008,31725414,31544922,180492,0,2.29496808,7.233847548845225e-08,NA,NA,NA,NA,NA,NA,NA,NA,NA,NA,7d6e05fbbf3cd9f864b265ffa6122b0ea4fd88757752dbc00ba634762d91b76b
block,libcxx,libc++,arm64,B1,CANDIDATE,float,0.55,NA,8,1,false,7009,42530569,42524693,5876,42530569,2.264488,5.324377390765687e-08,NA,NA,NA,NA,NA,NA,NA,NA,NA,NA,7d6e05fbbf3cd9f864b265ffa6122b0ea4fd88757752dbc00ba634762d91b76b
block,libcxx,libc++,arm64,B1,LEGACY,float,0.55,NA,8,0,false,7009,31725414,31546115,179299,0,2.29964246,7.248581402278943e-08,NA,NA,NA,NA,NA,NA,NA,NA,NA,NA,7d6e05fbbf3cd9f864b265ffa6122b0ea4fd88757752dbc00ba634762d91b76b
block,libcxx,libc++,arm64,B1,CANDIDATE,float,0.55,NA,9,0,true,7010,42530569,42524653,5916,42530569,2.26565558,5.3271226702845196e-08,NA,NA,NA,NA,NA,NA,NA,NA,NA,NA,7d6e05fbbf3cd9f864b265ffa6122b0ea4fd88757752dbc00ba634762d91b76b
block,libcxx,libc++,arm64,B1,LEGACY,float,0.55,NA,9,1,true,7010,31725414,31545388,180026,0,2.29442529,7.232136642881949e-08,NA,NA,NA,NA,NA,NA,NA,NA,NA,NA,7d6e05fbbf3cd9f864b265ffa6122b0ea4fd88757752dbc00ba634762d91b76b
block,libcxx,libc++,arm64,B2,CANDIDATE,double,0.75,NA,0,1,false,7006,27668687,27668687,0,27668687,2.27963637,8.239047899164858e-08,NA,NA,NA,NA,NA,NA,NA,NA,NA,NA,7d6e05fbbf3cd9f864b265ffa6122b0ea4fd88757752dbc00ba634762d91b76b
block,libcxx,libc++,arm64,B2,LEGACY,double,0.75,NA,0,0,false,7006,23423577,23423577,0,0,2.28808433,9.768295995099297e-08,NA,NA,NA,NA,NA,NA,NA,NA,NA,NA,7d6e05fbbf3cd9f864b265ffa6122b0ea4fd88757752dbc00ba634762d91b76b
block,libcxx,libc++,arm64,B2,CANDIDATE,double,0.75,NA,1,1,false,7007,27668687,27668687,0,27668687,2.28642467,8.263582102757532e-08,NA,NA,NA,NA,NA,NA,NA,NA,NA,NA,7d6e05fbbf3cd9f864b265ffa6122b0ea4fd88757752dbc00ba634762d91b76b
block,libcxx,libc++,arm64,B2,LEGACY,double,0.75,NA,1,0,false,7007,23423577,23423577,0,0,2.29015346,9.777129505028203e-08,NA,NA,NA,NA,NA,NA,NA,NA,NA,NA,7d6e05fbbf3cd9f864b265ffa6122b0ea4fd88757752dbc00ba634762d91b76b
block,libcxx,libc++,arm64,B2,CANDIDATE,double,0.75,NA,2,0,true,7008,27668687,27668687,0,27668687,2.2863935,8.263469459176e-08,NA,NA,NA,NA,NA,NA,NA,NA,NA,NA,7d6e05fbbf3cd9f864b265ffa6122b0ea4fd88757752dbc00ba634762d91b76b
block,libcxx,libc++,arm64,B2,LEGACY,double,0.75,NA,2,1,true,7008,23423577,23423577,0,0,2.28643137,9.761239177944512e-08,NA,NA,NA,NA,NA,NA,NA,NA,NA,NA,7d6e05fbbf3cd9f864b265ffa6122b0ea4fd88757752dbc00ba634762d91b76b
block,libcxx,libc++,arm64,B2,CANDIDATE,double,0.75,NA,3,1,false,7009,27668687,27668687,0,27668687,2.27845633,8.234783002171371e-08,NA,NA,NA,NA,NA,NA,NA,NA,NA,NA,7d6e05fbbf3cd9f864b265ffa6122b0ea4fd88757752dbc00ba634762d91b76b
block,libcxx,libc++,arm64,B2,LEGACY,double,0.75,NA,3,0,false,7009,23423577,23423577,0,0,2.28137367,9.739646796900404e-08,NA,NA,NA,NA,NA,NA,NA,NA,NA,NA,7d6e05fbbf3cd9f864b265ffa6122b0ea4fd88757752dbc00ba634762d91b76b
block,libcxx,libc++,arm64,B2,CANDIDATE,double,0.75,NA,4,1,false,7010,27668687,27668687,0,27668687,2.28571504,8.26101738040551e-08,NA,NA,NA,NA,NA,NA,NA,NA,NA,NA,7d6e05fbbf3cd9f864b265ffa6122b0ea4fd88757752dbc00ba634762d91b76b
block,libcxx,libc++,arm64,B2,LEGACY,double,0.75,NA,4,0,false,7010,23423577,23423577,0,0,2.28923137,9.773192945723021e-08,NA,NA,NA,NA,NA,NA,NA,NA,NA,NA,7d6e05fbbf3cd9f864b265ffa6122b0ea4fd88757752dbc00ba634762d91b76b
block,libcxx,libc++,arm64,B2,CANDIDATE,double,0.75,NA,5,0,true,7006,27668687,27668687,0,27668687,2.28191225,8.24727335272541e-08,NA,NA,NA,NA,NA,NA,NA,NA,NA,NA,7d6e05fbbf3cd9f864b265ffa6122b0ea4fd88757752dbc00ba634762d91b76b
block,libcxx,libc++,arm64,B2,LEGACY,double,0.75,NA,5,1,true,7006,23423577,23423577,0,0,2.29098546,9.780681481739531e-08,NA,NA,NA,NA,NA,NA,NA,NA,NA,NA,7d6e05fbbf3cd9f864b265ffa6122b0ea4fd88757752dbc00ba634762d91b76b
block,libcxx,libc++,arm64,B2,CANDIDATE,double,0.75,NA,6,1,false,7007,27668687,27668687,0,27668687,2.31818229,8.378360317567653e-08,NA,NA,NA,NA,NA,NA,NA,NA,NA,NA,7d6e05fbbf3cd9f864b265ffa6122b0ea4fd88757752dbc00ba634762d91b76b
block,libcxx,libc++,arm64,B2,LEGACY,double,0.75,NA,6,0,false,7007,23423577,23423577,0,0,2.28707804,9.763999930497379e-08,NA,NA,NA,NA,NA,NA,NA,NA,NA,NA,7d6e05fbbf3cd9f864b265ffa6122b0ea4fd88757752dbc00ba634762d91b76b
block,libcxx,libc++,arm64,B2,CANDIDATE,double,0.75,NA,7,0,true,7008,27668687,27668687,0,27668687,2.29325488,8.288267798902059e-08,NA,NA,NA,NA,NA,NA,NA,NA,NA,NA,7d6e05fbbf3cd9f864b265ffa6122b0ea4fd88757752dbc00ba634762d91b76b
block,libcxx,libc++,arm64,B2,LEGACY,double,0.75,NA,7,1,true,7008,23423577,23423577,0,0,2.31972213,9.903364140327501e-08,NA,NA,NA,NA,NA,NA,NA,NA,NA,NA,7d6e05fbbf3cd9f864b265ffa6122b0ea4fd88757752dbc00ba634762d91b76b
block,libcxx,libc++,arm64,B2,CANDIDATE,double,0.75,NA,8,0,true,7009,27668687,27668687,0,27668687,2.31396463,8.363116851189939e-08,NA,NA,NA,NA,NA,NA,NA,NA,NA,NA,7d6e05fbbf3cd9f864b265ffa6122b0ea4fd88757752dbc00ba634762d91b76b
block,libcxx,libc++,arm64,B2,LEGACY,double,0.75,NA,8,1,true,7009,23423577,23423577,0,0,2.46111225,1.0506987254764718e-07,NA,NA,NA,NA,NA,NA,NA,NA,NA,NA,7d6e05fbbf3cd9f864b265ffa6122b0ea4fd88757752dbc00ba634762d91b76b
block,libcxx,libc++,arm64,B2,CANDIDATE,double,0.75,NA,9,1,false,7010,27668687,27668687,0,27668687,2.301262,8.317207101298301e-08,NA,NA,NA,NA,NA,NA,NA,NA,NA,NA,7d6e05fbbf3cd9f864b265ffa6122b0ea4fd88757752dbc00ba634762d91b76b
block,libcxx,libc++,arm64,B2,LEGACY,double,0.75,NA,9,0,false,7010,23423577,23423577,0,0,2.31522867,9.8841806569509e-08,NA,NA,NA,NA,NA,NA,NA,NA,NA,NA,7d6e05fbbf3cd9f864b265ffa6122b0ea4fd88757752dbc00ba634762d91b76b
block,libcxx,libc++,arm64,B3,CANDIDATE,double,0.51,5,0,1,false,7006,1028597,1028597,0,28458308,2.30198592,2.237986223953599e-06,NA,NA,NA,NA,NA,NA,NA,NA,NA,NA,7d6e05fbbf3cd9f864b265ffa6122b0ea4fd88757752dbc00ba634762d91b76b
block,libcxx,libc++,arm64,B3,LEGACY,double,0.51,5,0,0,false,7006,1000000,1000000,0,0,2.46542871,2.4654287090000004e-06,NA,NA,NA,NA,NA,NA,NA,NA,NA,NA,7d6e05fbbf3cd9f864b265ffa6122b0ea4fd88757752dbc00ba634762d91b76b
block,libcxx,libc++,arm64,B3,CANDIDATE,double,0.51,5,1,1,false,7007,1028597,1028597,0,28379012,2.32994579,2.2651687609433047e-06,NA,NA,NA,NA,NA,NA,NA,NA,NA,NA,7d6e05fbbf3cd9f864b265ffa6122b0ea4fd88757752dbc00ba634762d91b76b
block,libcxx,libc++,arm64,B3,LEGACY,double,0.51,5,1,0,false,7007,1000000,1000000,0,0,2.45925708,2.4592570829999998e-06,NA,NA,NA,NA,NA,NA,NA,NA,NA,NA,7d6e05fbbf3cd9f864b265ffa6122b0ea4fd88757752dbc00ba634762d91b76b
block,libcxx,libc++,arm64,B3,CANDIDATE,double,0.51,5,2,1,false,7008,1028597,1028597,0,28398315,2.30330829,2.239271834353007e-06,NA,NA,NA,NA,NA,NA,NA,NA,NA,NA,7d6e05fbbf3cd9f864b265ffa6122b0ea4fd88757752dbc00ba634762d91b76b
block,libcxx,libc++,arm64,B3,LEGACY,double,0.51,5,2,0,false,7008,1000000,1000000,0,0,2.46245875,2.4624587500000002e-06,NA,NA,NA,NA,NA,NA,NA,NA,NA,NA,7d6e05fbbf3cd9f864b265ffa6122b0ea4fd88757752dbc00ba634762d91b76b
block,libcxx,libc++,arm64,B3,CANDIDATE,double,0.51,5,3,1,false,7009,1028597,1028597,0,28432803,2.33820504,2.273198386734552e-06,NA,NA,NA,NA,NA,NA,NA,NA,NA,NA,7d6e05fbbf3cd9f864b265ffa6122b0ea4fd88757752dbc00ba634762d91b76b
block,libcxx,libc++,arm64,B3,LEGACY,double,0.51,5,3,0,false,7009,1000000,1000000,0,0,2.49287037,2.4928703749999997e-06,NA,NA,NA,NA,NA,NA,NA,NA,NA,NA,7d6e05fbbf3cd9f864b265ffa6122b0ea4fd88757752dbc00ba634762d91b76b
block,libcxx,libc++,arm64,B3,CANDIDATE,double,0.51,5,4,1,false,7010,1028597,1028597,0,28431878,2.34458837,2.2794042516165223e-06,NA,NA,NA,NA,NA,NA,NA,NA,NA,NA,7d6e05fbbf3cd9f864b265ffa6122b0ea4fd88757752dbc00ba634762d91b76b
block,libcxx,libc++,arm64,B3,LEGACY,double,0.51,5,4,0,false,7010,1000000,1000000,0,0,2.513997,2.5139969999999997e-06,NA,NA,NA,NA,NA,NA,NA,NA,NA,NA,7d6e05fbbf3cd9f864b265ffa6122b0ea4fd88757752dbc00ba634762d91b76b
block,libcxx,libc++,arm64,B3,CANDIDATE,double,0.51,5,5,0,true,7006,1028597,1028597,0,28458308,2.35334617,2.287918559941357e-06,NA,NA,NA,NA,NA,NA,NA,NA,NA,NA,7d6e05fbbf3cd9f864b265ffa6122b0ea4fd88757752dbc00ba634762d91b76b
block,libcxx,libc++,arm64,B3,LEGACY,double,0.51,5,5,1,true,7006,1000000,1000000,0,0,2.51653433,2.516534334e-06,NA,NA,NA,NA,NA,NA,NA,NA,NA,NA,7d6e05fbbf3cd9f864b265ffa6122b0ea4fd88757752dbc00ba634762d91b76b
block,libcxx,libc++,arm64,B3,CANDIDATE,double,0.51,5,6,0,true,7007,1028597,1028597,0,28379012,2.28888562,2.225250146558856e-06,NA,NA,NA,NA,NA,NA,NA,NA,NA,NA,7d6e05fbbf3cd9f864b265ffa6122b0ea4fd88757752dbc00ba634762d91b76b
block,libcxx,libc++,arm64,B3,LEGACY,double,0.51,5,6,1,true,7007,1000000,1000000,0,0,2.44306183,2.443061833e-06,NA,NA,NA,NA,NA,NA,NA,NA,NA,NA,7d6e05fbbf3cd9f864b265ffa6122b0ea4fd88757752dbc00ba634762d91b76b
block,libcxx,libc++,arm64,B3,CANDIDATE,double,0.51,5,7,0,true,7008,1028597,1028597,0,28398315,2.28309871,2.2196241171226436e-06,NA,NA,NA,NA,NA,NA,NA,NA,NA,NA,7d6e05fbbf3cd9f864b265ffa6122b0ea4fd88757752dbc00ba634762d91b76b
block,libcxx,libc++,arm64,B3,LEGACY,double,0.51,5,7,1,true,7008,1000000,1000000,0,0,2.45335683,2.453356834e-06,NA,NA,NA,NA,NA,NA,NA,NA,NA,NA,7d6e05fbbf3cd9f864b265ffa6122b0ea4fd88757752dbc00ba634762d91b76b
block,libcxx,libc++,arm64,B3,CANDIDATE,double,0.51,5,8,1,false,7009,1028597,1028597,0,28432803,2.27677225,2.213473546977096e-06,NA,NA,NA,NA,NA,NA,NA,NA,NA,NA,7d6e05fbbf3cd9f864b265ffa6122b0ea4fd88757752dbc00ba634762d91b76b
block,libcxx,libc++,arm64,B3,LEGACY,double,0.51,5,8,0,false,7009,1000000,1000000,0,0,2.45390204,2.4539020420000003e-06,NA,NA,NA,NA,NA,NA,NA,NA,NA,NA,7d6e05fbbf3cd9f864b265ffa6122b0ea4fd88757752dbc00ba634762d91b76b
block,libcxx,libc++,arm64,B3,CANDIDATE,double,0.51,5,9,1,false,7010,1028597,1028597,0,28431878,2.27662912,2.213334401130861e-06,NA,NA,NA,NA,NA,NA,NA,NA,NA,NA,7d6e05fbbf3cd9f864b265ffa6122b0ea4fd88757752dbc00ba634762d91b76b
block,libcxx,libc++,arm64,B3,LEGACY,double,0.51,5,9,0,false,7010,1000000,1000000,0,0,2.44755242,2.4475524160000003e-06,NA,NA,NA,NA,NA,NA,NA,NA,NA,NA,7d6e05fbbf3cd9f864b265ffa6122b0ea4fd88757752dbc00ba634762d91b76b
block,libcxx,libc++,arm64,B4,CANDIDATE,double,0.51,20,0,0,true,7006,1757370,1757370,0,28223804,2.29661596,1.3068482778242486e-06,NA,NA,NA,NA,NA,NA,NA,NA,NA,NA,7d6e05fbbf3cd9f864b265ffa6122b0ea4fd88757752dbc00ba634762d91b76b
block,libcxx,libc++,arm64,B4,LEGACY,double,0.51,20,0,1,true,7006,1604070,1604070,0,0,2.29693696,1.4319430935058944e-06,NA,NA,NA,NA,NA,NA,NA,NA,NA,NA,7d6e05fbbf3cd9f864b265ffa6122b0ea4fd88757752dbc00ba634762d91b76b
block,libcxx,libc++,arm64,B4,CANDIDATE,double,0.51,20,1,1,false,7007,1757370,1757370,0,28158809,2.28422967,1.2998000796644986e-06,NA,NA,NA,NA,NA,NA,NA,NA,NA,NA,7d6e05fbbf3cd9f864b265ffa6122b0ea4fd88757752dbc00ba634762d91b76b
block,libcxx,libc++,arm64,B4,LEGACY,double,0.51,20,1,0,false,7007,1604070,1604070,0,0,2.29342604,1.4297543386510564e-06,NA,NA,NA,NA,NA,NA,NA,NA,NA,NA,7d6e05fbbf3cd9f864b265ffa6122b0ea4fd88757752dbc00ba634762d91b76b
block,libcxx,libc++,arm64,B4,CANDIDATE,double,0.51,20,2,1,false,7008,1757370,1757370,0,28158855,2.28949579,1.3027966745762133e-06,NA,NA,NA,NA,NA,NA,NA,NA,NA,NA,7d6e05fbbf3cd9f864b265ffa6122b0ea4fd88757752dbc00ba634762d91b76b
block,libcxx,libc++,arm64,B4,LEGACY,double,0.51,20,2,0,false,7008,1604070,1604070,0,0,2.29458275,1.4304754468321207e-06,NA,NA,NA,NA,NA,NA,NA,NA,NA,NA,7d6e05fbbf3cd9f864b265ffa6122b0ea4fd88757752dbc00ba634762d91b76b
block,libcxx,libc++,arm64,B4,CANDIDATE,double,0.51,20,3,0,true,7009,1757370,1757370,0,28190070,2.29168629,1.3040431394640856e-06,NA,NA,NA,NA,NA,NA,NA,NA,NA,NA,7d6e05fbbf3cd9f864b265ffa6122b0ea4fd88757752dbc00ba634762d91b76b
block,libcxx,libc++,arm64,B4,LEGACY,double,0.51,20,3,1,true,7009,1604070,1604070,0,0,2.29649625,1.43166834988498e-06,NA,NA,NA,NA,NA,NA,NA,NA,NA,NA,7d6e05fbbf3cd9f864b265ffa6122b0ea4fd88757752dbc00ba634762d91b76b
block,libcxx,libc++,arm64,B4,CANDIDATE,double,0.51,20,4,1,false,7010,1757370,1757370,0,28174701,2.28695825,1.3013527316387557e-06,NA,NA,NA,NA,NA,NA,NA,NA,NA,NA,7d6e05fbbf3cd9f864b265ffa6122b0ea4fd88757752dbc00ba634762d91b76b
block,libcxx,libc++,arm64,B4,LEGACY,double,0.51,20,4,0,false,7010,1604070,1604070,0,0,2.28988246,1.4275452181014544e-06,NA,NA,NA,NA,NA,NA,NA,NA,NA,NA,7d6e05fbbf3cd9f864b265ffa6122b0ea4fd88757752dbc00ba634762d91b76b
block,libcxx,libc++,arm64,B4,CANDIDATE,double,0.51,20,5,0,true,7006,1757370,1757370,0,28223804,2.29271825,1.3046303567262443e-06,NA,NA,NA,NA,NA,NA,NA,NA,NA,NA,7d6e05fbbf3cd9f864b265ffa6122b0ea4fd88757752dbc00ba634762d91b76b
block,libcxx,libc++,arm64,B4,LEGACY,double,0.51,20,5,1,true,7006,1604070,1604070,0,0,2.29505371,1.4307690487322874e-06,NA,NA,NA,NA,NA,NA,NA,NA,NA,NA,7d6e05fbbf3cd9f864b265ffa6122b0ea4fd88757752dbc00ba634762d91b76b
block,libcxx,libc++,arm64,B4,CANDIDATE,double,0.51,20,6,0,true,7007,1757370,1757370,0,28158809,2.28455154,1.299983237451419e-06,NA,NA,NA,NA,NA,NA,NA,NA,NA,NA,7d6e05fbbf3cd9f864b265ffa6122b0ea4fd88757752dbc00ba634762d91b76b
block,libcxx,libc++,arm64,B4,LEGACY,double,0.51,20,6,1,true,7007,1604070,1604070,0,0,2.29127929,1.4284160236149296e-06,NA,NA,NA,NA,NA,NA,NA,NA,NA,NA,7d6e05fbbf3cd9f864b265ffa6122b0ea4fd88757752dbc00ba634762d91b76b
block,libcxx,libc++,arm64,B4,CANDIDATE,double,0.51,20,7,0,true,7008,1757370,1757370,0,28158855,2.28262517,1.29888706817574e-06,NA,NA,NA,NA,NA,NA,NA,NA,NA,NA,7d6e05fbbf3cd9f864b265ffa6122b0ea4fd88757752dbc00ba634762d91b76b
block,libcxx,libc++,arm64,B4,LEGACY,double,0.51,20,7,1,true,7008,1604070,1604070,0,0,2.29205083,1.4288970144694432e-06,NA,NA,NA,NA,NA,NA,NA,NA,NA,NA,7d6e05fbbf3cd9f864b265ffa6122b0ea4fd88757752dbc00ba634762d91b76b
block,libcxx,libc++,arm64,B4,CANDIDATE,double,0.51,20,8,0,true,7009,1757370,1757370,0,28190070,2.28399621,1.2996672345607356e-06,NA,NA,NA,NA,NA,NA,NA,NA,NA,NA,7d6e05fbbf3cd9f864b265ffa6122b0ea4fd88757752dbc00ba634762d91b76b
block,libcxx,libc++,arm64,B4,LEGACY,double,0.51,20,8,1,true,7009,1604070,1604070,0,0,2.29282737,1.4293811211480794e-06,NA,NA,NA,NA,NA,NA,NA,NA,NA,NA,7d6e05fbbf3cd9f864b265ffa6122b0ea4fd88757752dbc00ba634762d91b76b
block,libcxx,libc++,arm64,B4,CANDIDATE,double,0.51,20,9,1,false,7010,1757370,1757370,0,28174701,2.28046712,1.2976590729328485e-06,NA,NA,NA,NA,NA,NA,NA,NA,NA,NA,7d6e05fbbf3cd9f864b265ffa6122b0ea4fd88757752dbc00ba634762d91b76b
block,libcxx,libc++,arm64,B4,LEGACY,double,0.51,20,9,0,false,7010,1604070,1604070,0,0,2.28650054,1.4254368836771463e-06,NA,NA,NA,NA,NA,NA,NA,NA,NA,NA,7d6e05fbbf3cd9f864b265ffa6122b0ea4fd88757752dbc00ba634762d91b76b
block,libstdcxx,libstdc++,arm64,B0,CANDIDATE,double,0.51,NA,0,0,true,7006,26856610,26856591,19,26856610,2.212427,8.237923550291716e-08,NA,NA,NA,NA,NA,NA,NA,NA,NA,NA,7d6e05fbbf3cd9f864b265ffa6122b0ea4fd88757752dbc00ba634762d91b76b
block,libstdcxx,libstdc++,arm64,B0,LEGACY,double,0.51,NA,0,1,true,7006,30763058,30745010,18048,0,2.206221,7.171656991967444e-08,NA,NA,NA,NA,NA,NA,NA,NA,NA,NA,7d6e05fbbf3cd9f864b265ffa6122b0ea4fd88757752dbc00ba634762d91b76b
block,libstdcxx,libstdc++,arm64,B0,CANDIDATE,double,0.51,NA,1,1,false,7007,26856610,26856595,15,26856610,2.213535,8.242049164060542e-08,NA,NA,NA,NA,NA,NA,NA,NA,NA,NA,7d6e05fbbf3cd9f864b265ffa6122b0ea4fd88757752dbc00ba634762d91b76b
block,libstdcxx,libstdc++,arm64,B0,LEGACY,double,0.51,NA,1,0,false,7007,30763058,30745201,17857,0,2.203824,7.163865178812848e-08,NA,NA,NA,NA,NA,NA,NA,NA,NA,NA,7d6e05fbbf3cd9f864b265ffa6122b0ea4fd88757752dbc00ba634762d91b76b
block,libstdcxx,libstdc++,arm64,B0,CANDIDATE,double,0.51,NA,2,1,false,7008,26856610,26856594,16,26856610,2.214907,8.247157776055877e-08,NA,NA,NA,NA,NA,NA,NA,NA,NA,NA,7d6e05fbbf3cd9f864b265ffa6122b0ea4fd88757752dbc00ba634762d91b76b
block,libstdcxx,libstdc++,arm64,B0,LEGACY,double,0.51,NA,2,0,false,7008,30763058,30745269,17789,0,2.206936,7.17398120824009e-08,NA,NA,NA,NA,NA,NA,NA,NA,NA,NA,7d6e05fbbf3cd9f864b265ffa6122b0ea4fd88757752dbc00ba634762d91b76b
block,libstdcxx,libstdc++,arm64,B0,CANDIDATE,double,0.51,NA,3,0,true,7009,26856610,26856594,16,26856610,2.213119,8.240500197158167e-08,NA,NA,NA,NA,NA,NA,NA,NA,NA,NA,7d6e05fbbf3cd9f864b265ffa6122b0ea4fd88757752dbc00ba634762d91b76b
block,libstdcxx,libstdc++,arm64,B0,LEGACY,double,0.51,NA,3,1,true,7009,30763058,30744916,18142,0,2.206583,7.17283372803835e-08,NA,NA,NA,NA,NA,NA,NA,NA,NA,NA,7d6e05fbbf3cd9f864b265ffa6122b0ea4fd88757752dbc00ba634762d91b76b
block,libstdcxx,libstdc++,arm64,B0,CANDIDATE,double,0.51,NA,4,1,false,7010,26856610,26856589,21,26856610,2.211545,8.23463944258043e-08,NA,NA,NA,NA,NA,NA,NA,NA,NA,NA,7d6e05fbbf3cd9f864b265ffa6122b0ea4fd88757752dbc00ba634762d91b76b
block,libstdcxx,libstdc++,arm64,B0,LEGACY,double,0.51,NA,4,0,false,7010,30763058,30745151,17907,0,2.204927,7.167450648111771e-08,NA,NA,NA,NA,NA,NA,NA,NA,NA,NA,7d6e05fbbf3cd9f864b265ffa6122b0ea4fd88757752dbc00ba634762d91b76b
block,libstdcxx,libstdc++,arm64,B0,CANDIDATE,double,0.51,NA,5,1,false,7006,26856610,26856591,19,26856610,2.210258,8.229847326226207e-08,NA,NA,NA,NA,NA,NA,NA,NA,NA,NA,7d6e05fbbf3cd9f864b265ffa6122b0ea4fd88757752dbc00ba634762d91b76b
block,libstdcxx,libstdc++,arm64,B0,LEGACY,double,0.51,NA,5,0,false,7006,30763058,30745010,18048,0,2.200551,7.153225794392742e-08,NA,NA,NA,NA,NA,NA,NA,NA,NA,NA,7d6e05fbbf3cd9f864b265ffa6122b0ea4fd88757752dbc00ba634762d91b76b
block,libstdcxx,libstdc++,arm64,B0,CANDIDATE,double,0.51,NA,6,0,true,7007,26856610,26856595,15,26856610,2.220008,8.266151238000626e-08,NA,NA,NA,NA,NA,NA,NA,NA,NA,NA,7d6e05fbbf3cd9f864b265ffa6122b0ea4fd88757752dbc00ba634762d91b76b
block,libstdcxx,libstdc++,arm64,B0,LEGACY,double,0.51,NA,6,1,true,7007,30763058,30745201,17857,0,2.202212,7.158625127579969e-08,NA,NA,NA,NA,NA,NA,NA,NA,NA,NA,7d6e05fbbf3cd9f864b265ffa6122b0ea4fd88757752dbc00ba634762d91b76b
block,libstdcxx,libstdc++,arm64,B0,CANDIDATE,double,0.51,NA,7,1,false,7008,26856610,26856594,16,26856610,2.212141,8.236858635546333e-08,NA,NA,NA,NA,NA,NA,NA,NA,NA,NA,7d6e05fbbf3cd9f864b265ffa6122b0ea4fd88757752dbc00ba634762d91b76b
block,libstdcxx,libstdc++,arm64,B0,LEGACY,double,0.51,NA,7,0,false,7008,30763058,30745269,17789,0,2.203202,7.161843273188252e-08,NA,NA,NA,NA,NA,NA,NA,NA,NA,NA,7d6e05fbbf3cd9f864b265ffa6122b0ea4fd88757752dbc00ba634762d91b76b
block,libstdcxx,libstdc++,arm64,B0,CANDIDATE,double,0.51,NA,8,1,false,7009,26856610,26856594,16,26856610,2.212975,8.239964016307346e-08,NA,NA,NA,NA,NA,NA,NA,NA,NA,NA,7d6e05fbbf3cd9f864b265ffa6122b0ea4fd88757752dbc00ba634762d91b76b
block,libstdcxx,libstdc++,arm64,B0,LEGACY,double,0.51,NA,8,0,false,7009,30763058,30744916,18142,0,2.195292,7.136130614843297e-08,NA,NA,NA,NA,NA,NA,NA,NA,NA,NA,7d6e05fbbf3cd9f864b265ffa6122b0ea4fd88757752dbc00ba634762d91b76b
block,libstdcxx,libstdc++,arm64,B0,CANDIDATE,double,0.51,NA,9,1,false,7010,26856610,26856589,21,26856610,2.218125,8.2591399286805e-08,NA,NA,NA,NA,NA,NA,NA,NA,NA,NA,7d6e05fbbf3cd9f864b265ffa6122b0ea4fd88757752dbc00ba634762d91b76b
block,libstdcxx,libstdc++,arm64,B0,LEGACY,double,0.51,NA,9,0,false,7010,30763058,30745151,17907,0,2.205704,7.169976404816452e-08,NA,NA,NA,NA,NA,NA,NA,NA,NA,NA,7d6e05fbbf3cd9f864b265ffa6122b0ea4fd88757752dbc00ba634762d91b76b
block,libstdcxx,libstdc++,arm64,B1,CANDIDATE,float,0.55,NA,0,0,true,7006,45329129,45322798,6331,45329129,2.201462,4.856616591949075e-08,NA,NA,NA,NA,NA,NA,NA,NA,NA,NA,7d6e05fbbf3cd9f864b265ffa6122b0ea4fd88757752dbc00ba634762d91b76b
block,libstdcxx,libstdc++,arm64,B1,LEGACY,float,0.55,NA,0,1,true,7006,46110666,45847368,263298,0,2.314385,5.019196643136753e-08,NA,NA,NA,NA,NA,NA,NA,NA,NA,NA,7d6e05fbbf3cd9f864b265ffa6122b0ea4fd88757752dbc00ba634762d91b76b
block,libstdcxx,libstdc++,arm64,B1,CANDIDATE,float,0.55,NA,1,1,false,7007,45329129,45322756,6373,45329129,2.199728,4.8527912371755476e-08,NA,NA,NA,NA,NA,NA,NA,NA,NA,NA,7d6e05fbbf3cd9f864b265ffa6122b0ea4fd88757752dbc00ba634762d91b76b
block,libstdcxx,libstdc++,arm64,B1,LEGACY,float,0.55,NA,1,0,false,7007,46110666,45847886,262780,0,2.316958,5.02477669700108e-08,NA,NA,NA,NA,NA,NA,NA,NA,NA,NA,7d6e05fbbf3cd9f864b265ffa6122b0ea4fd88757752dbc00ba634762d91b76b
block,libstdcxx,libstdc++,arm64,B1,CANDIDATE,float,0.55,NA,2,0,true,7008,45329129,45322839,6290,45329129,2.202781,4.85952642063782e-08,NA,NA,NA,NA,NA,NA,NA,NA,NA,NA,7d6e05fbbf3cd9f864b265ffa6122b0ea4fd88757752dbc00ba634762d91b76b
block,libstdcxx,libstdc++,arm64,B1,LEGACY,float,0.55,NA,2,1,true,7008,46110666,45847947,262719,0,2.320025,5.031428086508227e-08,NA,NA,NA,NA,NA,NA,NA,NA,NA,NA,7d6e05fbbf3cd9f864b265ffa6122b0ea4fd88757752dbc00ba634762d91b76b
block,libstdcxx,libstdc++,arm64,B1,CANDIDATE,float,0.55,NA,3,0,true,7009,45329129,45322913,6216,45329129,2.199194,4.8516131867435616e-08,NA,NA,NA,NA,NA,NA,NA,NA,NA,NA,7d6e05fbbf3cd9f864b265ffa6122b0ea4fd88757752dbc00ba634762d91b76b
block,libstdcxx,libstdc++,arm64,B1,LEGACY,float,0.55,NA,3,1,true,7009,46110666,45847155,263511,0,2.318621,5.028383237839158e-08,NA,NA,NA,NA,NA,NA,NA,NA,NA,NA,7d6e05fbbf3cd9f864b265ffa6122b0ea4fd88757752dbc00ba634762d91b76b
block,libstdcxx,libstdc++,arm64,B1,CANDIDATE,float,0.55,NA,4,0,true,7010,45329129,45322815,6314,45329129,2.203414,4.860922873677983e-08,NA,NA,NA,NA,NA,NA,NA,NA,NA,NA,7d6e05fbbf3cd9f864b265ffa6122b0ea4fd88757752dbc00ba634762d91b76b
block,libstdcxx,libstdc++,arm64,B1,LEGACY,float,0.55,NA,4,1,true,7010,46110666,45847145,263521,0,2.325596,5.043509889881009e-08,NA,NA,NA,NA,NA,NA,NA,NA,NA,NA,7d6e05fbbf3cd9f864b265ffa6122b0ea4fd88757752dbc00ba634762d91b76b
block,libstdcxx,libstdc++,arm64,B1,CANDIDATE,float,0.55,NA,5,1,false,7006,45329129,45322798,6331,45329129,2.201662,4.857057809339332e-08,NA,NA,NA,NA,NA,NA,NA,NA,NA,NA,7d6e05fbbf3cd9f864b265ffa6122b0ea4fd88757752dbc00ba634762d91b76b
block,libstdcxx,libstdc++,arm64,B1,LEGACY,float,0.55,NA,5,0,false,7006,46110666,45847368,263298,0,2.320686,5.032861594321799e-08,NA,NA,NA,NA,NA,NA,NA,NA,NA,NA,7d6e05fbbf3cd9f864b265ffa6122b0ea4fd88757752dbc00ba634762d91b76b
block,libstdcxx,libstdc++,arm64,B1,CANDIDATE,float,0.55,NA,6,0,true,7007,45329129,45322756,6373,45329129,2.204043,4.862310502370341e-08,NA,NA,NA,NA,NA,NA,NA,NA,NA,NA,7d6e05fbbf3cd9f864b265ffa6122b0ea4fd88757752dbc00ba634762d91b76b
block,libstdcxx,libstdc++,arm64,B1,LEGACY,float,0.55,NA,6,1,true,7007,46110666,45847886,262780,0,2.332462,5.058400154098837e-08,NA,NA,NA,NA,NA,NA,NA,NA,NA,NA,7d6e05fbbf3cd9f864b265ffa6122b0ea4fd88757752dbc00ba634762d91b76b
block,libstdcxx,libstdc++,arm64,B1,CANDIDATE,float,0.55,NA,7,0,true,7008,45329129,45322839,6290,45329129,2.208085,4.871227505827434e-08,NA,NA,NA,NA,NA,NA,NA,NA,NA,NA,7d6e05fbbf3cd9f864b265ffa6122b0ea4fd88757752dbc00ba634762d91b76b
block,libstdcxx,libstdc++,arm64,B1,LEGACY,float,0.55,NA,7,1,true,7008,46110666,45847947,262719,0,2.324879,5.041954935111976e-08,NA,NA,NA,NA,NA,NA,NA,NA,NA,NA,7d6e05fbbf3cd9f864b265ffa6122b0ea4fd88757752dbc00ba634762d91b76b
block,libstdcxx,libstdc++,arm64,B1,CANDIDATE,float,0.55,NA,8,1,false,7009,45329129,45322913,6216,45329129,2.210151,4.875785281468789e-08,NA,NA,NA,NA,NA,NA,NA,NA,NA,NA,7d6e05fbbf3cd9f864b265ffa6122b0ea4fd88757752dbc00ba634762d91b76b
block,libstdcxx,libstdc++,arm64,B1,LEGACY,float,0.55,NA,8,0,false,7009,46110666,45847155,263511,0,2.327481,5.0475978811496674e-08,NA,NA,NA,NA,NA,NA,NA,NA,NA,NA,7d6e05fbbf3cd9f864b265ffa6122b0ea4fd88757752dbc00ba634762d91b76b
block,libstdcxx,libstdc++,arm64,B1,CANDIDATE,float,0.55,NA,9,0,true,7010,45329129,45322815,6314,45329129,2.21299,4.882048362323485e-08,NA,NA,NA,NA,NA,NA,NA,NA,NA,NA,7d6e05fbbf3cd9f864b265ffa6122b0ea4fd88757752dbc00ba634762d91b76b
block,libstdcxx,libstdc++,arm64,B1,LEGACY,float,0.55,NA,9,1,true,7010,46110666,45847145,263521,0,2.34026,5.075311642646844e-08,NA,NA,NA,NA,NA,NA,NA,NA,NA,NA,7d6e05fbbf3cd9f864b265ffa6122b0ea4fd88757752dbc00ba634762d91b76b
block,libstdcxx,libstdc++,arm64,B2,CANDIDATE,double,0.75,NA,0,1,false,7006,27392366,27392366,0,27392366,2.296081,8.382193053349243e-08,NA,NA,NA,NA,NA,NA,NA,NA,NA,NA,7d6e05fbbf3cd9f864b265ffa6122b0ea4fd88757752dbc00ba634762d91b76b
block,libstdcxx,libstdc++,arm64,B2,LEGACY,double,0.75,NA,0,0,false,7006,32006680,32006680,0,0,2.30593,7.204527304925097e-08,NA,NA,NA,NA,NA,NA,NA,NA,NA,NA,7d6e05fbbf3cd9f864b265ffa6122b0ea4fd88757752dbc00ba634762d91b76b
block,libstdcxx,libstdc++,arm64,B2,CANDIDATE,double,0.75,NA,1,1,false,7007,27392366,27392366,0,27392366,2.291434,8.365228472779606e-08,NA,NA,NA,NA,NA,NA,NA,NA,NA,NA,7d6e05fbbf3cd9f864b265ffa6122b0ea4fd88757752dbc00ba634762d91b76b
block,libstdcxx,libstdc++,arm64,B2,LEGACY,double,0.75,NA,1,0,false,7007,32006680,32006680,0,0,2.297285,7.177517318259813e-08,NA,NA,NA,NA,NA,NA,NA,NA,NA,NA,7d6e05fbbf3cd9f864b265ffa6122b0ea4fd88757752dbc00ba634762d91b76b
block,libstdcxx,libstdc++,arm64,B2,CANDIDATE,double,0.75,NA,2,0,true,7008,27392366,27392366,0,27392366,2.292889,8.370540171666807e-08,NA,NA,NA,NA,NA,NA,NA,NA,NA,NA,7d6e05fbbf3cd9f864b265ffa6122b0ea4fd88757752dbc00ba634762d91b76b
block,libstdcxx,libstdc++,arm64,B2,LEGACY,double,0.75,NA,2,1,true,7008,32006680,32006680,0,0,2.312369,7.224644980360349e-08,NA,NA,NA,NA,NA,NA,NA,NA,NA,NA,7d6e05fbbf3cd9f864b265ffa6122b0ea4fd88757752dbc00ba634762d91b76b
block,libstdcxx,libstdc++,arm64,B2,CANDIDATE,double,0.75,NA,3,1,false,7009,27392366,27392366,0,27392366,2.291954,8.367126811900805e-08,NA,NA,NA,NA,NA,NA,NA,NA,NA,NA,7d6e05fbbf3cd9f864b265ffa6122b0ea4fd88757752dbc00ba634762d91b76b
block,libstdcxx,libstdc++,arm64,B2,LEGACY,double,0.75,NA,3,0,false,7009,32006680,32006680,0,0,2.300931,7.188908690310897e-08,NA,NA,NA,NA,NA,NA,NA,NA,NA,NA,7d6e05fbbf3cd9f864b265ffa6122b0ea4fd88757752dbc00ba634762d91b76b
block,libstdcxx,libstdc++,arm64,B2,CANDIDATE,double,0.75,NA,4,1,false,7010,27392366,27392366,0,27392366,2.293653,8.373329269914106e-08,NA,NA,NA,NA,NA,NA,NA,NA,NA,NA,7d6e05fbbf3cd9f864b265ffa6122b0ea4fd88757752dbc00ba634762d91b76b
block,libstdcxx,libstdc++,arm64,B2,LEGACY,double,0.75,NA,4,0,false,7010,32006680,32006680,0,0,2.308664,7.213069271789513e-08,NA,NA,NA,NA,NA,NA,NA,NA,NA,NA,7d6e05fbbf3cd9f864b265ffa6122b0ea4fd88757752dbc00ba634762d91b76b
block,libstdcxx,libstdc++,arm64,B2,CANDIDATE,double,0.75,NA,5,0,true,7006,27392366,27392366,0,27392366,2.29623,8.38273700052051e-08,NA,NA,NA,NA,NA,NA,NA,NA,NA,NA,7d6e05fbbf3cd9f864b265ffa6122b0ea4fd88757752dbc00ba634762d91b76b
block,libstdcxx,libstdc++,arm64,B2,LEGACY,double,0.75,NA,5,1,true,7006,32006680,32006680,0,0,2.304701,7.200687481488239e-08,NA,NA,NA,NA,NA,NA,NA,NA,NA,NA,7d6e05fbbf3cd9f864b265ffa6122b0ea4fd88757752dbc00ba634762d91b76b
block,libstdcxx,libstdc++,arm64,B2,CANDIDATE,double,0.75,NA,6,1,false,7007,27392366,27392366,0,27392366,2.296525,8.383813942906574e-08,NA,NA,NA,NA,NA,NA,NA,NA,NA,NA,7d6e05fbbf3cd9f864b265ffa6122b0ea4fd88757752dbc00ba634762d91b76b
block,libstdcxx,libstdc++,arm64,B2,LEGACY,double,0.75,NA,6,0,false,7007,32006680,32006680,0,0,2.304881,7.201249864090871e-08,NA,NA,NA,NA,NA,NA,NA,NA,NA,NA,7d6e05fbbf3cd9f864b265ffa6122b0ea4fd88757752dbc00ba634762d91b76b
block,libstdcxx,libstdc++,arm64,B2,CANDIDATE,double,0.75,NA,7,0,true,7008,27392366,27392366,0,27392366,2.3003,8.397595154796048e-08,NA,NA,NA,NA,NA,NA,NA,NA,NA,NA,7d6e05fbbf3cd9f864b265ffa6122b0ea4fd88757752dbc00ba634762d91b76b
block,libstdcxx,libstdc++,arm64,B2,LEGACY,double,0.75,NA,7,1,true,7008,32006680,32006680,0,0,2.305098,7.201927847561822e-08,NA,NA,NA,NA,NA,NA,NA,NA,NA,NA,7d6e05fbbf3cd9f864b265ffa6122b0ea4fd88757752dbc00ba634762d91b76b
block,libstdcxx,libstdc++,arm64,B2,CANDIDATE,double,0.75,NA,8,0,true,7009,27392366,27392366,0,27392366,2.300153,8.397058508929093e-08,NA,NA,NA,NA,NA,NA,NA,NA,NA,NA,7d6e05fbbf3cd9f864b265ffa6122b0ea4fd88757752dbc00ba634762d91b76b
block,libstdcxx,libstdc++,arm64,B2,LEGACY,double,0.75,NA,8,1,true,7009,32006680,32006680,0,0,2.304196,7.199109685853079e-08,NA,NA,NA,NA,NA,NA,NA,NA,NA,NA,7d6e05fbbf3cd9f864b265ffa6122b0ea4fd88757752dbc00ba634762d91b76b
block,libstdcxx,libstdc++,arm64,B2,CANDIDATE,double,0.75,NA,9,1,false,7010,27392366,27392366,0,27392366,2.296494,8.383700772689735e-08,NA,NA,NA,NA,NA,NA,NA,NA,NA,NA,7d6e05fbbf3cd9f864b265ffa6122b0ea4fd88757752dbc00ba634762d91b76b
block,libstdcxx,libstdc++,arm64,B2,LEGACY,double,0.75,NA,9,0,false,7010,32006680,32006680,0,0,2.303291,7.196282151100958e-08,NA,NA,NA,NA,NA,NA,NA,NA,NA,NA,7d6e05fbbf3cd9f864b265ffa6122b0ea4fd88757752dbc00ba634762d91b76b
block,libstdcxx,libstdc++,arm64,B3,CANDIDATE,double,0.51,5,0,1,false,7006,1064094,1064094,0,29434167,2.298125,2.1597011166306737e-06,NA,NA,NA,NA,NA,NA,NA,NA,NA,NA,7d6e05fbbf3cd9f864b265ffa6122b0ea4fd88757752dbc00ba634762d91b76b
block,libstdcxx,libstdc++,arm64,B3,LEGACY,double,0.51,5,0,0,false,7006,1215010,1215010,0,0,2.296657,1.8902371173899805e-06,NA,NA,NA,NA,NA,NA,NA,NA,NA,NA,7d6e05fbbf3cd9f864b265ffa6122b0ea4fd88757752dbc00ba634762d91b76b
block,libstdcxx,libstdc++,arm64,B3,CANDIDATE,double,0.51,5,1,1,false,7007,1064094,1064094,0,29365861,2.2821,2.144641356872607e-06,NA,NA,NA,NA,NA,NA,NA,NA,NA,NA,7d6e05fbbf3cd9f864b265ffa6122b0ea4fd88757752dbc00ba634762d91b76b
block,libstdcxx,libstdc++,arm64,B3,LEGACY,double,0.51,5,1,0,false,7007,1215010,1215010,0,0,2.304759,1.896905375264401e-06,NA,NA,NA,NA,NA,NA,NA,NA,NA,NA,7d6e05fbbf3cd9f864b265ffa6122b0ea4fd88757752dbc00ba634762d91b76b
block,libstdcxx,libstdc++,arm64,B3,CANDIDATE,double,0.51,5,2,1,false,7008,1064094,1064094,0,29381743,2.28942,2.15152044838144e-06,NA,NA,NA,NA,NA,NA,NA,NA,NA,NA,7d6e05fbbf3cd9f864b265ffa6122b0ea4fd88757752dbc00ba634762d91b76b
block,libstdcxx,libstdc++,arm64,B3,LEGACY,double,0.51,5,2,0,false,7008,1215010,1215010,0,0,2.302913,1.8953860462053812e-06,NA,NA,NA,NA,NA,NA,NA,NA,NA,NA,7d6e05fbbf3cd9f864b265ffa6122b0ea4fd88757752dbc00ba634762d91b76b
block,libstdcxx,libstdc++,arm64,B3,CANDIDATE,double,0.51,5,3,1,false,7009,1064094,1064094,0,29419286,2.296879,2.158530167447613e-06,NA,NA,NA,NA,NA,NA,NA,NA,NA,NA,7d6e05fbbf3cd9f864b265ffa6122b0ea4fd88757752dbc00ba634762d91b76b
block,libstdcxx,libstdc++,arm64,B3,LEGACY,double,0.51,5,3,0,false,7009,1215010,1215010,0,0,2.312016,1.9028781656118055e-06,NA,NA,NA,NA,NA,NA,NA,NA,NA,NA,7d6e05fbbf3cd9f864b265ffa6122b0ea4fd88757752dbc00ba634762d91b76b
block,libstdcxx,libstdc++,arm64,B3,CANDIDATE,double,0.51,5,4,1,false,7010,1064094,1064094,0,29406278,2.288503,2.150658682409637e-06,NA,NA,NA,NA,NA,NA,NA,NA,NA,NA,7d6e05fbbf3cd9f864b265ffa6122b0ea4fd88757752dbc00ba634762d91b76b
block,libstdcxx,libstdc++,arm64,B3,LEGACY,double,0.51,5,4,0,false,7010,1215010,1215010,0,0,2.300547,1.8934387371297356e-06,NA,NA,NA,NA,NA,NA,NA,NA,NA,NA,7d6e05fbbf3cd9f864b265ffa6122b0ea4fd88757752dbc00ba634762d91b76b
block,libstdcxx,libstdc++,arm64,B3,CANDIDATE,double,0.51,5,5,0,true,7006,1064094,1064094,0,29434167,2.290156,2.1522121165987217e-06,NA,NA,NA,NA,NA,NA,NA,NA,NA,NA,7d6e05fbbf3cd9f864b265ffa6122b0ea4fd88757752dbc00ba634762d91b76b
block,libstdcxx,libstdc++,arm64,B3,LEGACY,double,0.51,5,5,1,true,7006,1215010,1215010,0,0,2.304815,1.8969514654200377e-06,NA,NA,NA,NA,NA,NA,NA,NA,NA,NA,7d6e05fbbf3cd9f864b265ffa6122b0ea4fd88757752dbc00ba634762d91b76b
block,libstdcxx,libstdc++,arm64,B3,CANDIDATE,double,0.51,5,6,0,true,7007,1064094,1064094,0,29365861,2.291279,2.1532674744900354e-06,NA,NA,NA,NA,NA,NA,NA,NA,NA,NA,7d6e05fbbf3cd9f864b265ffa6122b0ea4fd88757752dbc00ba634762d91b76b
block,libstdcxx,libstdc++,arm64,B3,LEGACY,double,0.51,5,6,1,true,7007,1215010,1215010,0,0,2.310154,1.9013456679368892e-06,NA,NA,NA,NA,NA,NA,NA,NA,NA,NA,7d6e05fbbf3cd9f864b265ffa6122b0ea4fd88757752dbc00ba634762d91b76b
block,libstdcxx,libstdc++,arm64,B3,CANDIDATE,double,0.51,5,7,0,true,7008,1064094,1064094,0,29381743,2.286895,2.1491475377175325e-06,NA,NA,NA,NA,NA,NA,NA,NA,NA,NA,7d6e05fbbf3cd9f864b265ffa6122b0ea4fd88757752dbc00ba634762d91b76b
block,libstdcxx,libstdc++,arm64,B3,LEGACY,double,0.51,5,7,1,true,7008,1215010,1215010,0,0,2.309149,1.9005185142509116e-06,NA,NA,NA,NA,NA,NA,NA,NA,NA,NA,7d6e05fbbf3cd9f864b265ffa6122b0ea4fd88757752dbc00ba634762d91b76b
block,libstdcxx,libstdc++,arm64,B3,CANDIDATE,double,0.51,5,8,1,false,7009,1064094,1064094,0,29419286,2.295308,2.1570537941196925e-06,NA,NA,NA,NA,NA,NA,NA,NA,NA,NA,7d6e05fbbf3cd9f864b265ffa6122b0ea4fd88757752dbc00ba634762d91b76b
block,libstdcxx,libstdc++,arm64,B3,LEGACY,double,0.51,5,8,0,false,7009,1215010,1215010,0,0,2.306134,1.898037053192978e-06,NA,NA,NA,NA,NA,NA,NA,NA,NA,NA,7d6e05fbbf3cd9f864b265ffa6122b0ea4fd88757752dbc00ba634762d91b76b
block,libstdcxx,libstdc++,arm64,B3,CANDIDATE,double,0.51,5,9,1,false,7010,1064094,1064094,0,29406278,2.292675,2.154579388663032e-06,NA,NA,NA,NA,NA,NA,NA,NA,NA,NA,7d6e05fbbf3cd9f864b265ffa6122b0ea4fd88757752dbc00ba634762d91b76b
block,libstdcxx,libstdc++,arm64,B3,LEGACY,double,0.51,5,9,0,false,7010,1215010,1215010,0,0,2.304771,1.8969152517263233e-06,NA,NA,NA,NA,NA,NA,NA,NA,NA,NA,7d6e05fbbf3cd9f864b265ffa6122b0ea4fd88757752dbc00ba634762d91b76b
block,libstdcxx,libstdc++,arm64,B4,CANDIDATE,double,0.51,20,0,0,true,7006,1812751,1812751,0,29108542,2.30217,1.2699868873331195e-06,NA,NA,NA,NA,NA,NA,NA,NA,NA,NA,7d6e05fbbf3cd9f864b265ffa6122b0ea4fd88757752dbc00ba634762d91b76b
block,libstdcxx,libstdc++,arm64,B4,LEGACY,double,0.51,20,0,1,true,7006,2054315,2054315,0,0,2.29403,1.1166885312135673e-06,NA,NA,NA,NA,NA,NA,NA,NA,NA,NA,7d6e05fbbf3cd9f864b265ffa6122b0ea4fd88757752dbc00ba634762d91b76b
block,libstdcxx,libstdc++,arm64,B4,CANDIDATE,double,0.51,20,1,1,false,7007,1812751,1812751,0,29046305,2.300136,1.2688648358213567e-06,NA,NA,NA,NA,NA,NA,NA,NA,NA,NA,7d6e05fbbf3cd9f864b265ffa6122b0ea4fd88757752dbc00ba634762d91b76b
block,libstdcxx,libstdc++,arm64,B4,LEGACY,double,0.51,20,1,0,false,7007,2054315,2054315,0,0,2.293377,1.1163706637005522e-06,NA,NA,NA,NA,NA,NA,NA,NA,NA,NA,7d6e05fbbf3cd9f864b265ffa6122b0ea4fd88757752dbc00ba634762d91b76b
block,libstdcxx,libstdc++,arm64,B4,CANDIDATE,double,0.51,20,2,1,false,7008,1812751,1812751,0,29044052,2.294443,1.2657243052134572e-06,NA,NA,NA,NA,NA,NA,NA,NA,NA,NA,7d6e05fbbf3cd9f864b265ffa6122b0ea4fd88757752dbc00ba634762d91b76b
block,libstdcxx,libstdc++,arm64,B4,LEGACY,double,0.51,20,2,0,false,7008,2054315,2054315,0,0,2.295194,1.1172551434419745e-06,NA,NA,NA,NA,NA,NA,NA,NA,NA,NA,7d6e05fbbf3cd9f864b265ffa6122b0ea4fd88757752dbc00ba634762d91b76b
block,libstdcxx,libstdc++,arm64,B4,CANDIDATE,double,0.51,20,3,0,true,7009,1812751,1812751,0,29076696,2.298131,1.2677587820941762e-06,NA,NA,NA,NA,NA,NA,NA,NA,NA,NA,7d6e05fbbf3cd9f864b265ffa6122b0ea4fd88757752dbc00ba634762d91b76b
block,libstdcxx,libstdc++,arm64,B4,LEGACY,double,0.51,20,3,1,true,7009,2054315,2054315,0,0,2.297304,1.1182822498010285e-06,NA,NA,NA,NA,NA,NA,NA,NA,NA,NA,7d6e05fbbf3cd9f864b265ffa6122b0ea4fd88757752dbc00ba634762d91b76b
block,libstdcxx,libstdc++,arm64,B4,CANDIDATE,double,0.51,20,4,1,false,7010,1812751,1812751,0,29056477,2.296599,1.2669136577500165e-06,NA,NA,NA,NA,NA,NA,NA,NA,NA,NA,7d6e05fbbf3cd9f864b265ffa6122b0ea4fd88757752dbc00ba634762d91b76b
block,libstdcxx,libstdc++,arm64,B4,LEGACY,double,0.51,20,4,0,false,7010,2054315,2054315,0,0,2.296728,1.1180018643684148e-06,NA,NA,NA,NA,NA,NA,NA,NA,NA,NA,7d6e05fbbf3cd9f864b265ffa6122b0ea4fd88757752dbc00ba634762d91b76b
block,libstdcxx,libstdc++,arm64,B4,CANDIDATE,double,0.51,20,5,0,true,7006,1812751,1812751,0,29108542,2.301652,1.2697011338016086e-06,NA,NA,NA,NA,NA,NA,NA,NA,NA,NA,7d6e05fbbf3cd9f864b265ffa6122b0ea4fd88757752dbc00ba634762d91b76b
block,libstdcxx,libstdc++,arm64,B4,LEGACY,double,0.51,20,5,1,true,7006,2054315,2054315,0,0,2.295184,1.117250275639325e-06,NA,NA,NA,NA,NA,NA,NA,NA,NA,NA,7d6e05fbbf3cd9f864b265ffa6122b0ea4fd88757752dbc00ba634762d91b76b
block,libstdcxx,libstdc++,arm64,B4,CANDIDATE,double,0.51,20,6,0,true,7007,1812751,1812751,0,29046305,2.302652,1.2702527815458385e-06,NA,NA,NA,NA,NA,NA,NA,NA,NA,NA,7d6e05fbbf3cd9f864b265ffa6122b0ea4fd88757752dbc00ba634762d91b76b
block,libstdcxx,libstdc++,arm64,B4,LEGACY,double,0.51,20,6,1,true,7007,2054315,2054315,0,0,2.301216,1.1201865341975306e-06,NA,NA,NA,NA,NA,NA,NA,NA,NA,NA,7d6e05fbbf3cd9f864b265ffa6122b0ea4fd88757752dbc00ba634762d91b76b
block,libstdcxx,libstdc++,arm64,B4,CANDIDATE,double,0.51,20,7,0,true,7008,1812751,1812751,0,29044052,2.300642,1.2691439695799368e-06,NA,NA,NA,NA,NA,NA,NA,NA,NA,NA,7d6e05fbbf3cd9f864b265ffa6122b0ea4fd88757752dbc00ba634762d91b76b
block,libstdcxx,libstdc++,arm64,B4,LEGACY,double,0.51,20,7,1,true,7008,2054315,2054315,0,0,2.304823,1.1219423506132215e-06,NA,NA,NA,NA,NA,NA,NA,NA,NA,NA,7d6e05fbbf3cd9f864b265ffa6122b0ea4fd88757752dbc00ba634762d91b76b
block,libstdcxx,libstdc++,arm64,B4,CANDIDATE,double,0.51,20,8,0,true,7009,1812751,1812751,0,29076696,2.305996,1.2720974916025421e-06,NA,NA,NA,NA,NA,NA,NA,NA,NA,NA,7d6e05fbbf3cd9f864b265ffa6122b0ea4fd88757752dbc00ba634762d91b76b
block,libstdcxx,libstdc++,arm64,B4,LEGACY,double,0.51,20,8,1,true,7009,2054315,2054315,0,0,2.293588,1.1164733743364578e-06,NA,NA,NA,NA,NA,NA,NA,NA,NA,NA,7d6e05fbbf3cd9f864b265ffa6122b0ea4fd88757752dbc00ba634762d91b76b
block,libstdcxx,libstdc++,arm64,B4,CANDIDATE,double,0.51,20,9,1,false,7010,1812751,1812751,0,29056477,2.300267,1.2689371016758506e-06,NA,NA,NA,NA,NA,NA,NA,NA,NA,NA,7d6e05fbbf3cd9f864b265ffa6122b0ea4fd88757752dbc00ba634762d91b76b
block,libstdcxx,libstdc++,arm64,B4,LEGACY,double,0.51,20,9,0,false,7010,2054315,2054315,0,0,2.29693,1.1181001939819358e-06,NA,NA,NA,NA,NA,NA,NA,NA,NA,NA,7d6e05fbbf3cd9f864b265ffa6122b0ea4fd88757752dbc00ba634762d91b76b
case_ratio,libcxx,libc++,arm64,B0,CANDIDATE/LEGACY,double,0.51,NA,NA,NA,NA,NA,NA,NA,NA,NA,NA,NA,0.8968046420090129,0.8957321065126229,0.907950569579586,0.99,cluster_over_seeds,10000,2729431504,5,2.0,NA,7d6e05fbbf3cd9f864b265ffa6122b0ea4fd88757752dbc00ba634762d91b76b
case_ratio,libcxx,libc++,arm64,B1,CANDIDATE/LEGACY,float,0.55,NA,NA,NA,NA,NA,NA,NA,NA,NA,NA,NA,0.7354536885228828,0.7337268266079136,0.7375151197964718,0.99,cluster_over_seeds,10000,1305535751,5,2.0,NA,7d6e05fbbf3cd9f864b265ffa6122b0ea4fd88757752dbc00ba634762d91b76b
case_ratio,libcxx,libc++,arm64,B2,CANDIDATE/LEGACY,double,0.75,NA,NA,NA,NA,NA,NA,NA,NA,NA,NA,NA,0.8443214646009878,0.8187120834868671,0.8523231788425514,0.99,cluster_over_seeds,10000,785792332,5,2.0,NA,7d6e05fbbf3cd9f864b265ffa6122b0ea4fd88757752dbc00ba634762d91b76b
case_ratio,libcxx,libc++,arm64,B3,CANDIDATE/LEGACY,double,0.51,5,NA,NA,NA,NA,NA,NA,NA,NA,NA,NA,0.9084509030151763,0.9043052098341091,0.9159616328359409,0.99,cluster_over_seeds,10000,3876052505,5,2.0,NA,7d6e05fbbf3cd9f864b265ffa6122b0ea4fd88757752dbc00ba634762d91b76b
case_ratio,libcxx,libc++,arm64,B4,CANDIDATE/LEGACY,double,0.51,20,NA,NA,NA,NA,NA,NA,NA,NA,NA,NA,0.910551332357662,0.9091072812486326,0.9122391754490922,0.99,cluster_over_seeds,10000,2135273376,5,2.0,NA,7d6e05fbbf3cd9f864b265ffa6122b0ea4fd88757752dbc00ba634762d91b76b
case_ratio,libstdcxx,libstdc++,arm64,B0,CANDIDATE/LEGACY,double,0.51,NA,NA,NA,NA,NA,NA,NA,NA,NA,NA,NA,1.1503031386194944,1.1487858143247007,1.154682342720585,0.99,cluster_over_seeds,10000,2089074580,5,2.0,NA,7d6e05fbbf3cd9f864b265ffa6122b0ea4fd88757752dbc00ba634762d91b76b
case_ratio,libstdcxx,libstdc++,arm64,B1,CANDIDATE/LEGACY,float,0.55,NA,NA,NA,NA,NA,NA,NA,NA,NA,NA,NA,0.9654206693377316,0.961920903792507,0.9667849319943995,0.99,cluster_over_seeds,10000,2038871357,5,2.0,NA,7d6e05fbbf3cd9f864b265ffa6122b0ea4fd88757752dbc00ba634762d91b76b
case_ratio,libstdcxx,libstdc++,arm64,B2,CANDIDATE/LEGACY,double,0.75,NA,NA,NA,NA,NA,NA,NA,NA,NA,NA,NA,1.1641871870860743,1.1608552412857585,1.1660204507101544,0.99,cluster_over_seeds,10000,3114088719,5,2.0,NA,7d6e05fbbf3cd9f864b265ffa6122b0ea4fd88757752dbc00ba634762d91b76b
case_ratio,libstdcxx,libstdc++,arm64,B3,CANDIDATE/LEGACY,double,0.51,5,NA,NA,NA,NA,NA,NA,NA,NA,NA,NA,1.1348496803344919,1.1308216792429502,1.1391944478127396,0.99,cluster_over_seeds,10000,3496917957,5,2.0,NA,7d6e05fbbf3cd9f864b265ffa6122b0ea4fd88757752dbc00ba634762d91b76b
case_ratio,libstdcxx,libstdc++,arm64,B4,CANDIDATE/LEGACY,double,0.51,20,NA,NA,NA,NA,NA,NA,NA,NA,NA,NA,1.1344350261451286,1.132044953771008,1.1379935816442128,0.99,cluster_over_seeds,10000,1041847546,5,2.0,NA,7d6e05fbbf3cd9f864b265ffa6122b0ea4fd88757752dbc00ba634762d91b76b
overall_ratio,libcxx,NA,NA,B0-B4,CANDIDATE/LEGACY,NA,NA,NA,NA,NA,NA,NA,NA,NA,NA,NA,NA,NA,0.8968046420090129,0.845195115653088,0.9090137742768141,0.99,cluster_over_seeds,10000,4091096297,5,2.0,NA,7d6e05fbbf3cd9f864b265ffa6122b0ea4fd88757752dbc00ba634762d91b76b
reproducibility,libcxx,libc++,arm64,B0,CANDIDATE,double,0.51,NA,NA,NA,NA,7006,NA,NA,NA,NA,NA,NA,NA,NA,NA,NA,NA,NA,NA,NA,NA,true,7d6e05fbbf3cd9f864b265ffa6122b0ea4fd88757752dbc00ba634762d91b76b
reproducibility,libcxx,libc++,arm64,B0,LEGACY,double,0.51,NA,NA,NA,NA,7006,NA,NA,NA,NA,NA,NA,NA,NA,NA,NA,NA,NA,NA,NA,NA,true,7d6e05fbbf3cd9f864b265ffa6122b0ea4fd88757752dbc00ba634762d91b76b
reproducibility,libcxx,libc++,arm64,B1,CANDIDATE,float,0.55,NA,NA,NA,NA,7006,NA,NA,NA,NA,NA,NA,NA,NA,NA,NA,NA,NA,NA,NA,NA,true,7d6e05fbbf3cd9f864b265ffa6122b0ea4fd88757752dbc00ba634762d91b76b
reproducibility,libcxx,libc++,arm64,B1,LEGACY,float,0.55,NA,NA,NA,NA,7006,NA,NA,NA,NA,NA,NA,NA,NA,NA,NA,NA,NA,NA,NA,NA,true,7d6e05fbbf3cd9f864b265ffa6122b0ea4fd88757752dbc00ba634762d91b76b
reproducibility,libcxx,libc++,arm64,B2,CANDIDATE,double,0.75,NA,NA,NA,NA,7006,NA,NA,NA,NA,NA,NA,NA,NA,NA,NA,NA,NA,NA,NA,NA,true,7d6e05fbbf3cd9f864b265ffa6122b0ea4fd88757752dbc00ba634762d91b76b
reproducibility,libcxx,libc++,arm64,B2,LEGACY,double,0.75,NA,NA,NA,NA,7006,NA,NA,NA,NA,NA,NA,NA,NA,NA,NA,NA,NA,NA,NA,NA,true,7d6e05fbbf3cd9f864b265ffa6122b0ea4fd88757752dbc00ba634762d91b76b
reproducibility,libcxx,libc++,arm64,B3,CANDIDATE,double,0.51,5,NA,NA,NA,7006,NA,NA,NA,NA,NA,NA,NA,NA,NA,NA,NA,NA,NA,NA,NA,true,7d6e05fbbf3cd9f864b265ffa6122b0ea4fd88757752dbc00ba634762d91b76b
reproducibility,libcxx,libc++,arm64,B3,LEGACY,double,0.51,5,NA,NA,NA,7006,NA,NA,NA,NA,NA,NA,NA,NA,NA,NA,NA,NA,NA,NA,NA,true,7d6e05fbbf3cd9f864b265ffa6122b0ea4fd88757752dbc00ba634762d91b76b
reproducibility,libcxx,libc++,arm64,B4,CANDIDATE,double,0.51,20,NA,NA,NA,7006,NA,NA,NA,NA,NA,NA,NA,NA,NA,NA,NA,NA,NA,NA,NA,true,7d6e05fbbf3cd9f864b265ffa6122b0ea4fd88757752dbc00ba634762d91b76b
reproducibility,libcxx,libc++,arm64,B4,LEGACY,double,0.51,20,NA,NA,NA,7006,NA,NA,NA,NA,NA,NA,NA,NA,NA,NA,NA,NA,NA,NA,NA,true,7d6e05fbbf3cd9f864b265ffa6122b0ea4fd88757752dbc00ba634762d91b76b
reproducibility,libstdcxx,libstdc++,arm64,B0,CANDIDATE,double,0.51,NA,NA,NA,NA,7006,NA,NA,NA,NA,NA,NA,NA,NA,NA,NA,NA,NA,NA,NA,NA,true,7d6e05fbbf3cd9f864b265ffa6122b0ea4fd88757752dbc00ba634762d91b76b
reproducibility,libstdcxx,libstdc++,arm64,B0,LEGACY,double,0.51,NA,NA,NA,NA,7006,NA,NA,NA,NA,NA,NA,NA,NA,NA,NA,NA,NA,NA,NA,NA,true,7d6e05fbbf3cd9f864b265ffa6122b0ea4fd88757752dbc00ba634762d91b76b
reproducibility,libstdcxx,libstdc++,arm64,B1,CANDIDATE,float,0.55,NA,NA,NA,NA,7006,NA,NA,NA,NA,NA,NA,NA,NA,NA,NA,NA,NA,NA,NA,NA,true,7d6e05fbbf3cd9f864b265ffa6122b0ea4fd88757752dbc00ba634762d91b76b
reproducibility,libstdcxx,libstdc++,arm64,B1,LEGACY,float,0.55,NA,NA,NA,NA,7006,NA,NA,NA,NA,NA,NA,NA,NA,NA,NA,NA,NA,NA,NA,NA,true,7d6e05fbbf3cd9f864b265ffa6122b0ea4fd88757752dbc00ba634762d91b76b
reproducibility,libstdcxx,libstdc++,arm64,B2,CANDIDATE,double,0.75,NA,NA,NA,NA,7006,NA,NA,NA,NA,NA,NA,NA,NA,NA,NA,NA,NA,NA,NA,NA,true,7d6e05fbbf3cd9f864b265ffa6122b0ea4fd88757752dbc00ba634762d91b76b
reproducibility,libstdcxx,libstdc++,arm64,B2,LEGACY,double,0.75,NA,NA,NA,NA,7006,NA,NA,NA,NA,NA,NA,NA,NA,NA,NA,NA,NA,NA,NA,NA,true,7d6e05fbbf3cd9f864b265ffa6122b0ea4fd88757752dbc00ba634762d91b76b
reproducibility,libstdcxx,libstdc++,arm64,B3,CANDIDATE,double,0.51,5,NA,NA,NA,7006,NA,NA,NA,NA,NA,NA,NA,NA,NA,NA,NA,NA,NA,NA,NA,true,7d6e05fbbf3cd9f864b265ffa6122b0ea4fd88757752dbc00ba634762d91b76b
reproducibility,libstdcxx,libstdc++,arm64,B3,LEGACY,double,0.51,5,NA,NA,NA,7006,NA,NA,NA,NA,NA,NA,NA,NA,NA,NA,NA,NA,NA,NA,NA,true,7d6e05fbbf3cd9f864b265ffa6122b0ea4fd88757752dbc00ba634762d91b76b
reproducibility,libstdcxx,libstdc++,arm64,B4,CANDIDATE,double,0.51,20,NA,NA,NA,7006,NA,NA,NA,NA,NA,NA,NA,NA,NA,NA,NA,NA,NA,NA,NA,true,7d6e05fbbf3cd9f864b265ffa6122b0ea4fd88757752dbc00ba634762d91b76b
reproducibility,libstdcxx,libstdc++,arm64,B4,LEGACY,double,0.51,20,NA,NA,NA,7006,NA,NA,NA,NA,NA,NA,NA,NA,NA,NA,NA,NA,NA,NA,NA,true,7d6e05fbbf3cd9f864b265ffa6122b0ea4fd88757752dbc00ba634762d91b76b
