precision,grid_index,shape_a,kappa,working_shape_a,log2_zero_threshold,y_factor,x2_zero_rate,x2_zero_log10,protocol_sha256
double,0,9.999999999998899e-05,0.5001,9.999999999998899e-05,-1075,1.0000796556458056,0.9282690446255584,-0.03232613190417944,8fa713c11bebc4a76f9d1a412633a7fdb72f7be1ddce397112801c1b400f3596
double,1,0.00010374334756291237,0.5001037433475629,0.00010374334756291237,-1075,1.0000826372659397,0.9256861981294284,-0.03353621150125945,8fa713c11bebc4a76f9d1a412633a7fdb72f7be1ddce397112801c1b400f3596
double,2,0.0001076268216355647,0.5001076268216356,0.0001076268216355647,-1075,1.0000857304857007,0.9230142615893024,-0.034791588593061945,8fa713c11bebc4a76f9d1a412633a7fdb72f7be1ddce397112801c1b400f3596
double,3,0.00011165566764037571,0.5001116556676404,0.00011165566764037571,-1075,1.0000889394816745,0.9202504556986646,-0.036093958823032804,8fa713c11bebc4a76f9d1a412633a7fdb72f7be1ddce397112801c1b400f3596
double,4,0.0001158353273538193,0.5001158353273538,0.0001158353273538193,-1075,1.000092268586719,0.9173919368164023,-0.03744508130838777,8fa713c11bebc4a76f9d1a412633a7fdb72f7be1ddce397112801c1b400f3596
double,5,0.00012017144625731113,0.5001201714462573,0.00012017144625731113,-1075,1.0000957222958053,0.9144357972866153,-0.038846781016382934,8fa713c11bebc4a76f9d1a412633a7fdb72f7be1ddce397112801c1b400f3596
double,6,0.00012466988116210942,0.5001246698811621,0.00012466988116210942,-1075,1.0000993052720808,0.9113790659462273,-0.04030095122915847,8fa713c11bebc4a76f9d1a412633a7fdb72f7be1ddce397112801c1b400f3596
double,7,0.00012933670812020903,0.5001293367081202,0.00012933670812020903,-1075,1.0001030223531573,0.9082187088360106,-0.04180955610103455,8fa713c11bebc4a76f9d1a412633a7fdb72f7be1ddce397112801c1b400f3596
double,8,0.00013417823063166523,0.5001341782306317,0.00013417823063166523,-1075,1.0001068785576361,0.9049516301329799,-0.043374633311631376,8fa713c11bebc4a76f9d1a412633a7fdb72f7be1ddce397112801c1b400f3596
double,9,0.00013920098815789483,0.5001392009881579,0.00013920098815789483,-1075,1.0001108790918756,0.9015746733239953,-0.04499829681790087,8fa713c11bebc4a76f9d1a412633a7fdb72f7be1ddce397112801c1b400f3596
double,10,0.00014441176495572083,0.5001444117649557,0.00014441176495572083,-1075,1.000115029357009,0.8980846226382256,-0.04668273970984463,8fa713c11bebc4a76f9d1a412633a7fdb72f7be1ddce397112801c1b400f3596
double,11,0.00014981759923970994,0.5001498175992397,0.00014981759923970994,-1075,1.0001193349562305,0.8944782047623693,-0.048430237172354056,8fa713c11bebc4a76f9d1a412633a7fdb72f7be1ddce397112801c1b400f3596
double,12,0.0001554257926896785,0.5001554257926897,0.0001554257926896785,-1075,1.0001238017023457,0.8907520908576201,-0.05024314955863515,8fa713c11bebc4a76f9d1a412633a7fdb72f7be1ddce397112801c1b400f3596
double,13,0.00016124392031247048,0.5001612439203125,0.00016124392031247048,-1075,1.00012843562561,0.8869028989040324,-0.052123925578153325,8fa713c11bebc4a76f9d1a412633a7fdb72f7be1ddce397112801c1b400f3596
double,14,0.000167279840673773,0.5001672798406738,0.000167279840673773,-1075,1.0001332429818577,0.8829271963948843,-0.05407510560419938,8fa713c11bebc4a76f9d1a412633a7fdb72f7be1ddce397112801c1b400f3596
double,15,0.00017354170651295853,0.500173541706513,0.00017354170651295853,-1075,1.0001382302609334,0.8788215034069493,-0.056099325105275454,8fa713c11bebc4a76f9d1a412633a7fdb72f7be1ddce397112801c1b400f3596
double,16,0.00018003797575427694,0.5001800379757543,0.00018003797575427694,-1075,1.0001434041954402,0.8745822960737981,-0.058199318204604826,8fa713c11bebc4a76f9d1a412633a7fdb72f7be1ddce397112801c1b400f3596
double,17,0.00018677742293204957,0.500186777422932,0.00018677742293204957,-1075,1.0001487717698119,0.8702060104878271,-0.06037792137347635,8fa713c11bebc4a76f9d1a412633a7fdb72f7be1ddce397112801c1b400f3596
double,18,0.0001937691510414119,0.5001937691510414,0.0001937691510414119,-1075,1.0001543402297264,0.8656890470621474,-0.06263807726215136,8fa713c11bebc4a76f9d1a412633a7fdb72f7be1ddce397112801c1b400f3596
double,19,0.0002010226038345886,0.5002010226038346,0.0002010226038345886,-1075,1.0001601170918684,0.8610277753793076,-0.06498283867479773,8fa713c11bebc4a76f9d1a412633a7fdb72f7be1ddce397112801c1b400f3596
double,20,0.00020854757857613482,0.5002085475785761,0.00020854757857613482,-1075,1.0001661101540567,0.8562185395594525,-0.0674153726927907,8fa713c11bebc4a76f9d1a412633a7fdb72f7be1ddce397112801c1b400f3596
double,21,0.00021635423927623965,0.5002163542392762,0.00021635423927623965,-1075,1.0001723275057517,0.8512576641780977,-0.06993896495255379,8fa713c11bebc4a76f9d1a412633a7fdb72f7be1ddce397112801c1b400f3596
double,22,0.00022445313041952186,0.5002244531304195,0.00022445313041952186,-1075,1.0001787775389501,0.8461414607659846,-0.07255702408357764,8fa713c11bebc4a76f9d1a412633a7fdb72f7be1ddce397112801c1b400f3596
double,23,0.00023285519120697096,0.500232855191207,0.00023285519120697096,-1075,1.0001854689594887,0.8408662349244208,-0.07527308631231938,8fa713c11bebc4a76f9d1a412633a7fdb72f7be1ddce397112801c1b400f3596
double,24,0.0002415717703321274,0.5002415717703321,0.0002415717703321274,-1075,1.0001924107987734,0.8354282940882976,-0.07809082023880194,8fa713c11bebc4a76f9d1a412633a7fdb72f7be1ddce397112801c1b400f3596
double,25,0.00025061464130948785,0.5002506146413095,0.00025061464130948785,-1075,1.0001996124259374,0.8298239559717571,-0.08101403179173258,8fa713c11bebc4a76f9d1a412633a7fdb72f7be1ddce397112801c1b400f3596
double,26,0.00025999601837722874,0.5002599960183772,0.00025999601837722874,-1075,1.0002070835604582,0.8240495577295612,-0.08404666936927614,8fa713c11bebc4a76f9d1a412633a7fdb72f7be1ddce397112801c1b400f3596
double,27,0.0002697285729948984,0.5002697285729949,0.0002697285729948984,-1075,1.0002148342852444,0.8181014658685466,-0.08719282917216245,8fa713c11bebc4a76f9d1a412633a7fdb72f7be1ddce397112801c1b400f3596
double,28,0.0002798254509585041,0.5002798254509585,0.0002798254509585041,-1075,1.0002228750602098,0.8119760869426617,-0.09045676073637633,8fa713c11bebc4a76f9d1a412633a7fdb72f7be1ddce397112801c1b400f3596
double,29,0.0002903002901574192,0.5002903002901574,0.0002903002901574192,-1075,1.0002312167363503,0.8056698790637967,-0.0938428726733287,8fa713c11bebc4a76f9d1a412633a7fdb72f7be1ddce397112801c1b400f3596
double,30,0.0003011672389942044,0.5003011672389942,0.0003011672389942044,-1075,1.000239870570352,0.7991793642622814,-0.09735573862432215,8fa713c11bebc4a76f9d1a412633a7fdb72f7be1ddce397112801c1b400f3596
double,31,0.00031244097549532057,0.5003124409754953,0.00031244097549532057,-1075,1.000248848239734,0.7925011417259876,-0.10100010343836346,8fa713c11bebc4a76f9d1a412633a7fdb72f7be1ddce397112801c1b400f3596
double,32,0.00032413672713704766,0.500324136727137,0.00032413672713704766,-1075,1.000258161858567,0.7856319019481295,-0.10478088958117436,8fa713c11bebc4a76f9d1a412633a7fdb72f7be1ddce397112801c1b400f3596
double,33,0.0003362702914129212,0.5003362702914129,0.0003362702914129212,-1075,1.0002678239937628,0.7785684418110276,-0.1087032037839158,8fa713c11bebc4a76f9d1a412633a7fdb72f7be1ddce397112801c1b400f3596
double,34,0.00034885805717121965,0.5003488580571712,0.00034885805717121965,-1075,1.0002778476819856,0.7713076806297664,-0.11277234394083893,8fa713c11bebc4a76f9d1a412633a7fdb72f7be1ddce397112801c1b400f3596
double,35,0.0003619170267523675,0.5003619170267524,0.0003619170267523675,-1075,1.0002882464471787,0.7638466771762868,-0.11699380626552966,8fa713c11bebc4a76f9d1a412633a7fdb72f7be1ddce397112801c1b400f3596
double,36,0.0003754648389531212,0.5003754648389531,0.0003754648389531212,-1075,1.000299034318753,0.7561826477030066,-0.121373292714421,8fa713c11bebc4a76f9d1a412633a7fdb72f7be1ddce397112801c1b400f3596
double,37,0.0003895197928516225,0.5003895197928516,0.0003895197928516225,-1075,1.0003102258504493,0.7483129849769864,-0.1259167186885982,8fa713c11bebc4a76f9d1a412633a7fdb72f7be1ddce397112801c1b400f3596
double,38,0.0004041008725244044,0.5004041008725244,0.0004041008725244044,-1075,1.0003218361398984,0.7402352783328578,-0.13063022102394606,8fa713c11bebc4a76f9d1a412633a7fdb72f7be1ddce397112801c1b400f3596
double,39,0.0004192277726877691,0.5004192277726878,0.0004192277726877691,-1075,1.000333880848916,0.7319473347465713,-0.13552016628011426,8fa713c11bebc4a76f9d1a412633a7fdb72f7be1ddce397112801c1b400f3596
double,40,0.00043492092529973103,0.5004349209252997,0.00043492092529973103,-1075,1.0003463762245437,0.7234472009236929,-0.14059315934000646,8fa713c11bebc4a76f9d1a412633a7fdb72f7be1ddce397112801c1b400f3596
double,41,0.00045120152715760753,0.5004512015271576,0.00045120152715760753,-1075,1.0003593391208792,0.7147331863895263,-0.14585605233113044,8fa713c11bebc4a76f9d1a412633a7fdb72f7be1ddce397112801c1b400f3596
double,42,0.0004680915685282283,0.5004680915685282,0.0004680915685282283,-1075,1.0003727870217123,0.7058038875591858,-0.15131595388076377,8fa713c11bebc4a76f9d1a412633a7fdb72f7be1ddce397112801c1b400f3596
double,43,0.0004856138628509532,0.500485613862851,0.0004856138628509532,-1075,1.000386738064006,0.6966582127549371,-0.15698023871792596,8fa713c11bebc4a76f9d1a412633a7fdb72f7be1ddce397112801c1b400f3596
double,44,0.0005037920775511351,0.5005037920775511,0.0005037920775511351,-1075,1.0004012110622442,0.6872954081292981,-0.16285655763432605,8fa713c11bebc4a76f9d1a412633a7fdb72f7be1ddce397112801c1b400f3596
double,45,0.0005226507660083257,0.5005226507660083,0.0005226507660083257,-1075,1.000416225533689,0.6777150844375573,-0.1689528478186039,8fa713c11bebc4a76f9d1a412633a7fdb72f7be1ddce397112801c1b400f3596
double,46,0.0005422154007201918,0.5005422154007202,0.0005422154007201918,-1075,1.0004318017245724,0.6679172445926558,-0.17527734357711022,8fa713c11bebc4a76f9d1a412633a7fdb72f7be1ddce397112801c1b400f3596
double,47,0.0005625124077087706,0.5005625124077088,0.0005625124077087706,-1075,1.000447960637258,0.6579023119187485,-0.18183858745630163,8fa713c11bebc4a76f9d1a412633a7fdb72f7be1ddce397112801c1b400f3596
double,48,0.0005835692022138073,0.5005835692022138,0.0005835692022138073,-1075,1.0004647240584137,0.6476711590058322,-0.18864544178121154,8fa713c11bebc4a76f9d1a412633a7fdb72f7be1ddce397112801c1b400f3596
double,49,0.0006054142257228001,0.5006054142257228,0.0006054142257228001,-1075,1.0004821145882263,0.6372251370491857,-0.19570710062604255,8fa713c11bebc4a76f9d1a412633a7fdb72f7be1ddce397112801c1b400f3596
double,50,0.0006280769843869383,0.5006280769843869,0.0006280769843869383,-1075,1.0005001556706978,0.6265661055402263,-0.20303310223278143,8fa713c11bebc4a76f9d1a412633a7fdb72f7be1ddce397112801c1b400f3596
double,51,0.0006515880888752212,0.5006515880888752,0.0006515880888752212,-1075,1.0005188716250681,0.6156964621552535,-0.21063334189473806,8fa713c11bebc4a76f9d1a412633a7fdb72f7be1ddce397112801c1b400f3596
double,52,0.0006759792957203858,0.5006759792957204,0.0006759792957203858,-1075,1.000538287678397,0.6046191726681426,-0.21851808532234832,8fa713c11bebc4a76f9d1a412633a7fdb72f7be1ddce397112801c1b400f3596
double,53,0.0007012835502124837,0.5007012835502125,0.0007012835502124837,-1075,1.0005584299993542,0.593337800691146,-0.22669798250929182,8fa713c11bebc4a76f9d1a412633a7fdb72f7be1ddce397112801c1b400f3596
double,54,0.0007275350308985074,0.5007275350308985,0.0007275350308985074,-1075,1.000579325733258,0.5818565370249447,-0.2351840821178057,8fa713c11bebc4a76f9d1a412633a7fdb72f7be1ddce397112801c1b400f3596
double,55,0.0007547691957470182,0.500754769195747,0.0007547691957470182,-1075,1.0006010030384125,0.5701802283761312,-0.24398784640225066,8fa713c11bebc4a76f9d1a412633a7fdb72f7be1ddce397112801c1b400f3596
double,56,0.0007830228300416131,0.5007830228300416,0.0007830228300416131,-1075,1.000623491123784,0.5583144051747603,-0.2531211666915707,8fa713c11bebc4a76f9d1a412633a7fdb72f7be1ddce397112801c1b400f3596
double,57,0.0008123340960669578,0.500812334096067,0.0008123340960669578,-1075,1.0006468202880736,0.5462653082008747,-0.2625963794512454,8fa713c11bebc4a76f9d1a412633a7fdb72f7be1ddce397112801c1b400f3596
double,58,0.0008427425846547765,0.5008427425846548,0.0008427425846547765,-1075,1.0006710219602293,0.5340399137033063,-0.27242628294652516,8fa713c11bebc4a76f9d1a412633a7fdb72f7be1ddce397112801c1b400f3596
double,59,0.0008742893686590758,0.5008742893686591,0.0008742893686590758,-1075,1.0006961287414544,0.5216459566694037,-0.2826241545293429,8fa713c11bebc4a76f9d1a412633a7fdb72f7be1ddce397112801c1b400f3596
double,60,0.0009070170584336568,0.5009070170584337,0.0009070170584336568,-1075,1.0007221744487662,0.5090919518794319,-0.29320376857252256,8fa713c11bebc4a76f9d1a412633a7fdb72f7be1ddce397112801c1b400f3596
double,61,0.000940969859385743,0.5009409698593857,0.000940969859385743,-1075,1.0007491941601587,0.4963872123566545,-0.30417941507515156,8fa713c11bebc4a76f9d1a412633a7fdb72f7be1ddce397112801c1b400f3596
double,62,0.0009761936316847741,0.5009761936316848,0.0009761936316847741,-1075,1.0007772242614332,0.4835418648010587,-0.3155659189646732,8fa713c11bebc4a76f9d1a412633a7fdb72f7be1ddce397112801c1b400f3596
double,63,0.0010127359522057455,0.5010127359522057,0.0010127359522057455,-1075,1.0008063024947473,0.47056686157554894,-0.3273786601213651,8fa713c11bebc4a76f9d1a412633a7fdb72f7be1ddce397112801c1b400f3596
double,64,0.001050646178791359,0.5010506461787914,0.001050646178791359,-1075,1.000836468008956,0.45747398879516715,-0.33963359415244254,8fa713c11bebc4a76f9d1a412633a7fdb72f7be1ddce397112801c1b400f3596
double,65,0.0010899755169200276,0.50108997551692,0.0010899755169200276,-1075,1.0008677614118018,0.44427587005577335,-0.35234727394393117,8fa713c11bebc4a76f9d1a412633a7fdb72f7be1ddce397112801c1b400f3596
double,66,0.001130777088868995,0.501130777088869,0.001130777088868995,-1075,1.000900224824022,0.4309859653287143,-0.36553687201916546,8fa713c11bebc4a76f9d1a412633a7fdb72f7be1ddce397112801c1b400f3596
double,67,0.0011731060054671616,0.5011731060054672,0.0011731060054671616,-1075,1.0009339019354442,0.4176185645418828,-0.3792202037344962,8fa713c11bebc4a76f9d1a412633a7fdb72f7be1ddce397112801c1b400f3596
double,68,0.0012170194405332069,0.5012170194405332,0.0012170194405332069,-1075,1.00096883806314,0.40418877536863296,-0.3934157513431093,8fa713c11bebc4a76f9d1a412633a7fdb72f7be1ddce397112801c1b400f3596
double,69,0.0012625767081004824,0.5012625767081005,0.0012625767081004824,-1075,1.0010050802117125,0.39071250475202596,-0.40814268895976624,8fa713c11bebc4a76f9d1a412633a7fdb72f7be1ddce397112801c1b400f3596
double,70,0.0013098393425331478,0.5013098393425331,0.0013098393425331478,-1075,1.0010426771357883,0.37720643370642354,-0.42342090846024144,8fa713c11bebc4a76f9d1a412633a7fdb72f7be1ddce397112801c1b400f3596
double,71,0.001358871181639909,0.5013588711816399,0.001358871181639909,-1075,1.0010816794048023,0.36368798496167626,-0.43927104634984304,8fa713c11bebc4a76f9d1a412633a7fdb72f7be1ddce397112801c1b400f3596
double,72,0.0014097384529009327,0.5014097384529009,0.0014097384529009327,-1075,1.0011221394701504,0.35017528304566403,-0.45571451163838417,8fa713c11bebc4a76f9d1a412633a7fdb72f7be1ddce397112801c1b400f3596
double,73,0.0014625098629210687,0.5014625098629211,0.0014625098629210687,-1075,1.0011641117347945,0.3366871064451309,-0.4727735147581833,8fa713c11bebc4a76f9d1a412633a7fdb72f7be1ddce397112801c1b400f3596
double,74,0.0015172566902320606,0.5015172566902321,0.0015172566902320606,-1075,1.001207652625409,0.32324283153657146,-0.4904710975647563,8fa713c11bebc4a76f9d1a412633a7fdb72f7be1ddce397112801c1b400f3596
double,75,0.001574052881568977,0.501574052881569,0.001574052881568977,-1075,1.0012528206671638,0.30986236804469264,-0.5088311644606883,8fa713c11bebc4a76f9d1a412633a7fdb72f7be1ddce397112801c1b400f3596
double,76,0.0016329751517502045,0.5016329751517502,0.0016329751517502045,-1075,1.0012996765612234,0.29656608586369987,-0.5278785146845115,8fa713c11bebc4a76f9d1a412633a7fdb72f7be1ddce397112801c1b400f3596
double,77,0.0016941030872962282,0.5016941030872962,0.0016941030872962282,-1075,1.0013482832650749,0.283374733166925,-0.5476388758082991,8fa713c11bebc4a76f9d1a412633a7fdb72f7be1ddce397112801c1b400f3596
double,78,0.0017575192539277529,0.5017575192539278,0.0017575192539277529,-1075,1.0013987060757716,0.2703093458339397,-0.5681389384894301,8fa713c11bebc4a76f9d1a412633a7fdb72f7be1ddce397112801c1b400f3596
double,79,0.0018233093080873841,0.5018233093080874,0.0018233093080873841,-1075,1.001451012716202,0.25739114834146787,-0.5894063925231501,8fa713c11bebc4a76f9d1a412633a7fdb72f7be1ddce397112801c1b400f3596
double,80,0.0018915621126359694,0.501891562112636,0.0018915621126359694,-1075,1.0015052734244876,0.24464144639368954,-0.611469964244782,8fa713c11bebc4a76f9d1a412633a7fdb72f7be1ddce397112801c1b400f3596
double,81,0.001962369856880364,0.5019623698568804,0.001962369856880364,-1075,1.0015615610466193,0.23208151170930835,-0.6343594553322768,8fa713c11bebc4a76f9d1a412633a7fdb72f7be1ddce397112801c1b400f3596
double,82,0.0020358281810931578,0.5020358281810932,0.0020358281810931578,-1075,1.0016199511324453,0.21973245953592282,-0.6581057830610105,8fa713c11bebc4a76f9d1a412633a7fdb72f7be1ddce397112801c1b400f3596
double,83,0.0021120363056952307,0.5021120363056952,0.0021120363056952307,-1075,1.0016805220351268,0.20761511962374926,-0.6827410220660739,8fa713c11bebc4a76f9d1a412633a7fdb72f7be1ddce397112801c1b400f3596
double,84,0.0021910971652723266,0.5021910971652723,0.0021910971652723266,-1075,1.0017433550141845,0.1957499015615444,-0.7082984476674076,8fa713c11bebc4a76f9d1a412633a7fdb72f7be1ddce397112801c1b400f3596
double,85,0.0022731175476095045,0.5022731175476095,0.0022731175476095045,-1075,1.0018085343422567,0.1841566555511276,-0.7348125808172338,8fa713c11bebc4a76f9d1a412633a7fdb72f7be1ddce397112801c1b400f3596
double,86,0.002358208237930093,0.5023582082379301,0.002358208237930093,-1075,1.0018761474156943,0.17285452987401678,-0.7623192347301299,8fa713c11bebc4a76f9d1a412633a7fdb72f7be1ddce397112801c1b400f3596
double,87,0.002446484168533103,0.5024464841685331,0.002446484168533103,-1075,1.001946284869136,0.16186182647808078,-0.790855563258453,8fa713c11bebc4a76f9d1a412633a7fdb72f7be1ddce397112801c1b400f3596
double,88,0.002538064574032939,0.5025380645740329,0.002538064574032939,-1075,1.002019040694184,0.15119585628014648,-0.8204601110790373,8fa713c11bebc4a76f9d1a412633a7fdb72f7be1ddce397112801c1b400f3596
double,89,0.002633073152410126,0.5026330731524101,0.002633073152410126,-1075,1.0020945123623324,0.14087279593845609,-0.8511728657586455,8fa713c11bebc4a76f9d1a412633a7fdb72f7be1ddce397112801c1b400f3596
double,90,0.0027316382320905497,0.5027316382320905,0.0027316382320905497,-1075,1.0021728009522861,0.13090754799024842,-0.8830353117685101,8fa713c11bebc4a76f9d1a412633a7fdb72f7be1ddce397112801c1b400f3596
double,91,0.0028338929452791373,0.5028338929452791,0.0028338929452791373,-1075,1.0022540112818228,0.12131360636970165,-0.916090486521016,8fa713c11bebc4a76f9d1a412633a7fdb72f7be1ddce397112801c1b400f3596
double,92,0.002939975407781792,0.5029399754077818,0.002939975407781792,-1075,1.0023382520443451,0.11210292941417767,-0.9503830385041362,8fa713c11bebc4a76f9d1a412633a7fdb72f7be1ddce397112801c1b400f3596
double,93,0.0030500289055592766,0.5030500289055593,0.0030500289055592766,-1075,1.002425635950286,0.10328582252603324,-0.9859592875924227,8fa713c11bebc4a76f9d1a412633a7fdb72f7be1ddce397112801c1b400f3596
double,94,0.0031642020882636235,0.5031642020882636,0.0031642020882636235,-1075,1.0025162798735254,0.09487083267787773,-1.0228672876155809,8fa713c11bebc4a76f9d1a412633a7fdb72f7be1ddce397112801c1b400f3596
double,95,0.003282649170020302,0.5032826491700203,0.003282649170020302,-1075,1.0026103050029849,0.08686465692480912,-1.0611568912697544,8fa713c11bebc4a76f9d1a412633a7fdb72f7be1ddce397112801c1b400f3596
double,96,0.0034055301377251546,0.5034055301377252,0.0034055301377251546,-1075,1.0027078369995719,0.07927206701400609,-1.1008798174585102,8fa713c11bebc4a76f9d1a412633a7fdb72f7be1ddce397112801c1b400f3596
double,97,0.0035330109671399823,0.50353301096714,0.0035330109671399823,-1075,1.002809006158649,0.07209585205471246,-1.14208972115533,8fa713c11bebc4a76f9d1a412633a7fdb72f7be1ddce397112801c1b400f3596
double,98,0.0036652638470758836,0.5036652638470759,0.0036652638470758836,-1075,1.0029139475782038,0.06533678102853681,-1.1848422658811009,8fa713c11bebc4a76f9d1a412633a7fdb72f7be1ddce397112801c1b400f3596
double,99,0.0038024674119696567,0.5038024674119697,0.0038024674119696567,-1075,1.0030228013329123,0.05899358667807976,-1.2291951988953398,8fa713c11bebc4a76f9d1a412633a7fdb72f7be1ddce397112801c1b400f3596
double,100,0.003944806983166238,0.5039448069831662,0.003944806983166238,-1075,1.0031357126542768,0.05306297201260832,-1.2752084292023713,8fa713c11bebc4a76f9d1a412633a7fdb72f7be1ddce397112801c1b400f3596
double,101,0.004092474819232139,0.5040924748192321,0.004092474819232139,-1075,1.0032528321170375,0.0475396403139769,-1.322944108477548,8fa713c11bebc4a76f9d1a412633a7fdb72f7be1ddce397112801c1b400f3596
double,102,0.00424567037564072,0.5042456703756407,0.00424567037564072,-1075,1.0033743158320518,0.042416349118679406,-1.37246671502375,8fa713c11bebc4a76f9d1a412633a7fdb72f7be1ddce397112801c1b400f3596
double,103,0.004404600574176576,0.5044046005741766,0.004404600574176576,-1075,1.0035003256458523,0.037683988199842686,-1.4238431408704764,8fa713c11bebc4a76f9d1a412633a7fdb72f7be1ddce397112801c1b400f3596
double,104,0.004569480082426081,0.5045694800824261,0.004569480082426081,-1075,1.0036310293470805,0.03333168108415403,-1.4771427821342356,8fa713c11bebc4a76f9d1a412633a7fdb72f7be1ddce397112801c1b400f3596
double,105,0.004740531603729337,0.5047405316037293,0.004740531603729337,-1075,1.0037666008800212,0.029346909125485682,-1.532437632761607,8fa713c11bebc4a76f9d1a412633a7fdb72f7be1ddce397112801c1b400f3596
double,106,0.004917986177986666,0.5049179861779867,0.004917986177986666,-1075,1.0039072205654402,0.025715656632096167,-1.5898023817821232,8fa713c11bebc4a76f9d1a412633a7fdb72f7be1ddce397112801c1b400f3596
double,107,0.005102083493724652,0.5051020834937247,0.005102083493724652,-1075,1.0040530753289618,0.022422575023836145,-1.6493145142019683,8fa713c11bebc4a76f9d1a412633a7fdb72f7be1ddce397112801c1b400f3596
double,108,0.005293072211844718,0.5052930722118447,0.005293072211844718,-1075,1.0042043589371983,0.019451163496495054,-1.7110544156753107,8fa713c11bebc4a76f9d1a412633a7fdb72f7be1ddce397112801c1b400f3596
double,109,0.005491210301490024,0.50549121030149,0.005491210301490024,-1075,1.0043612722418702,0.016783963210664117,-1.7751054810942182,8fa713c11bebc4a76f9d1a412633a7fdb72f7be1ddce397112801c1b400f3596
double,110,0.005696765388485292,0.5056967653884853,0.005696765388485292,-1075,1.0045240234321475,0.014402761620404636,-1.8415542272442131,8fa713c11bebc4a76f9d1a412633a7fdb72f7be1ddce397112801c1b400f3596
double,111,0.005910015116819989,0.50591001511682,0.005910015116819989,-1075,1.004692828295445,0.012288803230695896,-1.9104904096776234,8fa713c11bebc4a76f9d1a412633a7fdb72f7be1ddce397112801c1b400f3596
double,112,0.00613124752366323,0.5061312475236632,0.00613124752366323,-1075,1.0048679104869225,0.010423002838482362,-1.9820071439627178,8fa713c11bebc4a76f9d1a412633a7fdb72f7be1ddce397112801c1b400f3596
double,113,0.0063607614284164615,0.5063607614284165,0.0063607614284164615,-1075,1.0050495018079224,0.00878615718436431,-2.0562010314723107,8fa713c11bebc4a76f9d1a412633a7fdb72f7be1ddce397112801c1b400f3596
double,114,0.00659886683632982,0.5065988668363298,0.00659886683632982,-1075,1.0052378424935988,0.007359150931454797,-2.133172289881972,8fa713c11bebc4a76f9d1a412633a7fdb72f7be1ddce397112801c1b400f3596
double,115,0.00684588535722741,0.5068458853572274,0.00684588535722741,-1075,1.0054331815099868,0.0061231530014551816,-2.2130248885542185,8fa713c11bebc4a76f9d1a412633a7fdb72f7be1ddce397112801c1b400f3596
double,116,0.0071021506399069345,0.5071021506399069,0.0071021506399069345,-1075,1.0056357768607556,0.0050597995374429185,-2.2958666889916124,8fa713c11bebc4a76f9d1a412633a7fdb72f7be1ddce397112801c1b400f3596
double,117,0.007368008822800309,0.5073680088228003,0.007368008822800309,-1075,1.005845895903909,0.004151360124683119,-2.3818095905485506,8fa713c11bebc4a76f9d1a412633a7fdb72f7be1ddce397112801c1b400f3596
double,118,0.007643819001503793,0.5076438190015038,0.007643819001503793,-1075,1.0060638156786768,0.0033808843757233468,-2.470969681598613,8fa713c11bebc4a76f9d1a412633a7fdb72f7be1ddce397112801c1b400f3596
double,119,0.00792995371381,0.50792995371381,0.00792995371381,-1075,1.0062898232428594,0.0027323265591763604,-2.5634673963620798,8fa713c11bebc4a76f9d1a412633a7fdb72f7be1ddce397112801c1b400f3596
double,120,0.00822679944289606,0.5082267994428961,0.00822679944289606,-1075,1.0065242160208694,0.002190646602717612,-2.659427677605267,8fa713c11bebc4a76f9d1a412633a7fdb72f7be1ddce397112801c1b400f3596
double,121,0.008534757139347371,0.5085347571393474,0.008534757139347371,-1075,1.0067673021627326,0.0017418865051063545,-2.758980145431561,8fa713c11bebc4a76f9d1a412633a7fdb72f7be1ddce397112801c1b400f3596
double,122,0.00885424276272373,0.5088542427627237,0.00885424276272373,-1075,1.0070194009142894,0.0013732219212327105,-2.8622592723927958,8fa713c11bebc4a76f9d1a412633a7fdb72f7be1ddce397112801c1b400f3596
double,123,0.009185687843396462,0.5091856878433965,0.009185687843396462,-1075,1.0072808429988518,0.0010729894079704798,-2.9694045651567675,8fa713c11bebc4a76f9d1a412633a7fdb72f7be1ddce397112801c1b400f3596
double,124,0.009529540065419062,0.5095295400654191,0.009529540065419062,-1075,1.0075519710105496,0.0008306905061920268,-3.0805607529776133,8fa713c11bebc4a76f9d1a412633a7fdb72f7be1ddce397112801c1b400f3596
double,125,0.009886263871214607,0.5098862638712146,0.009886263871214607,-1075,1.007833139819613,0.0006369744563000872,-3.1958779832224984,8fa713c11bebc4a76f9d1a412633a7fdb72f7be1ddce397112801c1b400f3596
double,126,0.010256341088900944,0.5102563410889009,0.010256341088900944,-1075,1.0081247169898178,0.00048360187473291,-3.315512024220323,8fa713c11bebc4a76f9d1a412633a7fdb72f7be1ddce397112801c1b400f3596
double,127,0.010640271583096217,0.5106402715830962,0.010640271583096217,-1075,1.0084270832083122,0.00036339213565347194,-3.4396244757050844,8fa713c11bebc4a76f9d1a412633a7fdb72f7be1ddce397112801c1b400f3596
double,128,0.011038573930089335,0.5110385739300893,0.011038573930089335,-1075,1.0087406327280477,0.00027015749011837084,-3.568382987140209,8fa713c11bebc4a76f9d1a412633a7fdb72f7be1ddce397112801c1b400f3596
double,129,0.011451786118281682,0.5114517861182817,0.011451786118281682,-1075,1.0090657738230089,0.00019862710637186793,-3.701961484217145,8fa713c11bebc4a76f9d1a412633a7fdb72f7be1ddce397112801c1b400f3596
double,130,0.011880466274850399,0.5118804662748504,0.011880466274850399,-1075,1.0094029292564286,0.00014436422912799155,-3.840540403835812,8fa713c11bebc4a76f9d1a412633a7fdb72f7be1ddce397112801c1b400f3596
double,131,0.01232519341961269,0.5123251934196127,0.01232519341961269,-1075,1.009752536762171,0.00010367954010515921,-3.984306937883923,8fa713c11bebc4a76f9d1a412633a7fdb72f7be1ddce397112801c1b400f3596
double,132,0.012786568247109997,0.51278656824711,0.012786568247109997,-1075,1.010115049539423,7.354357101674735e-05,-4.133455286144949,8fa713c11bebc4a76f9d1a412633a7fdb72f7be1ddce397112801c1b400f3596
double,133,0.013265213937968312,0.5132652139379683,0.013265213937968312,-1075,1.0104909367608452,5.150069398662482e-05,-4.2881869186766535,8fa713c11bebc4a76f9d1a412633a7fdb72f7be1ddce397112801c1b400f3596
double,134,0.013761777000630415,0.5137617770006304,0.013761777000630415,-1075,1.0108806840942737,3.5586817569259174e-05,-4.448710848014899,8fa713c11bebc4a76f9d1a412633a7fdb72f7be1ddce397112801c1b400f3596
double,135,0.014276928144597023,0.514276928144597,0.014276928144597023,-1075,1.0112847942380734,2.425247627613098e-05,-4.615243911570812,8fa713c11bebc4a76f9d1a412633a7fdb72f7be1ddce397112801c1b400f3596
double,136,0.014811363186356563,0.5148113631863566,0.014811363186356563,-1075,1.0117037874701922,1.6292545232832556e-05,-4.788011064603205,8fa713c11bebc4a76f9d1a412633a7fdb72f7be1ddce397112801c1b400f3596
double,137,0.015365803989227156,0.5153658039892272,0.015365803989227156,-1075,1.012138202210929,1.078336525306155e-05,-4.9672456841624255,8fa713c11bebc4a76f9d1a412633a7fdb72f7be1ddce397112801c1b400f3596
double,138,0.0159409994383799,0.5159409994383799,0.0159409994383799,-1075,1.0125885955994127,7.027649862617605e-06,-5.1531898844165145,8fa713c11bebc4a76f9d1a412633a7fdb72f7be1ddce397112801c1b400f3596
double,139,0.0165377264523604,0.5165377264523604,0.0165377264523604,-1075,1.0130555440837223,4.50718263284605e-06,-5.346094843786075,8fa713c11bebc4a76f9d1a412633a7fdb72f7be1ddce397112801c1b400f3596
double,140,0.017156791032475915,0.5171567910324759,0.017156791032475915,-1075,1.013539644024548,2.8430130662059216e-06,-5.546221144330629,8fa713c11bebc4a76f9d1a412633a7fdb72f7be1ddce397112801c1b400f3596
double,141,0.017799029351464157,0.5177990293514642,0.017799029351464157,-1075,1.0140415123122333,1.762628857927725e-06,-5.753839123845026,8fa713c11bebc4a76f9d1a412633a7fdb72f7be1ddce397112801c1b400f3596
double,142,0.01846530888291431,0.5184653088829143,0.01846530888291431,-1075,1.014561786996984,1.073422659590599e-06,-5.969229241142061,8fa713c11bebc4a76f9d1a412633a7fdb72f7be1ddce397112801c1b400f3596
double,143,0.019156529572967207,0.5191565295729672,0.019156529572967207,-1075,1.015101127931962,6.41678584020633e-07,-6.192682455015914,8fa713c11bebc4a76f9d1a412633a7fdb72f7be1ddce397112801c1b400f3596
double,144,0.019873625055875532,0.5198736250558755,0.019873625055875532,-1075,1.0156602174289169,3.7626981735762657e-07,-6.424500617398328,8fa713c11bebc4a76f9d1a412633a7fdb72f7be1ddce397112801c1b400f3596
double,145,0.020617563915066972,0.520617563915067,0.020617563915066972,-1075,1.016239760925923,2.162734054720669e-07,-6.6649968812397224,8fa713c11bebc4a76f9d1a412633a7fdb72f7be1ddce397112801c1b400f3596
double,146,0.02138935099141359,0.5213893509914136,0.02138935099141359,-1075,1.0168404876667099,1.217597860572059e-07,-6.914496123666936,8fa713c11bebc4a76f9d1a412633a7fdb72f7be1ddce397112801c1b400f3596
double,147,0.02219002874047349,0.5221900287404735,0.02219002874047349,-1075,1.0174631513909689,6.709105404905071e-08,-7.173335384989677,8fa713c11bebc4a76f9d1a412633a7fdb72f7be1ddce397112801c1b400f3596
double,148,0.023020678640539693,0.5230206786405397,0.023020678640539693,-1075,1.0181085310349323,3.6152278659426896e-08,-7.441864324150161,8fa713c11bebc4a76f9d1a412633a7fdb72f7be1ddce397112801c1b400f3596
double,149,0.02388242265339624,0.5238824226533962,0.02388242265339624,-1075,1.018777431441383,1.903506257218972e-08,-7.720445691231434,8fa713c11bebc4a76f9d1a412633a7fdb72f7be1ddce397112801c1b400f3596
double,150,0.02477642473975672,0.5247764247397567,0.02477642473975672,-1075,1.0194706840781476,9.784624922207357e-09,-8.009455817664408,8fa713c11bebc4a76f9d1a412633a7fdb72f7be1ddce397112801c1b400f3596
double,151,0.02570389243142923,0.5257038924314292,0.02570389243142923,-1075,1.0201891477639677,4.905856890721441e-09,-8.309285124795856,8fa713c11bebc4a76f9d1a412633a7fdb72f7be1ddce397112801c1b400f3596
double,152,0.02666607846233482,0.5266660784623348,0.02666607846233482,-1075,1.0209337094005213,2.396963100805118e-09,-8.620338651506634,8fa713c11bebc4a76f9d1a412633a7fdb72f7be1ddce397112801c1b400f3596
double,153,0.02766428246057906,0.5276642824605791,0.02766428246057906,-1075,1.0217052847091552,1.1401536933169487e-09,-8.943036601592992,8fa713c11bebc4a76f9d1a412633a7fdb72f7be1ddce397112801c1b400f3596
double,154,0.028699852703864326,0.5286998527038643,0.028699852703864326,-1075,1.022504818970764,5.274546050132127e-10,-9.277814911652284,8fa713c11bebc4a76f9d1a412633a7fdb72f7be1ddce397112801c1b400f3596
double,155,0.02977418794061404,0.529774187940614,0.02977418794061404,-1075,1.0233332877669976,2.370686681020703e-10,-9.62512584024169,8fa713c11bebc4a76f9d1a412633a7fdb72f7be1ddce397112801c1b400f3596
double,156,0.030888739279266053,0.530888739279266,0.030888739279266053,-1075,1.0241916977208094,1.0340973397540143e-10,-9.985438579106349,8fa713c11bebc4a76f9d1a412633a7fdb72f7be1ddce397112801c1b400f3596
double,157,0.03204501214829081,0.5320450121482908,0.03204501214829081,-1075,1.0250810872340823,4.3728050177215135e-11,-10.359239887305385,8fa713c11bebc4a76f9d1a412633a7fdb72f7be1ddce397112801c1b400f3596
double,158,0.033244568329579005,0.533244568329579,0.033244568329579005,-1075,1.0260025272198443,1.790462588479353e-11,-10.747034749093139,8fa713c11bebc4a76f9d1a412633a7fdb72f7be1ddce397112801c1b400f3596
double,159,0.03448902806794507,0.5344890280679451,0.03448902806794507,-1075,1.0269571218262796,7.090109517202908e-12,-11.14934705644605,8fa713c11bebc4a76f9d1a412633a7fdb72f7be1ddce397112801c1b400f3596
double,160,0.03578007225959878,0.5357800722595988,0.03578007225959878,-1075,1.0279460091494523,2.7119375399057923e-12,-11.566720317159925,8fa713c11bebc4a76f9d1a412633a7fdb72f7be1ddce397112801c1b400f3596
double,161,0.03711944472253692,0.5371194447225369,0.03711944472253692,-1075,1.0289703619313157,1.0006486424749257e-12,-11.999718389474815,8fa713c11bebc4a76f9d1a412633a7fdb72f7be1ddce397112801c1b400f3596
double,162,0.03850895455192471,0.5385089545519247,0.03850895455192471,-1075,1.0300313882392242,3.556917201922095e-13,-12.448926244222953,8fa713c11bebc4a76f9d1a412633a7fdb72f7be1ddce397112801c1b400f3596
double,163,0.03995047856364731,0.5399504785636473,0.03995047856364731,-1075,1.0311303321227707,1.2163239112848198e-13,-12.91495075553111,8fa713c11bebc4a76f9d1a412633a7fdb72f7be1ddce397112801c1b400f3596
double,164,0.04144596382933152,0.5414459638293315,0.04144596382933152,-1075,1.0322684742433443,3.995567563832241e-14,-13.39842152114776,8fa713c11bebc4a76f9d1a412633a7fdb72f7be1ddce397112801c1b400f3596
double,165,0.04299743030626246,0.5429974303062625,0.04299743030626246,-1075,1.0334471324713332,1.2589494327707745e-14,-13.899991713505845,8fa713c11bebc4a76f9d1a412633a7fdb72f7be1ddce397112801c1b400f3596
double,166,0.044606973565747055,0.544606973565747,0.044606973565747055,-1075,1.0346676624454079,3.798927779159975e-15,-14.420338962673348,8fa713c11bebc4a76f9d1a412633a7fdb72f7be1ddce397112801c1b400f3596
double,167,0.04627676762360944,0.5462767676236094,0.04627676762360944,-1075,1.035931458087755,1.0960584828860961e-15,-14.960166272387143,8fa713c11bebc4a76f9d1a412633a7fdb72f7be1ddce397112801c1b400f3596
double,168,0.04800906787664261,0.5480090678766426,0.04800906787664261,-1075,1.037239952068561,3.018540655667205e-16,-15.520202970410798,8fa713c11bebc4a76f9d1a412633a7fdb72f7be1ddce397112801c1b400f3596
double,169,0.04980621414898001,0.54980621414898,0.04980621414898001,-1075,1.0385946162123807,7.921260676670264e-17,-16.101205694502543,8fa713c11bebc4a76f9d1a412633a7fdb72f7be1ddce397112801c1b400f3596
double,170,0.05167063385250492,0.5516706338525049,0.05167063385250492,-1075,1.0399969618383542,1.9771543958802605e-17,-16.70395941532939,8fa713c11bebc4a76f9d1a412633a7fdb72f7be1ddce397112801c1b400f3596
double,171,0.053604845265564194,0.5536048452655642,0.053604845265564194,-1075,1.0414485400254705,4.685128450538343e-18,-17.32927849771211,8fa713c11bebc4a76f9d1a412633a7fdb72f7be1ddce397112801c1b400f3596
double,172,0.055611460934415824,0.5556114609344158,0.055611460934415824,-1075,1.042950941793264,1.051942976616621e-18,-17.97800780163851,8fa713c11bebc4a76f9d1a412633a7fdb72f7be1ddce397112801c1b400f3596
double,173,0.057693191202004335,0.5576931912020043,0.057693191202004335,-1075,1.0445057981874675,2.233449696838427e-19,-18.651023824536,8fa713c11bebc4a76f9d1a412633a7fdb72f7be1ddce397112801c1b400f3596
double,174,0.05985284786883116,0.5598528478688312,0.05985284786883116,-1075,1.046114780259181,4.47470195441717e-20,-19.349235886350897,8fa713c11bebc4a76f9d1a412633a7fdb72f7be1ddce397112801c1b400f3596
double,175,0.06209334799086286,0.5620933479908629,0.06209334799086286,-1075,1.0477795989251084,8.441364254202405e-21,-20.073587359038815,8fa713c11bebc4a76f9d1a412633a7fdb72f7be1ddce397112801c1b400f3596
double,176,0.0644177178196097,0.5644177178196097,0.0644177178196097,-1075,1.0495020046953063,1.4960394913553178e-21,-20.825056942132434,8fa713c11bebc4a76f9d1a412633a7fdb72f7be1ddce397112801c1b400f3596
double,177,0.06682909688969396,0.566829096889694,0.06682909688969396,-1075,1.0512837872537037,2.4850779385024024e-22,-21.60465998611345,8fa713c11bebc4a76f9d1a412633a7fdb72f7be1ddce397112801c1b400f3596
double,178,0.06933074225943092,0.5693307422594309,0.06933074225943092,-1075,1.0531267748753896,3.859669647500196e-23,-22.413449865381985,8fa713c11bebc4a76f9d1a412633a7fdb72f7be1ddce397112801c1b400f3596
double,179,0.07192603291014854,0.5719260329101485,0.07192603291014854,-1075,1.0550328336632677,5.590885489893913e-24,-23.252519402682566,8fa713c11bebc4a76f9d1a412633a7fdb72f7be1ddce397112801c1b400f3596
double,180,0.07461847431019031,0.5746184743101903,0.07461847431019031,-1075,1.0570038665852373,7.533514926294333e-25,-24.123002346916895,8fa713c11bebc4a76f9d1a412633a7fdb72f7be1ddce397112801c1b400f3596
double,181,0.07741170314976353,0.5774117031497635,0.07741170314976353,-1075,1.0590418122914556,9.417271550792862e-26,-25.026074906344597,8fa713c11bebc4a76f9d1a412633a7fdb72f7be1ddce397112801c1b400f3596
double,182,0.0803094922530293,0.5803094922530293,0.0803094922530293,-1075,1.0611486436895552,1.089037064200627e-26,-25.962957339248916,8fa713c11bebc4a76f9d1a412633a7fdb72f7be1ddce397112801c1b400f3596
double,183,0.08331575567407068,0.5833157556740707,0.08331575567407068,-1075,1.0633263662538817,1.1616743382905637e-27,-26.934915604222855,8fa713c11bebc4a76f9d1a412633a7fdb72f7be1ddce397112801c1b400f3596
double,184,0.08643455398361821,0.5864345539836182,0.08643455398361821,-1075,1.0655770160428684,1.13955929453436e-28,-27.943263072309744,8fa713c11bebc4a76f9d1a412633a7fdb72f7be1ddce397112801c1b400f3596
double,185,0.08967009975367835,0.5896700997536783,0.08967009975367835,-1075,1.067902657396616,1.0247966491152096e-29,-28.989362303319137,8fa713c11bebc4a76f9d1a412633a7fdb72f7be1ddce397112801c1b400f3596
double,186,0.09302676324746906,0.5930267632474691,0.09302676324746906,-1075,1.070305380284525,8.42118312030956e-31,-30.074626888722932,8fa713c11bebc4a76f9d1a412633a7fdb72f7be1ddce397112801c1b400f3596
double,187,0.09650907832234978,0.5965090783223498,0.09650907832234978,-1075,1.0727872972705073,6.301974425092886e-32,-31.200523363628466,8fa713c11bebc4a76f9d1a412633a7fdb72f7be1ddce397112801c1b400f3596
double,188,0.1001217485537188,0.6001217485537188,0.1001217485537188,-1075,1.0753505400607888,4.2798328669758184e-33,-32.36857319041846,8fa713c11bebc4a76f9d1a412633a7fdb72f7be1ddce397112801c1b400f3596
double,189,0.10386965358815003,0.60386965358815,0.10386965358815003,-1075,1.0779972555967174,2.6281199517224724e-34,-33.58035481674455,8fa713c11bebc4a76f9d1a412633a7fdb72f7be1ddce397112801c1b400f3596
double,190,0.10775785573434793,0.6077578557343479,0.10775785573434793,-1075,1.0807296016521593,1.4537649347689947e-35,-34.83750581066112,8fa713c11bebc4a76f9d1a412633a7fdb72f7be1ddce397112801c1b400f3596
double,191,0.11179160680082645,0.6117916068008264,0.11179160680082645,-1075,1.083549741892174,7.215641109702658e-37,-36.14172507579203,8fa713c11bebc4a76f9d1a412633a7fdb72f7be1ddce397112801c1b400f3596
double,192,0.11597635518954619,0.6159763551895462,0.11597635518954619,-1075,1.0864598403465395,3.200551725948359e-38,-37.494775149529765,8fa713c11bebc4a76f9d1a412633a7fdb72f7be1ddce397112801c1b400f3596
double,193,0.12031775325508898,0.620317753255089,0.12031775325508898,-1075,1.0894620552484664,1.2633259370252351e-39,-38.89848458737839,8fa713c11bebc4a76f9d1a412633a7fdb72f7be1ddce397112801c1b400f3596
double,194,0.12482166493931457,0.6248216649393146,0.12482166493931457,-1075,1.0925585321854707,4.418242646696429e-41,-40.3547504366702,8fa713c11bebc4a76f9d1a412633a7fdb72f7be1ddce397112801c1b400f3596
double,195,0.12949417369180738,0.6294941736918074,0.12949417369180738,-1075,1.0957513965058476,1.3628849538947859e-42,-41.86554080300422,8fa713c11bebc4a76f9d1a412633a7fdb72f7be1ddce397112801c1b400f3596
double,196,0.13434159068681362,0.6343415906868136,0.13434159068681362,-1075,1.0990427449205344,3.6906468213865574e-44,-43.43289751288122,8fa713c11bebc4a76f9d1a412633a7fdb72f7be1ddce397112801c1b400f3596
double,197,0.13937046334776648,0.6393704633477665,0.13937046334776648,-1075,1.102434636236429,8.73094241547335e-46,-45.058938876139806,8fa713c11bebc4a76f9d1a412633a7fdb72f7be1ddce397112801c1b400f3596
double,198,0.14458758419091522,0.6445875841909152,0.14458758419091522,-1075,1.1059290811533569,1.7953017245611893e-47,-46.74586255193241,8fa713c11bebc4a76f9d1a412633a7fdb72f7be1ddce397112801c1b400f3596
double,199,0.15000000000000002,0.65,0.15000000000000002,-1075,1.1095280310529945,3.1919161775277287e-49,-48.495948522119285,8fa713c11bebc4a76f9d1a412633a7fdb72f7be1ddce397112801c1b400f3596
float,0,9.999999999998899e-05,0.5001,0.00010001659393310547,-150,1.0000796688630942,0.9897337936410563,-0.0044816008562681055,8fa713c11bebc4a76f9d1a412633a7fdb72f7be1ddce397112801c1b400f3596
float,1,0.00010374334756291237,0.5001037433475629,0.00010377168655395508,-150,1.0000826598382315,0.9893504113443706,-0.004649861324997291,8fa713c11bebc4a76f9d1a412633a7fdb72f7be1ddce397112801c1b400f3596
float,2,0.0001076268216355647,0.5001076268216356,0.00010764598846435547,-150,1.0000857457522083,0.9889550138117639,-0.004823463405517555,8fa713c11bebc4a76f9d1a412633a7fdb72f7be1ddce397112801c1b400f3596
float,3,0.00011165566764037571,0.5001116556676404,0.00011163949966430664,-150,1.0000889266038286,0.9885476155675114,-0.005002407098729858,8fa713c11bebc4a76f9d1a412633a7fdb72f7be1ddce397112801c1b400f3596
float,4,0.0001158353273538193,0.5001158353273538,0.00011581182479858398,-150,1.0000922498669418,0.9881221548517023,-0.005189363207191817,8fa713c11bebc4a76f9d1a412633a7fdb72f7be1ddce397112801c1b400f3596
float,5,0.00012017144625731113,0.5001201714462573,0.0001201629638671875,-150,1.0000957155396164,0.9876786551302833,-0.005384331732358602,8fa713c11bebc4a76f9d1a412633a7fdb72f7be1ddce397112801c1b400f3596
float,6,0.00012466988116210942,0.5001246698811621,0.0001246929168701172,-150,1.0000993236198383,0.9872171408569373,-0.005587312675747735,8fa713c11bebc4a76f9d1a412633a7fdb72f7be1ddce397112801c1b400f3596
float,7,0.00012933670812020903,0.5001293367081202,0.00012934207916259766,-150,1.0001030266311282,0.9867437056785222,-0.005795635236783228,8fa713c11bebc4a76f9d1a412633a7fdb72f7be1ddce397112801c1b400f3596
float,8,0.00013417823063166523,0.5001341782306317,0.0001341700553894043,-150,1.000106872046188,0.9862523017292291,-0.006011970218886749,8fa713c11bebc4a76f9d1a412633a7fdb72f7be1ddce397112801c1b400f3596
float,9,0.00013920098815789483,0.5001392009881579,0.0001391768455505371,-150,1.0001108598627837,0.9857429560812032,-0.006236317623741852,8fa713c11bebc4a76f9d1a412633a7fdb72f7be1ddce397112801c1b400f3596
float,10,0.00014441176495572083,0.5001444117649557,0.00014442205429077148,-150,1.0001150375522072,0.9852096379733313,-0.006471348255832584,8fa713c11bebc4a76f9d1a412633a7fdb72f7be1ddce397112801c1b400f3596
float,11,0.00014981759923970994,0.5001498175992397,0.00014984607696533203,-150,1.0001193576378937,0.9846584419864265,-0.0067143913146473395,8fa713c11bebc4a76f9d1a412633a7fdb72f7be1ddce397112801c1b400f3596
float,12,0.0001554257926896785,0.5001554257926897,0.00015544891357421875,-150,1.0001238201173321,0.9840893984508301,-0.006965446802077767,8fa713c11bebc4a76f9d1a412633a7fdb72f7be1ddce397112801c1b400f3596
float,13,0.00016124392031247048,0.5001612439203125,0.00016123056411743164,-150,1.0001284249879283,0.9835025386670336,-0.00722451472007796,8fa713c11bebc4a76f9d1a412633a7fdb72f7be1ddce397112801c1b400f3596
float,14,0.000167279840673773,0.5001672798406738,0.0001672506332397461,-150,1.0001332197194426,0.9828918503425055,-0.007494265874286263,8fa713c11bebc4a76f9d1a412633a7fdb72f7be1ddce397112801c1b400f3596
float,15,0.00017354170651295853,0.500173541706513,0.0001735687255859375,-150,1.00013825178027,0.9822513376799886,-0.007777371071369269,8fa713c11bebc4a76f9d1a412633a7fdb72f7be1ddce397112801c1b400f3596
float,16,0.00018003797575427694,0.5001800379757543,0.00018006563186645508,-150,1.0001434262219915,0.9815931325209968,-0.008068488706753961,8fa713c11bebc4a76f9d1a412633a7fdb72f7be1ddce397112801c1b400f3596
float,17,0.00018677742293204957,0.500186777422932,0.00018680095672607422,-150,1.00014879051303,0.9809112386129363,-0.008370289587085926,8fa713c11bebc4a76f9d1a412633a7fdb72f7be1ddce397112801c1b400f3596
float,18,0.0001937691510414119,0.5001937691510414,0.00019377470016479492,-150,1.0001543446492283,0.9802057059407202,-0.008682773715496646,8fa713c11bebc4a76f9d1a412633a7fdb72f7be1ddce397112801c1b400f3596
float,19,0.0002010226038345886,0.5002010226038346,0.00020104646682739258,-150,1.0001601360969796,0.9794705626744011,-0.00900861190016051,8fa713c11bebc4a76f9d1a412633a7fdb72f7be1ddce397112801c1b400f3596
float,20,0.00020854757857613482,0.5002085475785761,0.0002085566520690918,-150,1.000166117380365,0.9787118950251747,-0.009345133340078318,8fa713c11bebc4a76f9d1a412633a7fdb72f7be1ddce397112801c1b400f3596
float,21,0.00021635423927623965,0.5002163542392762,0.00021636486053466797,-150,1.000172335964659,0.9779237445047388,-0.009695008844267187,8fa713c11bebc4a76f9d1a412633a7fdb72f7be1ddce397112801c1b400f3596
float,22,0.00022445313041952186,0.5002244531304195,0.0002244710922241211,-150,1.0001787918438372,0.9771061832944686,-0.010058238417264742,8fa713c11bebc4a76f9d1a412633a7fdb72f7be1ddce397112801c1b400f3596
float,23,0.00023285519120697096,0.500232855191207,0.00023287534713745117,-150,1.000185485011645,0.9762592862280145,-0.010434822063781808,8fa713c11bebc4a76f9d1a412633a7fdb72f7be1ddce397112801c1b400f3596
float,24,0.0002415717703321274,0.5002415717703321,0.0002415776252746582,-150,1.0001924154615982,0.975383130779889,-0.010824759788702116,8fa713c11bebc4a76f9d1a412633a7fdb72f7be1ddce397112801c1b400f3596
float,25,0.00025061464130948785,0.5002506146413095,0.0002506375312805176,-150,1.000199630655129,0.9744718042674592,-0.011230722403936317,8fa713c11bebc4a76f9d1a412633a7fdb72f7be1ddce397112801c1b400f3596
float,26,0.00025999601837722874,0.5002599960183772,0.0002599954605102539,-150,1.000207083116187,0.973531393725527,-0.011650039108583494,8fa713c11bebc4a76f9d1a412633a7fdb72f7be1ddce397112801c1b400f3596
float,27,0.0002697285729948984,0.5002697285729949,0.0002697110176086426,-150,1.000214820304717,0.9725560040076877,-0.012085380715673872,8fa713c11bebc4a76f9d1a412633a7fdb72f7be1ddce397112801c1b400f3596
float,28,0.0002798254509585041,0.5002798254509585,0.000279843807220459,-150,1.0002228896783683,0.9715397673312247,-0.012539418039967153,8fa713c11bebc4a76f9d1a412633a7fdb72f7be1ddce397112801c1b400f3596
float,29,0.0002903002901574192,0.5002903002901574,0.00029027462005615234,-150,1.000231196293988,0.9704947503596965,-0.013006809472920839,8fa713c11bebc4a76f9d1a412633a7fdb72f7be1ddce397112801c1b400f3596
float,30,0.0003011672389942044,0.5003011672389942,0.00030118227005004883,-150,1.0002398825401786,0.9694031632987468,-0.013495567447023857,8fa713c11bebc4a76f9d1a412633a7fdb72f7be1ddce397112801c1b400f3596
float,31,0.00031244097549532057,0.5003124409754953,0.00031244754791259766,-150,1.0002488534735474,0.9682770751327441,-0.014000350353913444,8fa713c11bebc4a76f9d1a412633a7fdb72f7be1ddce397112801c1b400f3596
float,32,0.00032413672713704766,0.500324136727137,0.0003241300582885742,-150,1.0002581565480302,0.9671106614513345,-0.01452382901114461,8fa713c11bebc4a76f9d1a412633a7fdb72f7be1ddce397112801c1b400f3596
float,33,0.0003362702914129212,0.5003362702914129,0.0003362894058227539,-150,1.000267839214748,0.9658981311054492,-0.015068674238391757,8fa713c11bebc4a76f9d1a412633a7fdb72f7be1ddce397112801c1b400f3596
float,34,0.00034885805717121965,0.5003488580571712,0.00034886598587036133,-150,1.0002778539955974,0.9646455934498774,-0.01563221523629667,8fa713c11bebc4a76f9d1a412633a7fdb72f7be1ddce397112801c1b400f3596
float,35,0.0003619170267523675,0.5003619170267524,0.0003619194030761719,-150,1.0002882483394149,0.9633472837271254,-0.016217122826253264,8fa713c11bebc4a76f9d1a412633a7fdb72f7be1ddce397112801c1b400f3596
float,36,0.0003754648389531212,0.5003754648389531,0.00037544965744018555,-150,1.0002990222300845,0.9620033911750238,-0.01682339702039481,8fa713c11bebc4a76f9d1a412633a7fdb72f7be1ddce397112801c1b400f3596
float,37,0.0003895197928516225,0.5003895197928516,0.00038951635360717773,-150,1.0003102231119043,0.9606082039541814,-0.017453708643531376,8fa713c11bebc4a76f9d1a412633a7fdb72f7be1ddce397112801c1b400f3596
float,38,0.0004041008725244044,0.5004041008725244,0.00040411949157714844,-150,1.0003218509653355,0.9591619507504452,-0.01810805771037207,8fa713c11bebc4a76f9d1a412633a7fdb72f7be1ddce397112801c1b400f3596
float,39,0.0004192277726877691,0.5004192277726878,0.00041919946670532227,-150,1.0003338583106212,0.9576707578249533,-0.01878377342280027,8fa713c11bebc4a76f9d1a412633a7fdb72f7be1ddce397112801c1b400f3596
float,40,0.00043492092529973103,0.5004349209252997,0.0004349350929260254,-150,1.0003463875051517,0.9561172017412196,-0.019488868236803073,8fa713c11bebc4a76f9d1a412633a7fdb72f7be1ddce397112801c1b400f3596
float,41,0.00045120152715760753,0.5004512015271576,0.00045120716094970703,-150,1.0003593436065623,0.9545133336518962,-0.020218000543235935,8fa713c11bebc4a76f9d1a412633a7fdb72f7be1ddce397112801c1b400f3596
float,42,0.0004680915685282283,0.5004680915685282,0.0004680752754211426,-150,1.0003727740492112,0.9528535554489999,-0.020973841174387883,8fa713c11bebc4a76f9d1a412633a7fdb72f7be1ddce397112801c1b400f3596
float,43,0.0004856138628509532,0.500485613862851,0.0004855990409851074,-150,1.0003867262631245,0.951132318999741,-0.021759060965808468,8fa713c11bebc4a76f9d1a412633a7fdb72f7be1ddce397112801c1b400f3596
float,44,0.0005037920775511351,0.5005037920775511,0.0005037784576416016,-150,1.0004012002185507,0.949349967931725,-0.022573659939888698,8fa713c11bebc4a76f9d1a412633a7fdb72f7be1ddce397112801c1b400f3596
float,45,0.0005226507660083257,0.5005226507660083,0.0005226731300354004,-150,1.0004162433387773,0.9475010306847448,-0.023420308937247534,8fa713c11bebc4a76f9d1a412633a7fdb72f7be1ddce397112801c1b400f3596
float,46,0.0005422154007201918,0.5005422154007202,0.0005422234535217285,-150,1.0004318081356631,0.945591724672044,-0.024296337166069968,8fa713c11bebc4a76f9d1a412633a7fdb72f7be1ddce397112801c1b400f3596
float,47,0.0005625124077087706,0.5005625124077088,0.0005624890327453613,-150,1.0004479420281185,0.9436166264814781,-0.025204415470265727,8fa713c11bebc4a76f9d1a412633a7fdb72f7be1ddce397112801c1b400f3596
float,48,0.0005835692022138073,0.5005835692022138,0.0005835890769958496,-150,1.0004647398806485,0.9415645837566162,-0.026149885517575782,8fa713c11bebc4a76f9d1a412633a7fdb72f7be1ddce397112801c1b400f3596
float,49,0.0006054142257228001,0.5006054142257228,0.0006054043769836426,-150,1.00048210674787,0.9394476714479443,-0.027127405701110826,8fa713c11bebc4a76f9d1a412633a7fdb72f7be1ddce397112801c1b400f3596
float,50,0.0006280769843869383,0.5006280769843869,0.000628054141998291,-150,1.000500137486841,0.9372548195029033,-0.028142317694211133,8fa713c11bebc4a76f9d1a412633a7fdb72f7be1ddce397112801c1b400f3596
float,51,0.0006515880888752212,0.5006515880888752,0.0006515979766845703,-150,1.000518879496133,0.9349808322837135,-0.029197292356082708,8fa713c11bebc4a76f9d1a412633a7fdb72f7be1ddce397112801c1b400f3596
float,52,0.0006759792957203858,0.5006759792957204,0.0006759762763977051,-150,1.0005382852749674,0.9326320610474667,-0.030289658904403823,8fa713c11bebc4a76f9d1a412633a7fdb72f7be1ddce397112801c1b400f3596
float,53,0.0007012835502124837,0.5007012835502125,0.0007013082504272461,-150,1.000558449660586,0.9301976563684086,-0.03142475902741563,8fa713c11bebc4a76f9d1a412633a7fdb72f7be1ddce397112801c1b400f3596
float,54,0.0007275350308985074,0.5007275350308985,0.000727534294128418,-150,1.0005793251468098,0.9276840251577589,-0.03259992194685078,8fa713c11bebc4a76f9d1a412633a7fdb72f7be1ddce397112801c1b400f3596
float,55,0.0007547691957470182,0.500754769195747,0.0007547736167907715,-150,1.0006010065573343,0.9250804663165312,-0.03382048936113348,8fa713c11bebc4a76f9d1a412633a7fdb72f7be1ddce397112801c1b400f3596
float,56,0.0007830228300416131,0.5007830228300416,0.0007830262184143066,-150,1.0006234938206704,0.9223877757136711,-0.035086461324021996,8fa713c11bebc4a76f9d1a412633a7fdb72f7be1ddce397112801c1b400f3596
float,57,0.0008123340960669578,0.500812334096067,0.0008123517036437988,-150,1.0006468343019181,0.9196011194640841,-0.03640050871987637,8fa713c11bebc4a76f9d1a412633a7fdb72f7be1ddce397112801c1b400f3596
float,58,0.0008427425846547765,0.5008427425846548,0.000842750072479248,-150,1.0006710279195812,0.9167213973084125,-0.037762631609968615,8fa713c11bebc4a76f9d1a412633a7fdb72f7be1ddce397112801c1b400f3596
float,59,0.0008742893686590758,0.5008742893686591,0.0008742809295654297,-150,1.0006961220252435,0.9137439176991065,-0.03917550088881022,8fa713c11bebc4a76f9d1a412633a7fdb72f7be1ddce397112801c1b400f3596
float,60,0.0009070170584336568,0.5009070170584337,0.0009070038795471191,-150,1.000722163960787,0.910664092220812,-0.040641787458200795,8fa713c11bebc4a76f9d1a412633a7fdb72f7be1ddce397112801c1b400f3596
float,61,0.000940969859385743,0.5009409698593857,0.0009409785270690918,-150,1.0007492010577927,0.907477441136375,-0.04216416222767673,8fa713c11bebc4a76f9d1a412633a7fdb72f7be1ddce397112801c1b400f3596
float,62,0.0009761936316847741,0.5009761936316848,0.0009762048721313477,-150,1.000777233206098,0.9041851596891918,-0.0437426252800309,8fa713c11bebc4a76f9d1a412633a7fdb72f7be1ddce397112801c1b400f3596
float,63,0.0010127359522057455,0.5010127359522057,0.0010127425193786621,-150,1.0008063077204141,0.9007829400316062,-0.045379847537461,8fa713c11bebc4a76f9d1a412633a7fdb72f7be1ddce397112801c1b400f3596
float,64,0.001050646178791359,0.5010506461787914,0.0010506510734558105,-150,1.0008364719036051,0.897266596418634,-0.04707849993105878,8fa713c11bebc4a76f9d1a412633a7fdb72f7be1ddce397112801c1b400f3596
float,65,0.0010899755169200276,0.50108997551692,0.0010899901390075684,-150,1.0008677730459947,0.893632071184373,-0.048841253401328055,8fa713c11bebc4a76f9d1a412633a7fdb72f7be1ddce397112801c1b400f3596
float,66,0.001130777088868995,0.501130777088869,0.0011307597160339355,-150,1.0009002110017844,0.889880913465064,-0.050668108057792975,8fa713c11bebc4a76f9d1a412633a7fdb72f7be1ddce397112801c1b400f3596
float,67,0.0011731060054671616,0.5011731060054672,0.0011730790138244629,-150,1.0009338804612422,0.8860038199017853,-0.05256440569907729,8fa713c11bebc4a76f9d1a412633a7fdb72f7be1ddce397112801c1b400f3596
float,68,0.0012170194405332069,0.5012170194405332,0.0012170076370239258,-150,1.0009688286728686,0.8819971518397566,-0.054532817297062906,8fa713c11bebc4a76f9d1a412633a7fdb72f7be1ddce397112801c1b400f3596
float,69,0.0012625767081004824,0.5012625767081005,0.0012626051902770996,-150,1.0010051028695623,0.8778574237355313,-0.05657601383533107,8fa713c11bebc4a76f9d1a412633a7fdb72f7be1ddce397112801c1b400f3596
float,70,0.0013098393425331478,0.5013098393425331,0.001309812068939209,-150,1.0010426554404899,0.8735920545105167,-0.058691324614075696,8fa713c11bebc4a76f9d1a412633a7fdb72f7be1ddce397112801c1b400f3596
float,71,0.001358871181639909,0.5013588711816399,0.0013588666915893555,-150,1.0010816758332968,0.869181685660959,-0.06088943318006946,8fa713c11bebc4a76f9d1a412633a7fdb72f7be1ddce397112801c1b400f3596
float,72,0.0014097384529009327,0.5014097384529009,0.0014097094535827637,-150,1.001122116404594,0.8646340434973766,-0.06316766885789993,8fa713c11bebc4a76f9d1a412633a7fdb72f7be1ddce397112801c1b400f3596
float,73,0.0014625098629210687,0.5014625098629211,0.0014625191688537598,-150,1.0011641191361482,0.8599356538091217,-0.0655340443856508,8fa713c11bebc4a76f9d1a412633a7fdb72f7be1ddce397112801c1b400f3596
float,74,0.0015172566902320606,0.5015172566902321,0.0015172362327575684,-150,1.0012076363557871,0.8550944957585721,-0.06798588910944604,8fa713c11bebc4a76f9d1a412633a7fdb72f7be1ddce397112801c1b400f3596
float,75,0.001574052881568977,0.501574052881569,0.0015740394592285156,-150,1.0012528099931712,0.8500975884841416,-0.07053121580641332,8fa713c11bebc4a76f9d1a412633a7fdb72f7be1ddce397112801c1b400f3596
float,76,0.0016329751517502045,0.5016329751517502,0.001632988452911377,-150,1.0012996871381725,0.8449427900266747,-0.07317269556729028,8fa713c11bebc4a76f9d1a412633a7fdb72f7be1ddce397112801c1b400f3596
float,77,0.0016941030872962282,0.5016941030872962,0.0016940832138061523,-150,1.001348267462925,0.8396333327057526,-0.07591032863796374,8fa713c11bebc4a76f9d1a412633a7fdb72f7be1ddce397112801c1b400f3596
float,78,0.0017575192539277529,0.5017575192539278,0.001757502555847168,-150,1.0013986927994223,0.8341571411957247,-0.07875212786871079,8fa713c11bebc4a76f9d1a412633a7fdb72f7be1ddce397112801c1b400f3596
float,79,0.0018233093080873841,0.5018233093080874,0.0018233060836791992,-150,1.0014510101527152,0.8285128251883173,-0.08170076441373932,8fa713c11bebc4a76f9d1a412633a7fdb72f7be1ddce397112801c1b400f3596
float,80,0.0018915621126359694,0.501891562112636,0.0018915534019470215,-150,1.0015052664997812,0.8226992294704849,-0.08475890944824008,8fa713c11bebc4a76f9d1a412633a7fdb72f7be1ddce397112801c1b400f3596
float,81,0.001962369856880364,0.5019623698568804,0.0019623637199401855,-150,1.0015615561683324,0.8167104169677287,-0.0879319050423889,8fa713c11bebc4a76f9d1a412633a7fdb72f7be1ddce397112801c1b400f3596
float,82,0.0020358281810931578,0.5020358281810932,0.002035856246948242,-150,1.0016199734403626,0.8105408484993606,-0.09122509330055688,8fa713c11bebc4a76f9d1a412633a7fdb72f7be1ddce397112801c1b400f3596
float,83,0.0021120363056952307,0.5021120363056952,0.0021120309829711914,-150,1.0016805178047528,0.8041952903519382,-0.09463847460559487,8fa713c11bebc4a76f9d1a412633a7fdb72f7be1ddce397112801c1b400f3596
float,84,0.0021910971652723266,0.5021910971652723,0.0021911263465881348,-150,1.0017433782048024,0.7976589952390056,-0.09818273288189051,8fa713c11bebc4a76f9d1a412633a7fdb72f7be1ddce397112801c1b400f3596
float,85,0.0022731175476095045,0.5022731175476095,0.0022731423377990723,-150,1.0018085540414552,0.7909374354997886,-0.10185786857796092,8fa713c11bebc4a76f9d1a412633a7fdb72f7be1ddce397112801c1b400f3596
float,86,0.002358208237930093,0.5023582082379301,0.0023581981658935547,-150,1.0018761394128233,0.7840265614366373,-0.10566922393551072,8fa713c11bebc4a76f9d1a412633a7fdb72f7be1ddce397112801c1b400f3596
float,87,0.002446484168533103,0.5024464841685331,0.002446472644805908,-150,1.0019462757136837,0.776918007809982,-0.10962481213165494,8fa713c11bebc4a76f9d1a412633a7fdb72f7be1ddce397112801c1b400f3596
float,88,0.002538064574032939,0.5025380645740329,0.0025380849838256836,-150,1.002019056907885,0.7696087991938307,-0.11372997550834131,8fa713c11bebc4a76f9d1a412633a7fdb72f7be1ddce397112801c1b400f3596
float,89,0.002633073152410126,0.5026330731524101,0.0026330947875976562,-150,1.0020945295477202,0.7621011455616472,-0.11798738555779464,8fa713c11bebc4a76f9d1a412633a7fdb72f7be1ddce397112801c1b400f3596
float,90,0.0027316382320905497,0.5027316382320905,0.002731621265411377,-150,1.00217278747666,0.7543929398138407,-0.12240238471165864,8fa713c11bebc4a76f9d1a412633a7fdb72f7be1ddce397112801c1b400f3596
float,91,0.0028338929452791373,0.5028338929452791,0.0028339028358459473,-150,1.0022540191364386,0.7464734105555437,-0.12698565726871586,8fa713c11bebc4a76f9d1a412633a7fdb72f7be1ddce397112801c1b400f3596
float,92,0.002939975407781792,0.5029399754077818,0.0029399991035461426,-150,1.0023382708602167,0.738346337793484,-0.13173987488443906,8fa713c11bebc4a76f9d1a412633a7fdb72f7be1ddce397112801c1b400f3596
float,93,0.0030500289055592766,0.5030500289055593,0.0030500292778015137,-150,1.0024256362458335,0.7300113623913566,-0.13667038017342867,8fa713c11bebc4a76f9d1a412633a7fdb72f7be1ddce397112801c1b400f3596
float,94,0.0031642020882636235,0.5031642020882636,0.003164231777191162,-150,1.0025163034425761,0.7214598087862394,-0.1417878576523115,8fa713c11bebc4a76f9d1a412633a7fdb72f7be1ddce397112801c1b400f3596
float,95,0.003282649170020302,0.5032826491700203,0.0032826662063598633,-150,1.0026103185258224,0.7126971479137121,-0.1470949791682703,8fa713c11bebc4a76f9d1a412633a7fdb72f7be1ddce397112801c1b400f3596
float,96,0.0034055301377251546,0.5034055301377252,0.0034055113792419434,-150,1.0027078221117507,0.7037205630779623,-0.1525997584783417,8fa713c11bebc4a76f9d1a412633a7fdb72f7be1ddce397112801c1b400f3596
float,97,0.0035330109671399823,0.50353301096714,0.003533005714416504,-150,1.0028090019903615,0.6945237789947095,-0.1583128803663988,8fa713c11bebc4a76f9d1a412633a7fdb72f7be1ddce397112801c1b400f3596
float,98,0.0036652638470758836,0.5036652638470759,0.0036652684211730957,-150,1.002913951207445,0.6851100087228214,-0.16423968785743534,8fa713c11bebc4a76f9d1a412633a7fdb72f7be1ddce397112801c1b400f3596
float,99,0.0038024674119696567,0.5038024674119697,0.003802478313446045,-150,1.0030228099812144,0.6754789272572418,-0.17038819500412644,8fa713c11bebc4a76f9d1a412633a7fdb72f7be1ddce397112801c1b400f3596
float,100,0.003944806983166238,0.5039448069831662,0.003944814205169678,-150,1.0031357183827099,0.6656310676878922,-0.17676641596832876,8fa713c11bebc4a76f9d1a412633a7fdb72f7be1ddce397112801c1b400f3596
float,101,0.004092474819232139,0.5040924748192321,0.00409245491027832,-150,1.0032528163279644,0.6555678318633198,-0.18338236502680758,8fa713c11bebc4a76f9d1a412633a7fdb72f7be1ddce397112801c1b400f3596
float,102,0.00424567037564072,0.5042456703756407,0.00424569845199585,-150,1.0033743380946742,0.6452835612593371,-0.1902493984994078,8fa713c11bebc4a76f9d1a412633a7fdb72f7be1ddce397112801c1b400f3596
float,103,0.004404600574176576,0.5044046005741766,0.004404604434967041,-150,1.003500328706663,0.6347896117781392,-0.19737018901288264,8fa713c11bebc4a76f9d1a412633a7fdb72f7be1ddce397112801c1b400f3596
float,104,0.004569480082426081,0.5045694800824261,0.0045694708824157715,-150,1.0036310220546814,0.6240823594579628,-0.2047580931735484,8fa713c11bebc4a76f9d1a412633a7fdb72f7be1ddce397112801c1b400f3596
float,105,0.004740531603729337,0.5047405316037293,0.004740536212921143,-150,1.0037666045328204,0.6131633710252301,-0.21242379679998058,8fa713c11bebc4a76f9d1a412633a7fdb72f7be1ddce397112801c1b400f3596
float,106,0.004917986177986666,0.5049179861779867,0.0049179792404174805,-150,1.0039072150684603,0.6020390823378234,-0.22037531490044462,8fa713c11bebc4a76f9d1a412633a7fdb72f7be1ddce397112801c1b400f3596
float,107,0.005102083493724652,0.5051020834937247,0.005102097988128662,-150,1.0040530868112867,0.5907095543773903,-0.22862600462923258,8fa713c11bebc4a76f9d1a412633a7fdb72f7be1ddce397112801c1b400f3596
float,108,0.005293072211844718,0.5052930722118447,0.005293071269989014,-150,1.004204358191225,0.5791834168081377,-0.23718388136170526,8fa713c11bebc4a76f9d1a412633a7fdb72f7be1ddce397112801c1b400f3596
float,109,0.005491210301490024,0.50549121030149,0.005491197109222412,-150,1.004361261795529,0.567463192892594,-0.2460623026670828,8fa713c11bebc4a76f9d1a412633a7fdb72f7be1ddce397112801c1b400f3596
float,110,0.005696765388485292,0.5056967653884853,0.005696773529052734,-150,1.0045240298768339,0.55555284201937,-0.2552746263613118,8fa713c11bebc4a76f9d1a412633a7fdb72f7be1ddce397112801c1b400f3596
float,111,0.005910015116819989,0.50591001511682,0.005910038948059082,-150,1.0046928471576484,0.5434610962620544,-0.26483153949570043,8fa713c11bebc4a76f9d1a412633a7fdb72f7be1ddce397112801c1b400f3596
float,112,0.00613124752366323,0.5061312475236632,0.006131231784820557,-150,1.0048678980327912,0.5311978035970065,-0.2747437293623133,8fa713c11bebc4a76f9d1a412633a7fdb72f7be1ddce397112801c1b400f3596
float,113,0.0063607614284164615,0.5063607614284165,0.006360769271850586,-150,1.0050495080128647,0.5187643262016649,-0.2850298966327792,8fa713c11bebc4a76f9d1a412633a7fdb72f7be1ddce397112801c1b400f3596
float,114,0.00659886683632982,0.5065988668363298,0.0065988898277282715,-150,1.0052378606773567,0.5061733441248514,-0.29570072919811274,8fa713c11bebc4a76f9d1a412633a7fdb72f7be1ddce397112801c1b400f3596
float,115,0.00684588535722741,0.5068458853572274,0.00684589147567749,-150,1.0054331863477224,0.49343552534106055,-0.3067695862930116,8fa713c11bebc4a76f9d1a412633a7fdb72f7be1ddce397112801c1b400f3596
float,116,0.0071021506399069345,0.5071021506399069,0.0071021318435668945,-150,1.005635762003042,0.4805598699858814,-0.31825249855783344,8fa713c11bebc4a76f9d1a412633a7fdb72f7be1ddce397112801c1b400f3596
float,117,0.007368008822800309,0.5073680088228003,0.007368028163909912,-150,1.0058459111877829,0.46755405930449667,-0.33016816810627614,8fa713c11bebc4a76f9d1a412633a7fdb72f7be1ddce397112801c1b400f3596
float,118,0.007643819001503793,0.5076438190015038,0.0076438188552856445,-150,1.0060638155631665,0.45443598670433805,-0.34252728423304646,8fa713c11bebc4a76f9d1a412633a7fdb72f7be1ddce397112801c1b400f3596
float,119,0.00792995371381,0.50792995371381,0.007929980754852295,-150,1.0062898445982555,0.4412134865287455,-0.35535122099273503,8fa713c11bebc4a76f9d1a412633a7fdb72f7be1ddce397112801c1b400f3596
float,120,0.00822679944289606,0.5082267994428961,0.00822681188583374,-150,1.0065242258443534,0.4279043094930175,-0.36865333964457214,8fa713c11bebc4a76f9d1a412633a7fdb72f7be1ddce397112801c1b400f3596
float,121,0.008534757139347371,0.5085347571393474,0.008534729480743408,-150,1.0067672803341314,0.41452206774669287,-0.3824523441354083,8fa713c11bebc4a76f9d1a412633a7fdb72f7be1ddce397112801c1b400f3596
float,122,0.00885424276272373,0.5088542427627237,0.008854269981384277,-150,1.0070194223881355,0.40107696392668685,-0.3967722812415502,8fa713c11bebc4a76f9d1a412633a7fdb72f7be1ddce397112801c1b400f3596
float,123,0.009185687843396462,0.5091856878433965,0.00918567180633545,-150,1.007280830351211,0.38759320733459,-0.411623842671207,8fa713c11bebc4a76f9d1a412633a7fdb72f7be1ddce397112801c1b400f3596
float,124,0.009529540065419062,0.5095295400654191,0.009529531002044678,-150,1.0075519638654171,0.3740815185156926,-0.42703374757544094,8fa713c11bebc4a76f9d1a412633a7fdb72f7be1ddce397112801c1b400f3596
float,125,0.009886263871214607,0.5098862638712146,0.00988626480102539,-150,1.0078331405523435,0.36056145501222975,-0.443020702378538,8fa713c11bebc4a76f9d1a412633a7fdb72f7be1ddce397112801c1b400f3596
float,126,0.010256341088900944,0.5102563410889009,0.010256350040435791,-150,1.0081247240411322,0.34705149105302463,-0.45960608537857967,8fa713c11bebc4a76f9d1a412633a7fdb72f7be1ddce397112801c1b400f3596
float,127,0.010640271583096217,0.5106402715830962,0.010640263557434082,-150,1.0084270768890031,0.3335713359906363,-0.4768112756480271,8fa713c11bebc4a76f9d1a412633a7fdb72f7be1ddce397112801c1b400f3596
float,128,0.011038573930089335,0.5110385739300893,0.011038601398468018,-150,1.0087406543468105,0.3201378356475974,-0.4946629955155628,8fa713c11bebc4a76f9d1a412633a7fdb72f7be1ddce397112801c1b400f3596
float,129,0.011451786118281682,0.5114517861182817,0.011451780796051025,-150,1.0090657696361018,0.3067750569619517,-0.5131799545801616,8fa713c11bebc4a76f9d1a412633a7fdb72f7be1ddce397112801c1b400f3596
float,130,0.011880466274850399,0.5118804662748504,0.011880457401275635,-150,1.0094029222790464,0.2935002339139405,-0.532391548292029,8fa713c11bebc4a76f9d1a412633a7fdb72f7be1ddce397112801c1b400f3596
float,131,0.01232519341961269,0.5123251934196127,0.012325167655944824,-150,1.0097525165138979,0.2803355462242604,-0.5523218307082227,8fa713c11bebc4a76f9d1a412633a7fdb72f7be1ddce397112801c1b400f3596
float,132,0.012786568247109997,0.51278656824711,0.012786567211151123,-150,1.0101150487256545,0.26730051805867816,-0.5730001995307534,8fa713c11bebc4a76f9d1a412633a7fdb72f7be1ddce397112801c1b400f3596
float,133,0.013265213937968312,0.5132652139379683,0.01326519250869751,-150,1.0104909199365977,0.25441885213932014,-0.5944507111182241,8fa713c11bebc4a76f9d1a412633a7fdb72f7be1ddce397112801c1b400f3596
float,134,0.013761777000630415,0.5137617770006304,0.013761758804321289,-150,1.0108806698161055,0.24170996919382864,-0.6167054369875407,8fa713c11bebc4a76f9d1a412633a7fdb72f7be1ddce397112801c1b400f3596
float,135,0.014276928144597023,0.514276928144597,0.01427692174911499,-150,1.0112847892225738,0.22919557110051497,-0.6397937787866333,8fa713c11bebc4a76f9d1a412633a7fdb72f7be1ddce397112801c1b400f3596
float,136,0.014811363186356563,0.5148113631863566,0.014811336994171143,-150,1.011703766941801,0.21689765685831458,-0.6637451396363411,8fa713c11bebc4a76f9d1a412633a7fdb72f7be1ddce397112801c1b400f3596
float,137,0.015365803989227156,0.5153658039892272,0.015365779399871826,-150,1.0121381829506462,0.20483573898932292,-0.688594266974879,8fa713c11bebc4a76f9d1a412633a7fdb72f7be1ddce397112801c1b400f3596
float,138,0.0159409994383799,0.5159409994383799,0.01594102382659912,-150,1.0125886146899277,0.19302967966614984,-0.7143759100376107,8fa713c11bebc4a76f9d1a412633a7fdb72f7be1ddce397112801c1b400f3596
float,139,0.0165377264523604,0.5165377264523604,0.016537725925445557,-150,1.0130555436715398,0.18150162719045743,-0.7411194770925027,8fa713c11bebc4a76f9d1a412633a7fdb72f7be1ddce397112801c1b400f3596
float,140,0.017156791032475915,0.5171567910324759,0.017156779766082764,-150,1.0135396352174249,0.1702687453891795,-0.7688650640205755,8fa713c11bebc4a76f9d1a412633a7fdb72f7be1ddce397112801c1b400f3596
float,141,0.017799029351464157,0.5177990293514642,0.017799019813537598,-150,1.0140415048616236,0.15934920551374152,-0.7976500974984264,8fa713c11bebc4a76f9d1a412633a7fdb72f7be1ddce397112801c1b400f3596
float,142,0.01846530888291431,0.5184653088829143,0.018465280532836914,-150,1.014561764867628,0.14876062471827917,-0.8275120064952933,8fa713c11bebc4a76f9d1a412633a7fdb72f7be1ddce397112801c1b400f3596
float,143,0.019156529572967207,0.5191565295729672,0.01915651559829712,-150,1.0151011170321185,0.13851807087649914,-0.8584935654443016,8fa713c11bebc4a76f9d1a412633a7fdb72f7be1ddce397112801c1b400f3596
float,144,0.019873625055875532,0.5198736250558755,0.019873619079589844,-150,1.0156602127713272,0.1286367680431615,-0.8906348799657524,8fa713c11bebc4a76f9d1a412633a7fdb72f7be1ddce397112801c1b400f3596
float,145,0.020617563915066972,0.520617563915067,0.020617544651031494,-150,1.016239745925108,0.1191300351611724,-0.9239787300346288,8fa713c11bebc4a76f9d1a412633a7fdb72f7be1ddce397112801c1b400f3596
float,146,0.02138935099141359,0.5213893509914136,0.021389365196228027,-150,1.0168404987183517,0.11000863048878003,-0.9585732418724837,8fa713c11bebc4a76f9d1a412633a7fdb72f7be1ddce397112801c1b400f3596
float,147,0.02219002874047349,0.5221900287404735,0.02219003438949585,-150,1.017463155782071,0.10128352275088569,-0.9944612018304279,8fa713c11bebc4a76f9d1a412633a7fdb72f7be1ddce397112801c1b400f3596
float,148,0.023020678640539693,0.5230206786405397,0.023020684719085693,-150,1.0181085357554953,0.0929622411848158,-1.0316934146174117,8fa713c11bebc4a76f9d1a412633a7fdb72f7be1ddce397112801c1b400f3596
float,149,0.02388242265339624,0.5238824226533962,0.02388244867324829,-150,1.0187774516286234,0.08505097785308116,-1.0703206888267685,8fa713c11bebc4a76f9d1a412633a7fdb72f7be1ddce397112801c1b400f3596
float,150,0.02477642473975672,0.5247764247397567,0.0247763991355896,-150,1.0194706642334548,0.07755482721338114,-1.1103911653953231,8fa713c11bebc4a76f9d1a412633a7fdb72f7be1ddce397112801c1b400f3596
float,151,0.02570389243142923,0.5257038924314292,0.025703907012939453,-150,1.0201891590536234,0.07047476749122832,-1.1519663482686069,8fa713c11bebc4a76f9d1a412633a7fdb72f7be1ddce397112801c1b400f3596
float,152,0.02666607846233482,0.5266660784623348,0.026666104793548584,-150,1.0209337297651138,0.06381208584702375,-1.1950970592163943,8fa713c11bebc4a76f9d1a412633a7fdb72f7be1ddce397112801c1b400f3596
float,153,0.02766428246057906,0.5276642824605791,0.02766430377960205,-150,1.0217053011786503,0.05756491394020897,-1.2398421402735211,8fa713c11bebc4a76f9d1a412633a7fdb72f7be1ddce397112801c1b400f3596
float,154,0.028699852703864326,0.5286998527038643,0.028699874877929688,-150,1.0225048360806515,0.051729334262180564,-1.2862631107678328,8fa713c11bebc4a76f9d1a412633a7fdb72f7be1ddce397112801c1b400f3596
float,155,0.02977418794061404,0.529774187940614,0.029774188995361328,-150,1.0233332885798638,0.046299734875331476,-1.3344214958613172,8fa713c11bebc4a76f9d1a412633a7fdb72f7be1ddce397112801c1b400f3596
float,156,0.030888739279266053,0.530888739279266,0.030888736248016357,-150,1.0241916953876726,0.04126822875585552,-1.3843841707655655,8fa713c11bebc4a76f9d1a412633a7fdb72f7be1ddce397112801c1b400f3596
float,157,0.03204501214829081,0.5320450121482908,0.03204500675201416,-150,1.0250810830860817,0.03662536677846697,-1.4362180174482997,8fa713c11bebc4a76f9d1a412633a7fdb72f7be1ddce397112801c1b400f3596
float,158,0.033244568329579005,0.533244568329579,0.033244550228118896,-150,1.0260025133247446,0.032359917295422876,-1.4899925970161116,8fa713c11bebc4a76f9d1a412633a7fdb72f7be1ddce397112801c1b400f3596
float,159,0.03448902806794507,0.5344890280679451,0.03448903560638428,-150,1.0269571276047027,0.028458838926921165,-1.5457828223795387,8fa713c11bebc4a76f9d1a412633a7fdb72f7be1ddce397112801c1b400f3596
float,160,0.03578007225959878,0.5357800722595988,0.03578007221221924,-150,1.0279460091131885,0.024908011487275922,-1.6036609426591892,8fa713c11bebc4a76f9d1a412633a7fdb72f7be1ddce397112801c1b400f3596
float,161,0.03711944472253692,0.5371194447225369,0.03711944818496704,-150,1.0289703645773403,0.021691658965861272,-1.6637072321182376,8fa713c11bebc4a76f9d1a412633a7fdb72f7be1ddce397112801c1b400f3596
float,162,0.03850895455192471,0.5385089545519247,0.03850895166397095,-150,1.0300313860357595,0.018793082721973556,-1.7260019745918307,8fa713c11bebc4a76f9d1a412633a7fdb72f7be1ddce397112801c1b400f3596
float,163,0.03995047856364731,0.5399504785636473,0.03995048999786377,-150,1.0311303408323553,0.016194561438209805,-1.7906308085395346,8fa713c11bebc4a76f9d1a412633a7fdb72f7be1ddce397112801c1b400f3596
float,164,0.04144596382933152,0.5414459638293315,0.04144597053527832,-150,1.0322684793424894,0.013877799753238721,-1.8576793833604268,8fa713c11bebc4a76f9d1a412633a7fdb72f7be1ddce397112801c1b400f3596
float,165,0.04299743030626246,0.5429974303062625,0.04299741983413696,-150,1.0334471245227794,0.011823914898659338,-1.927238704725269,8fa713c11bebc4a76f9d1a412633a7fdb72f7be1ddce397112801c1b400f3596
float,166,0.044606973565747055,0.544606973565747,0.04460698366165161,-150,1.0346676700940274,0.010013706641969392,-1.999405135689265,8fa713c11bebc4a76f9d1a412633a7fdb72f7be1ddce397112801c1b400f3596
float,167,0.04627676762360944,0.5462767676236094,0.046276748180389404,-150,1.0359314433863875,0.008428060018888127,-2.0742723803041945,8fa713c11bebc4a76f9d1a412633a7fdb72f7be1ddce397112801c1b400f3596
float,168,0.04800906787664261,0.5480090678766426,0.04800909757614136,-150,1.0372399744792973,0.007047782298616527,-2.1519475194611855,8fa713c11bebc4a76f9d1a412633a7fdb72f7be1ddce397112801c1b400f3596
float,169,0.04980621414898001,0.54980621414898,0.04980623722076416,-150,1.0385946335851863,0.0058542379147694295,-2.2325296319241015,8fa713c11bebc4a76f9d1a412633a7fdb72f7be1ddce397112801c1b400f3596
float,170,0.05167063385250492,0.5516706338525049,0.051670610904693604,-150,1.0399969445968729,0.004829158912412222,-2.3161285031007526,8fa713c11bebc4a76f9d1a412633a7fdb72f7be1ddce397112801c1b400f3596
float,171,0.053604845265564194,0.5536048452655642,0.053604841232299805,-150,1.0414485370020703,0.003954923120280438,-2.4028619543312835,8fa713c11bebc4a76f9d1a412633a7fdb72f7be1ddce397112801c1b400f3596
float,172,0.055611460934415824,0.5556114609344158,0.05561143159866333,-150,1.0429509198550493,0.0032148263515124577,-2.492842480474331,8fa713c11bebc4a76f9d1a412633a7fdb72f7be1ddce397112801c1b400f3596
float,173,0.057693191202004335,0.5576931912020043,0.05769318342208862,-150,1.0445057923838115,0.002593009091195432,-2.586195960573846,8fa713c11bebc4a76f9d1a412633a7fdb72f7be1ddce397112801c1b400f3596
float,174,0.05985284786883116,0.5598528478688312,0.05985283851623535,-150,1.0461147733003313,0.0020746955595062253,-2.683045622579251,8fa713c11bebc4a76f9d1a412633a7fdb72f7be1ddce397112801c1b400f3596
float,175,0.06209334799086286,0.5620933479908629,0.062093377113342285,-150,1.0477796205356675,0.0016461696506554402,-2.783525409374773,8fa713c11bebc4a76f9d1a412633a7fdb72f7be1ddce397112801c1b400f3596
float,176,0.0644177178196097,0.5644177178196097,0.06441771984100342,-150,1.0495020061911033,0.001294891513060108,-2.88776661556186,8fa713c11bebc4a76f9d1a412633a7fdb72f7be1ddce397112801c1b400f3596
float,177,0.06682909688969396,0.566829096889694,0.06682908535003662,-150,1.051283778739414,0.0010094529286264714,-2.9959139276509035,8fa713c11bebc4a76f9d1a412633a7fdb72f7be1ddce397112801c1b400f3596
float,178,0.06933074225943092,0.5693307422594309,0.06933075189590454,-150,1.053126781963896,0.0007796241185062582,-3.1081147339821253,8fa713c11bebc4a76f9d1a412633a7fdb72f7be1ddce397112801c1b400f3596
float,179,0.07192603291014854,0.5719260329101485,0.0719260573387146,-150,1.05503285157595,0.0005963220570944532,-3.2245191264294677,8fa713c11bebc4a76f9d1a412633a7fdb72f7be1ddce397112801c1b400f3596
float,180,0.07461847431019031,0.5746184743101903,0.07461845874786377,-150,1.057003855211435,0.00045156203787019187,-3.3452825756852564,8fa713c11bebc4a76f9d1a412633a7fdb72f7be1ddce397112801c1b400f3596
float,181,0.07741170314976353,0.5774117031497635,0.0774117112159729,-150,1.0590418181664705,0.00033839664264013694,-3.4705739544098915,8fa713c11bebc4a76f9d1a412633a7fdb72f7be1ddce397112801c1b400f3596
float,182,0.0803094922530293,0.5803094922530293,0.08030951023101807,-150,1.0611486567370148,0.0002508652467650563,-3.6005594988430953,8fa713c11bebc4a76f9d1a412633a7fdb72f7be1ddce397112801c1b400f3596
float,183,0.08331575567407068,0.5833157556740707,0.08331573009490967,-150,1.0633263477590373,0.00018390201798594536,-3.735413505153699,8fa713c11bebc4a76f9d1a412633a7fdb72f7be1ddce397112801c1b400f3596
float,184,0.08643455398361821,0.5864345539836182,0.08643454313278198,-150,1.0655770082277034,0.00013325279265683645,-3.875323680442142,8fa713c11bebc4a76f9d1a412633a7fdb72f7be1ddce397112801c1b400f3596
float,185,0.08967009975367835,0.5896700997536783,0.08967012166976929,-150,1.0679026731174799,9.539425551651642e-05,-4.0204777770002345,8fa713c11bebc4a76f9d1a412633a7fdb72f7be1ddce397112801c1b400f3596
float,186,0.09302676324746906,0.5930267632474691,0.09302675724029541,-150,1.0703053759936454,6.74420957635621e-05,-4.171068942469786,8fa713c11bebc4a76f9d1a412633a7fdb72f7be1ddce397112801c1b400f3596
float,187,0.09650907832234978,0.5965090783223498,0.09650909900665283,-150,1.0727873119800997,4.706451418067395e-05,-4.327306419919573,8fa713c11bebc4a76f9d1a412633a7fdb72f7be1ddce397112801c1b400f3596
float,188,0.1001217485537188,0.6001217485537188,0.10012173652648926,-150,1.0753505315469387,3.240433902430845e-05,-4.489396832751893,8fa713c11bebc4a76f9d1a412633a7fdb72f7be1ddce397112801c1b400f3596
float,189,0.10386965358815003,0.60386965358815,0.10386967658996582,-150,1.0779972718012383,2.2000594562251744e-05,-4.65756558228616,8fa713c11bebc4a76f9d1a412633a7fdb72f7be1ddce397112801c1b400f3596
float,190,0.10775785573434793,0.6077578557343479,0.10775786638259888,-150,1.0807296091162137,1.4721923025218561e-05,-4.832035457342744,8fa713c11bebc4a76f9d1a412633a7fdb72f7be1ddce397112801c1b400f3596
float,191,0.11179160680082645,0.6117916068008264,0.11179161071777344,-150,1.0835497446234847,9.704086088658287e-06,-5.013045359331981,8fa713c11bebc4a76f9d1a412633a7fdb72f7be1ddce397112801c1b400f3596
float,192,0.11597635518954619,0.6159763551895462,0.11597633361816406,-150,1.0864598253866755,6.297387110198083e-06,-5.200839609118849,8fa713c11bebc4a76f9d1a412633a7fdb72f7be1ddce397112801c1b400f3596
float,193,0.12031775325508898,0.620317753255089,0.12031775712966919,-150,1.0894620579202132,4.020906958208144e-06,-5.395675976139637,8fa713c11bebc4a76f9d1a412633a7fdb72f7be1ddce397112801c1b400f3596
float,194,0.12482166493931457,0.6248216649393146,0.12482166290283203,-150,1.092558530789547,2.5245560425228204e-06,-5.597814983974927,8fa713c11bebc4a76f9d1a412633a7fdb72f7be1ddce397112801c1b400f3596
float,195,0.12949417369180738,0.6294941736918074,0.12949419021606445,-150,1.0957514077621808,1.5576386303269563e-06,-5.807533290603464,8fa713c11bebc4a76f9d1a412633a7fdb72f7be1ddce397112801c1b400f3596
float,196,0.13434159068681362,0.6343415906868136,0.13434159755706787,-150,1.099042749570178,9.438152841502563e-07,-6.025112993968731,8fa713c11bebc4a76f9d1a412633a7fdb72f7be1ddce397112801c1b400f3596
float,197,0.13937046334776648,0.6393704633477665,0.13937044143676758,-150,1.102434621508137,5.612422233500482e-07,-6.250849663591399,8fa713c11bebc4a76f9d1a412633a7fdb72f7be1ddce397112801c1b400f3596
float,198,0.14458758419091522,0.6445875841909152,0.14458757638931274,-150,1.1059290759464209,3.273012411616973e-07,-6.485052347797237,8fa713c11bebc4a76f9d1a412633a7fdb72f7be1ddce397112801c1b400f3596
float,199,0.15000000000000002,0.65,0.1499999761581421,-150,1.1095280152585452,1.87052900393299e-07,-6.728035553357038,8fa713c11bebc4a76f9d1a412633a7fdb72f7be1ddce397112801c1b400f3596
