precision,grid_index,shape_a,kappa,honest_floor_rate,honest_floor_log10,configuration,protocol_sha256
double,0,9.999999999998899e-05,0.5001,0.8676187090640067,-0.061671091563729595,"isotropic, unrotated, theta_perp = theta_par = 1",8fa713c11bebc4a76f9d1a412633a7fdb72f7be1ddce397112801c1b400f3596
double,1,0.00010374334756291237,0.5001037433475629,0.8630189767138103,-0.0639796545843479,"isotropic, unrotated, theta_perp = theta_par = 1",8fa713c11bebc4a76f9d1a412633a7fdb72f7be1ddce397112801c1b400f3596
double,2,0.0001076268216355647,0.5001076268216356,0.8582728308366597,-0.06637463512097219,"isotropic, unrotated, theta_perp = theta_par = 1",8fa713c11bebc4a76f9d1a412633a7fdb72f7be1ddce397112801c1b400f3596
double,3,0.00011165566764037571,0.5001116556676404,0.8533766035342136,-0.06885926808002744,"isotropic, unrotated, theta_perp = theta_par = 1",8fa713c11bebc4a76f9d1a412633a7fdb72f7be1ddce397112801c1b400f3596
double,4,0.0001158353273538193,0.5001158353273538,0.8483266110396078,-0.0714369094613892,"isotropic, unrotated, theta_perp = theta_par = 1",8fa713c11bebc4a76f9d1a412633a7fdb72f7be1ddce397112801c1b400f3596
double,5,0.00012017144625731113,0.5001201714462573,0.8431191605672586,-0.07411104089174396,"isotropic, unrotated, theta_perp = theta_par = 1",8fa713c11bebc4a76f9d1a412633a7fdb72f7be1ddce397112801c1b400f3596
double,6,0.00012466988116210942,0.5001246698811621,0.8377505577982388,-0.07688527432692965,"isotropic, unrotated, theta_perp = theta_par = 1",8fa713c11bebc4a76f9d1a412633a7fdb72f7be1ddce397112801c1b400f3596
double,7,0.00012933670812020903,0.5001293367081202,0.8322171150327717,-0.07976335693064876,"isotropic, unrotated, theta_perp = theta_par = 1",8fa713c11bebc4a76f9d1a412633a7fdb72f7be1ddce397112801c1b400f3596
double,8,0.00013417823063166523,0.5001341782306317,0.826515160044021,-0.08274917613599188,"isotropic, unrotated, theta_perp = theta_par = 1",8fa713c11bebc4a76f9d1a412633a7fdb72f7be1ddce397112801c1b400f3596
double,9,0.00013920098815789483,0.5001392009881579,0.8206410456689106,-0.0858467648956588,"isotropic, unrotated, theta_perp = theta_par = 1",8fa713c11bebc4a76f9d1a412633a7fdb72f7be1ddce397112801c1b400f3596
double,10,0.00014441176495572083,0.5001444117649557,0.8145911601658616,-0.08906030712998403,"isotropic, unrotated, theta_perp = theta_par = 1",8fa713c11bebc4a76f9d1a412633a7fdb72f7be1ddce397112801c1b400f3596
double,11,0.00014981759923970994,0.5001498175992397,0.8083619383778897,-0.09239414337742144,"isotropic, unrotated, theta_perp = theta_par = 1",8fa713c11bebc4a76f9d1a412633a7fdb72f7be1ddce397112801c1b400f3596
double,12,0.0001554257926896785,0.5001554257926897,0.801949873728322,-0.09585277665789706,"isotropic, unrotated, theta_perp = theta_par = 1",8fa713c11bebc4a76f9d1a412633a7fdb72f7be1ddce397112801c1b400f3596
double,13,0.00016124392031247048,0.5001612439203125,0.7953515310849162,-0.09944087855464133,"isotropic, unrotated, theta_perp = theta_par = 1",8fa713c11bebc4a76f9d1a412633a7fdb72f7be1ddce397112801c1b400f3596
double,14,0.000167279840673773,0.5001672798406738,0.7885635605194579,-0.10316329552422625,"isotropic, unrotated, theta_perp = theta_par = 1",8fa713c11bebc4a76f9d1a412633a7fdb72f7be1ddce397112801c1b400f3596
double,15,0.00017354170651295853,0.500173541706513,0.7815827119917979,-0.10702505544281614,"isotropic, unrotated, theta_perp = theta_par = 1",8fa713c11bebc4a76f9d1a412633a7fdb72f7be1ddce397112801c1b400f3596
double,16,0.00018003797575427694,0.5001800379757543,0.7744058509849994,-0.11103137439684828,"isotropic, unrotated, theta_perp = theta_par = 1",8fa713c11bebc4a76f9d1a412633a7fdb72f7be1ddce397112801c1b400f3596
double,17,0.00018677742293204957,0.500186777422932,0.7670299751110802,-0.11518766372903128,"isotropic, unrotated, theta_perp = theta_par = 1",8fa713c11bebc4a76f9d1a412633a7fdb72f7be1ddce397112801c1b400f3596
double,18,0.0001937691510414119,0.5001937691510414,0.7594522317106945,-0.11949953734677825,"isotropic, unrotated, theta_perp = theta_par = 1",8fa713c11bebc4a76f9d1a412633a7fdb72f7be1ddce397112801c1b400f3596
double,19,0.0002010226038345886,0.5002010226038346,0.7516699364571537,-0.1239728193054034,"isotropic, unrotated, theta_perp = theta_par = 1",8fa713c11bebc4a76f9d1a412633a7fdb72f7be1ddce397112801c1b400f3596
double,20,0.00020854757857613482,0.5002085475785761,0.743680592978165,-0.1286135516743624,"isotropic, unrotated, theta_perp = theta_par = 1",8fa713c11bebc4a76f9d1a412633a7fdb72f7be1ddce397112801c1b400f3596
double,21,0.00021635423927623965,0.5002163542392762,0.7354819134974112,-0.13342800269831565,"isotropic, unrotated, theta_perp = theta_par = 1",8fa713c11bebc4a76f9d1a412633a7fdb72f7be1ddce397112801c1b400f3596
double,22,0.00022445313041952186,0.5002244531304195,0.7270718404941268,-0.13842267526376165,"isotropic, unrotated, theta_perp = theta_par = 1",8fa713c11bebc4a76f9d1a412633a7fdb72f7be1ddce397112801c1b400f3596
double,23,0.00023285519120697096,0.500232855191207,0.7184485693717975,-0.14360431568212897,"isotropic, unrotated, theta_perp = theta_par = 1",8fa713c11bebc4a76f9d1a412633a7fdb72f7be1ddce397112801c1b400f3596
double,24,0.0002415717703321274,0.5002415717703321,0.7096105721158865,-0.1489799228023322,"isotropic, unrotated, theta_perp = theta_par = 1",8fa713c11bebc4a76f9d1a412633a7fdb72f7be1ddce397112801c1b400f3596
double,25,0.00025061464130948785,0.5002506146413095,0.7005566219150581,-0.15455675746388708,"isotropic, unrotated, theta_perp = theta_par = 1",8fa713c11bebc4a76f9d1a412633a7fdb72f7be1ddce397112801c1b400f3596
double,26,0.00025999601837722874,0.5002599960183772,0.6912858187064099,-0.16034235230420704,"isotropic, unrotated, theta_perp = theta_par = 1",8fa713c11bebc4a76f9d1a412633a7fdb72f7be1ddce397112801c1b400f3596
double,27,0.0002697285729948984,0.5002697285729949,0.681797615595898,-0.16634452193281676,"isotropic, unrotated, theta_perp = theta_par = 1",8fa713c11bebc4a76f9d1a412633a7fdb72f7be1ddce397112801c1b400f3596
double,28,0.0002798254509585041,0.5002798254509585,0.6720918460913481,-0.1725713734863127,"isotropic, unrotated, theta_perp = theta_par = 1",8fa713c11bebc4a76f9d1a412633a7fdb72f7be1ddce397112801c1b400f3596
double,29,0.0002903002901574192,0.5002903002901574,0.6621687520703672,-0.17903131757913374,"isotropic, unrotated, theta_perp = theta_par = 1",8fa713c11bebc4a76f9d1a412633a7fdb72f7be1ddce397112801c1b400f3596
double,30,0.0003011672389942044,0.5003011672389942,0.6520290123942715,-0.18573307966314967,"isotropic, unrotated, theta_perp = theta_par = 1",8fa713c11bebc4a76f9d1a412633a7fdb72f7be1ddce397112801c1b400f3596
double,31,0.00031244097549532057,0.5003124409754953,0.6416737720568633,-0.19268571181332106,"isotropic, unrotated, theta_perp = theta_par = 1",8fa713c11bebc4a76f9d1a412633a7fdb72f7be1ddce397112801c1b400f3596
double,32,0.00032413672713704766,0.500324136727137,0.6311046717436107,-0.19989860495442496,"isotropic, unrotated, theta_perp = theta_par = 1",8fa713c11bebc4a76f9d1a412633a7fdb72f7be1ddce397112801c1b400f3596
double,33,0.0003362702914129212,0.5003362702914129,0.6203238776567016,-0.20738150154507268,"isotropic, unrotated, theta_perp = theta_par = 1",8fa713c11bebc4a76f9d1a412633a7fdb72f7be1ddce397112801c1b400f3596
double,34,0.00034885805717121965,0.5003488580571712,0.6093341114401246,-0.21514450873661453,"isotropic, unrotated, theta_perp = theta_par = 1",8fa713c11bebc4a76f9d1a412633a7fdb72f7be1ddce397112801c1b400f3596
double,35,0.0003619170267523675,0.5003619170267524,0.5981386800174215,-0.22319811202535003,"isotropic, unrotated, theta_perp = theta_par = 1",8fa713c11bebc4a76f9d1a412633a7fdb72f7be1ddce397112801c1b400f3596
double,36,0.0003754648389531212,0.5003754648389531,0.5867415051358879,-0.2315531894146106,"isotropic, unrotated, theta_perp = theta_par = 1",8fa713c11bebc4a76f9d1a412633a7fdb72f7be1ddce397112801c1b400f3596
double,37,0.0003895197928516225,0.5003895197928516,0.5751471523822944,-0.24022102610773532,"isotropic, unrotated, theta_perp = theta_par = 1",8fa713c11bebc4a76f9d1a412633a7fdb72f7be1ddce397112801c1b400f3596
double,38,0.0004041008725244044,0.5004041008725244,0.5633608594148324,-0.24921332975110858,"isotropic, unrotated, theta_perp = theta_par = 1",8fa713c11bebc4a76f9d1a412633a7fdb72f7be1ddce397112801c1b400f3596
double,39,0.0004192277726877691,0.5004192277726878,0.5513885631310731,-0.25854224624725114,"isotropic, unrotated, theta_perp = theta_par = 1",8fa713c11bebc4a76f9d1a412633a7fdb72f7be1ddce397112801c1b400f3596
double,40,0.00043492092529973103,0.5004349209252997,0.5392369254646847,-0.26822037616028643,"isotropic, unrotated, theta_perp = theta_par = 1",8fa713c11bebc4a76f9d1a412633a7fdb72f7be1ddce397112801c1b400f3596
double,41,0.00045120152715760753,0.5004512015271576,0.5269133574806513,-0.2782607917354136,"isotropic, unrotated, theta_perp = theta_par = 1",8fa713c11bebc4a76f9d1a412633a7fdb72f7be1ddce397112801c1b400f3596
double,42,0.0004680915685282283,0.5004680915685282,0.5144260414135368,-0.2886770545551888,"isotropic, unrotated, theta_perp = theta_par = 1",8fa713c11bebc4a76f9d1a412633a7fdb72f7be1ddce397112801c1b400f3596
double,43,0.0004856138628509532,0.500485613862851,0.5017839502680401,-0.29948323385739645,"isotropic, unrotated, theta_perp = theta_par = 1",8fa713c11bebc4a76f9d1a412633a7fdb72f7be1ddce397112801c1b400f3596
double,44,0.0005037920775511351,0.5005037920775511,0.4889968645813201,-0.3106939255377227,"isotropic, unrotated, theta_perp = theta_par = 1",8fa713c11bebc4a76f9d1a412633a7fdb72f7be1ddce397112801c1b400f3596
double,45,0.0005226507660083257,0.5005226507660083,0.47607538592168896,-0.32232427186454443,"isotropic, unrotated, theta_perp = theta_par = 1",8fa713c11bebc4a76f9d1a412633a7fdb72f7be1ddce397112801c1b400f3596
double,46,0.0005422154007201918,0.5005422154007202,0.4630309466831577,-0.3343899819311006,"isotropic, unrotated, theta_perp = theta_par = 1",8fa713c11bebc4a76f9d1a412633a7fdb72f7be1ddce397112801c1b400f3596
double,47,0.0005625124077087706,0.5005625124077088,0.44987581571665797,-0.34690735287379826,"isotropic, unrotated, theta_perp = theta_par = 1",8fa713c11bebc4a76f9d1a412633a7fdb72f7be1ddce397112801c1b400f3596
double,48,0.0005835692022138073,0.5005835692022138,0.43662309932919613,-0.3598932918842451,"isotropic, unrotated, theta_perp = theta_par = 1",8fa713c11bebc4a76f9d1a412633a7fdb72f7be1ddce397112801c1b400f3596
double,49,0.0006054142257228001,0.5006054142257228,0.4232867371724529,-0.373365339045611,"isotropic, unrotated, theta_perp = theta_par = 1",8fa713c11bebc4a76f9d1a412633a7fdb72f7be1ddce397112801c1b400f3596
double,50,0.0006280769843869383,0.5006280769843869,0.4098814925415785,-0.38734169102364796,"isotropic, unrotated, theta_perp = theta_par = 1",8fa713c11bebc4a76f9d1a412633a7fdb72f7be1ddce397112801c1b400f3596
double,51,0.0006515880888752212,0.5006515880888752,0.3964229366079963,-0.40184122564461444,"isotropic, unrotated, theta_perp = theta_par = 1",8fa713c11bebc4a76f9d1a412633a7fdb72f7be1ddce397112801c1b400f3596
double,52,0.0006759792957203858,0.5006759792957204,0.3829274261213947,-0.41688352739317214,"isotropic, unrotated, theta_perp = theta_par = 1",8fa713c11bebc4a76f9d1a412633a7fdb72f7be1ddce397112801c1b400f3596
double,53,0.0007012835502124837,0.5007012835502125,0.36941207413494365,-0.4324889138646894,"isotropic, unrotated, theta_perp = theta_par = 1",8fa713c11bebc4a76f9d1a412633a7fdb72f7be1ddce397112801c1b400f3596
double,54,0.0007275350308985074,0.5007275350308985,0.35589471333547434,-0.44867846320796606,"isotropic, unrotated, theta_perp = theta_par = 1",8fa713c11bebc4a76f9d1a412633a7fdb72f7be1ddce397112801c1b400f3596
double,55,0.0007547691957470182,0.500754769195747,0.34239385159903285,-0.4654740425947298,"isotropic, unrotated, theta_perp = theta_par = 1",8fa713c11bebc4a76f9d1a412633a7fdb72f7be1ddce397112801c1b400f3596
double,56,0.0007830228300416131,0.5007830228300416,0.32892861943935053,-0.48289833775527063,"isotropic, unrotated, theta_perp = theta_par = 1",8fa713c11bebc4a76f9d1a412633a7fdb72f7be1ddce397112801c1b400f3596
double,57,0.0008123340960669578,0.500812334096067,0.3155187090781664,-0.5009748836195109,"isotropic, unrotated, theta_perp = theta_par = 1",8fa713c11bebc4a76f9d1a412633a7fdb72f7be1ddce397112801c1b400f3596
double,58,0.0008427425846547765,0.5008427425846548,0.3021843049379344,-0.5197280961050659,"isotropic, unrotated, theta_perp = theta_par = 1",8fa713c11bebc4a76f9d1a412633a7fdb72f7be1ddce397112801c1b400f3596
double,59,0.0008742893686590758,0.5008742893686591,0.2889460054427602,-0.5391833050950141,"isotropic, unrotated, theta_perp = theta_par = 1",8fa713c11bebc4a76f9d1a412633a7fdb72f7be1ddce397112801c1b400f3596
double,60,0.0009070170584336568,0.5009070170584337,0.27582473611099617,-0.5593667886504269,"isotropic, unrotated, theta_perp = theta_par = 1",8fa713c11bebc4a76f9d1a412633a7fdb72f7be1ddce397112801c1b400f3596
double,61,0.000940969859385743,0.5009409698593857,0.26284165403503373,-0.5803058085031787,"isotropic, unrotated, theta_perp = theta_par = 1",8fa713c11bebc4a76f9d1a412633a7fdb72f7be1ddce397112801c1b400f3596
double,62,0.0009761936316847741,0.5009761936316848,0.25001804396706856,-0.6020286468777871,"isotropic, unrotated, theta_perp = theta_par = 1",8fa713c11bebc4a76f9d1a412633a7fdb72f7be1ddce397112801c1b400f3596
double,63,0.0010127359522057455,0.5010127359522057,0.23737520636739734,-0.6245646446912274,"isotropic, unrotated, theta_perp = theta_par = 1",8fa713c11bebc4a76f9d1a412633a7fdb72f7be1ddce397112801c1b400f3596
double,64,0.001050646178791359,0.5010506461787914,0.2249343379193008,-0.6479442411826815,"isotropic, unrotated, theta_perp = theta_par = 1",8fa713c11bebc4a76f9d1a412633a7fdb72f7be1ddce397112801c1b400f3596
double,65,0.0010899755169200276,0.50108997551692,0.21271640517323573,-0.6721990150268984,"isotropic, unrotated, theta_perp = theta_par = 1",8fa713c11bebc4a76f9d1a412633a7fdb72f7be1ddce397112801c1b400f3596
double,66,0.001130777088868995,0.501130777088869,0.20074201215025372,-0.6973617269861995,"isotropic, unrotated, theta_perp = theta_par = 1",8fa713c11bebc4a76f9d1a412633a7fdb72f7be1ddce397112801c1b400f3596
double,67,0.0011731060054671616,0.5011731060054672,0.1890312629068216,-0.7234663641594623,"isotropic, unrotated, theta_perp = theta_par = 1",8fa713c11bebc4a76f9d1a412633a7fdb72f7be1ddce397112801c1b400f3596
double,68,0.0012170194405332069,0.5012170194405332,0.17760362024007376,-0.7505481858870188,"isotropic, unrotated, theta_perp = theta_par = 1",8fa713c11bebc4a76f9d1a412633a7fdb72f7be1ddce397112801c1b400f3596
double,69,0.0012625767081004824,0.5012625767081005,0.1664777618875953,-0.7786437713740421,"isotropic, unrotated, theta_perp = theta_par = 1",8fa713c11bebc4a76f9d1a412633a7fdb72f7be1ddce397112801c1b400f3596
double,70,0.0013098393425331478,0.5013098393425331,0.15567143574764933,-0.8077910690968378,"isotropic, unrotated, theta_perp = theta_par = 1",8fa713c11bebc4a76f9d1a412633a7fdb72f7be1ddce397112801c1b400f3596
double,71,0.001358871181639909,0.5013588711816399,0.14520131580893214,-0.8380294480576245,"isotropic, unrotated, theta_perp = theta_par = 1",8fa713c11bebc4a76f9d1a412633a7fdb72f7be1ddce397112801c1b400f3596
double,72,0.0014097384529009327,0.5014097384529009,0.13508286062670413,-0.8693997509590591,"isotropic, unrotated, theta_perp = theta_par = 1",8fa713c11bebc4a76f9d1a412633a7fdb72f7be1ddce397112801c1b400f3596
double,73,0.0014625098629210687,0.5014625098629211,0.12533017631350452,-0.9019443493682717,"isotropic, unrotated, theta_perp = theta_par = 1",8fa713c11bebc4a76f9d1a412633a7fdb72f7be1ddce397112801c1b400f3596
double,74,0.0015172566902320606,0.5015172566902321,0.11595588611635298,-0.9357072009460491,"isotropic, unrotated, theta_perp = theta_par = 1",8fa713c11bebc4a76f9d1a412633a7fdb72f7be1ddce397112801c1b400f3596
double,75,0.001574052881568977,0.501574052881569,0.10697100872704786,-0.9707339088183817,"isotropic, unrotated, theta_perp = theta_par = 1",8fa713c11bebc4a76f9d1a412633a7fdb72f7be1ddce397112801c1b400f3596
double,76,0.0016329751517502045,0.5016329751517502,0.09838484750984772,-1.0070717831701284,"isotropic, unrotated, theta_perp = theta_par = 1",8fa713c11bebc4a76f9d1a412633a7fdb72f7be1ddce397112801c1b400f3596
double,77,0.0016941030872962282,0.5016941030872962,0.09020489282602435,-1.0447699051441681,"isotropic, unrotated, theta_perp = theta_par = 1",8fa713c11bebc4a76f9d1a412633a7fdb72f7be1ddce397112801c1b400f3596
double,78,0.0017575192539277529,0.5017575192539278,0.08243673958276221,-1.0838791931327096,"isotropic, unrotated, theta_perp = theta_par = 1",8fa713c11bebc4a76f9d1a412633a7fdb72f7be1ddce397112801c1b400f3596
double,79,0.0018233093080873841,0.5018233093080874,0.07508402203019869,-1.1244524715496724,"isotropic, unrotated, theta_perp = theta_par = 1",8fa713c11bebc4a76f9d1a412633a7fdb72f7be1ddce397112801c1b400f3596
double,80,0.0018915621126359694,0.501891562112636,0.06814836767088878,-1.1665445421773004,"isotropic, unrotated, theta_perp = theta_par = 1",8fa713c11bebc4a76f9d1a412633a7fdb72f7be1ddce397112801c1b400f3596
double,81,0.001962369856880364,0.5019623698568804,0.061629371929134334,-1.2102122581836698,"isotropic, unrotated, theta_perp = theta_par = 1",8fa713c11bebc4a76f9d1a412633a7fdb72f7be1ddce397112801c1b400f3596
double,82,0.0020358281810931578,0.5020358281810932,0.05552459495269713,-1.255514600910063,"isotropic, unrotated, theta_perp = theta_par = 1",8fa713c11bebc4a76f9d1a412633a7fdb72f7be1ddce397112801c1b400f3596
double,83,0.0021120363056952307,0.5021120363056952,0.049829581586836584,-1.3025127595335575,"isotropic, unrotated, theta_perp = theta_par = 1",8fa713c11bebc4a76f9d1a412633a7fdb72f7be1ddce397112801c1b400f3596
double,84,0.0021910971652723266,0.5021910971652723,0.044537905175237626,-1.3512702137103751,"isotropic, unrotated, theta_perp = theta_par = 1",8fa713c11bebc4a76f9d1a412633a7fdb72f7be1ddce397112801c1b400f3596
double,85,0.0022731175476095045,0.5022731175476095,0.039641235407689865,-1.4018528193133486,"isotropic, unrotated, theta_perp = theta_par = 1",8fa713c11bebc4a76f9d1a412633a7fdb72f7be1ddce397112801c1b400f3596
double,86,0.002358208237930093,0.5023582082379301,0.0351294299603047,-1.4543288973785613,"isotropic, unrotated, theta_perp = theta_par = 1",8fa713c11bebc4a76f9d1a412633a7fdb72f7be1ddce397112801c1b400f3596
double,87,0.002446484168533103,0.5024464841685331,0.030990649169561603,-1.5087693263807374,"isotropic, unrotated, theta_perp = theta_par = 1",8fa713c11bebc4a76f9d1a412633a7fdb72f7be1ddce397112801c1b400f3596
double,88,0.002538064574032939,0.5025380645740329,0.02721149245961056,-1.5652476379630533,"isotropic, unrotated, theta_perp = theta_par = 1",8fa713c11bebc4a76f9d1a412633a7fdb72f7be1ddce397112801c1b400f3596
double,89,0.002633073152410126,0.5026330731524101,0.023777154718126924,-1.623840116250049,"isotropic, unrotated, theta_perp = theta_par = 1",8fa713c11bebc4a76f9d1a412633a7fdb72f7be1ddce397112801c1b400f3596
double,90,0.0027316382320905497,0.5027316382320905,0.020671600305560627,-1.6846259008777162,"isotropic, unrotated, theta_perp = theta_par = 1",8fa713c11bebc4a76f9d1a412633a7fdb72f7be1ddce397112801c1b400f3596
double,91,0.0028338929452791373,0.5028338929452791,0.017877751903891553,-1.7476870938800546,"isotropic, unrotated, theta_perp = theta_par = 1",8fa713c11bebc4a76f9d1a412633a7fdb72f7be1ddce397112801c1b400f3596
double,92,0.002939975407781792,0.5029399754077818,0.015377690982318578,-1.8131088705762322,"isotropic, unrotated, theta_perp = theta_par = 1",8fa713c11bebc4a76f9d1a412633a7fdb72f7be1ddce397112801c1b400f3596
double,93,0.0030500289055592766,0.5030500289055593,0.013152866296801612,-1.8809795946085812,"isotropic, unrotated, theta_perp = theta_par = 1",8fa713c11bebc4a76f9d1a412633a7fdb72f7be1ddce397112801c1b400f3596
double,94,0.0031642020882636235,0.5031642020882636,0.011184306565386123,-1.9513909372859097,"isotropic, unrotated, theta_perp = theta_par = 1",8fa713c11bebc4a76f9d1a412633a7fdb72f7be1ddce397112801c1b400f3596
double,95,0.003282649170020302,0.5032826491700203,0.0094528332868263,-2.024438001394379,"isotropic, unrotated, theta_perp = theta_par = 1",8fa713c11bebc4a76f9d1a412633a7fdb72f7be1ddce397112801c1b400f3596
double,96,0.0034055301377251546,0.5034055301377252,0.007939269608871978,-2.1002194496418043,"isotropic, unrotated, theta_perp = theta_par = 1",8fa713c11bebc4a76f9d1a412633a7fdb72f7be1ddce397112801c1b400f3596
double,97,0.0035330109671399823,0.50353301096714,0.006624641212986278,-2.178837637910355,"isotropic, unrotated, theta_perp = theta_par = 1",8fa713c11bebc4a76f9d1a412633a7fdb72f7be1ddce397112801c1b400f3596
double,98,0.0036652638470758836,0.5036652638470759,0.005490365368576347,-2.2603987534958687,"isotropic, unrotated, theta_perp = theta_par = 1",8fa713c11bebc4a76f9d1a412633a7fdb72f7be1ddce397112801c1b400f3596
double,99,0.0038024674119696567,0.5038024674119697,0.004518424620534214,-2.3450129585219797,"isotropic, unrotated, theta_perp = theta_par = 1",8fa713c11bebc4a76f9d1a412633a7fdb72f7be1ddce397112801c1b400f3596
double,100,0.003944806983166238,0.5039448069831662,0.003691522002463104,-2.4327945387219883,"isotropic, unrotated, theta_perp = theta_par = 1",8fa713c11bebc4a76f9d1a412633a7fdb72f7be1ddce397112801c1b400f3596
double,101,0.004092474819232139,0.5040924748192321,0.0029932152016645206,-2.5238620577887554,"isotropic, unrotated, theta_perp = theta_par = 1",8fa713c11bebc4a76f9d1a412633a7fdb72f7be1ddce397112801c1b400f3596
double,102,0.00424567037564072,0.5042456703756407,0.002408027722793275,-2.618338517502736,"isotropic, unrotated, theta_perp = theta_par = 1",8fa713c11bebc4a76f9d1a412633a7fdb72f7be1ddce397112801c1b400f3596
double,103,0.004404600574176576,0.5044046005741766,0.001921535782132784,-2.7163515238521807,"isotropic, unrotated, theta_perp = theta_par = 1",8fa713c11bebc4a76f9d1a412633a7fdb72f7be1ddce397112801c1b400f3596
double,104,0.004569480082426081,0.5045694800824261,0.0015204303866247677,-2.818033459371757,"isotropic, unrotated, theta_perp = theta_par = 1",8fa713c11bebc4a76f9d1a412633a7fdb72f7be1ddce397112801c1b400f3596
double,105,0.004740531603729337,0.5047405316037293,0.0011925547816013342,-2.923521661930853,"isotropic, unrotated, theta_perp = theta_par = 1",8fa713c11bebc4a76f9d1a412633a7fdb72f7be1ddce397112801c1b400f3596
double,106,0.004917986177986666,0.5049179861779867,0.0009269181577188033,-3.032958610213893,"isotropic, unrotated, theta_perp = theta_par = 1",8fa713c11bebc4a76f9d1a412633a7fdb72f7be1ddce397112801c1b400f3596
double,107,0.005102083493724652,0.5051020834937247,0.0007136871607486911,-3.14649211614226,"isotropic, unrotated, theta_perp = theta_par = 1",8fa713c11bebc4a76f9d1a412633a7fdb72f7be1ddce397112801c1b400f3596
double,108,0.005293072211844718,0.5052930722118447,0.0005441573197844757,-3.2642755244985313,"isotropic, unrotated, theta_perp = theta_par = 1",8fa713c11bebc4a76f9d1a412633a7fdb72f7be1ddce397112801c1b400f3596
double,109,0.005491210301490024,0.50549121030149,0.0004107069763973518,-3.386467920021583,"isotropic, unrotated, theta_perp = theta_par = 1",8fa713c11bebc4a76f9d1a412633a7fdb72f7be1ddce397112801c1b400f3596
double,110,0.005696765388485292,0.5056967653884853,0.00030673664123861055,-3.513234342252755,"isotropic, unrotated, theta_perp = theta_par = 1",8fa713c11bebc4a76f9d1a412633a7fdb72f7be1ddce397112801c1b400f3596
double,111,0.005910015116819989,0.50591001511682,0.00022659691432408432,-3.644746008422963,"isotropic, unrotated, theta_perp = theta_par = 1",8fa713c11bebc4a76f9d1a412633a7fdb72f7be1ddce397112801c1b400f3596
double,112,0.00613124752366323,0.5061312475236632,0.00016550817706776852,-3.781180544681723,"isotropic, unrotated, theta_perp = theta_par = 1",8fa713c11bebc4a76f9d1a412633a7fdb72f7be1ddce397112801c1b400f3596
double,113,0.0063607614284164615,0.5063607614284165,0.00011947520215213306,-3.9227222259799523,"isotropic, unrotated, theta_perp = theta_par = 1",8fa713c11bebc4a76f9d1a412633a7fdb72f7be1ddce397112801c1b400f3596
double,114,0.00659886683632982,0.5065988668363298,8.519964301207724e-05,-4.069562224930597,"isotropic, unrotated, theta_perp = theta_par = 1",8fa713c11bebc4a76f9d1a412633a7fdb72f7be1ddce397112801c1b400f3596
double,115,0.00684588535722741,0.5068458853572274,5.999307601498736e-05,-4.22189886998308,"isotropic, unrotated, theta_perp = theta_par = 1",8fa713c11bebc4a76f9d1a412633a7fdb72f7be1ddce397112801c1b400f3596
double,116,0.0071021506399069345,0.5071021506399069,4.1692898337835266e-05,-4.379937913259974,"isotropic, unrotated, theta_perp = theta_par = 1",8fa713c11bebc4a76f9d1a412633a7fdb72f7be1ddce397112801c1b400f3596
double,117,0.007368008822800309,0.5073680088228003,2.8582959344632395e-05,-4.543892808417391,"isotropic, unrotated, theta_perp = theta_par = 1",8fa713c11bebc4a76f9d1a412633a7fdb72f7be1ddce397112801c1b400f3596
double,118,0.007643819001503793,0.5076438190015038,1.9320350508667675e-05,-4.713984998903992,"isotropic, unrotated, theta_perp = theta_par = 1",8fa713c11bebc4a76f9d1a412633a7fdb72f7be1ddce397112801c1b400f3596
double,119,0.00792995371381,0.50792995371381,1.286932542574138e-05,-4.890444217008293,"isotropic, unrotated, theta_perp = theta_par = 1",8fa713c11bebc4a76f9d1a412633a7fdb72f7be1ddce397112801c1b400f3596
double,120,0.00822679944289606,0.5082267994428961,8.442891455921212e-06,-5.073508794097321,"isotropic, unrotated, theta_perp = theta_par = 1",8fa713c11bebc4a76f9d1a412633a7fdb72f7be1ddce397112801c1b400f3596
double,121,0.008534757139347371,0.5085347571393474,5.45222811006172e-06,-5.263425982465268,"isotropic, unrotated, theta_perp = theta_par = 1",8fa713c11bebc4a76f9d1a412633a7fdb72f7be1ddce397112801c1b400f3596
double,122,0.00885424276272373,0.5088542427627237,3.4637593472490245e-06,-5.460452289227555,"isotropic, unrotated, theta_perp = theta_par = 1",8fa713c11bebc4a76f9d1a412633a7fdb72f7be1ddce397112801c1b400f3596
double,123,0.009185687843396462,0.5091856878433965,2.1634465862696603e-06,-5.664853822709168,"isotropic, unrotated, theta_perp = theta_par = 1",8fa713c11bebc4a76f9d1a412633a7fdb72f7be1ddce397112801c1b400f3596
double,124,0.009529540065419062,0.5095295400654191,1.3276798014541046e-06,-5.876906651797036,"isotropic, unrotated, theta_perp = theta_par = 1",8fa713c11bebc4a76f9d1a412633a7fdb72f7be1ddce397112801c1b400f3596
double,125,0.009886263871214607,0.5098862638712146,8.00023641946777e-07,-6.096897178738914,"isotropic, unrotated, theta_perp = theta_par = 1",8fa713c11bebc4a76f9d1a412633a7fdb72f7be1ddce397112801c1b400f3596
double,126,0.010256341088900944,0.5102563410889009,4.7301778937681077e-07,-6.325122525894522,"isotropic, unrotated, theta_perp = theta_par = 1",8fa713c11bebc4a76f9d1a412633a7fdb72f7be1ddce397112801c1b400f3596
double,127,0.010640271583096217,0.5106402715830962,2.742262741501887e-07,-6.56189093695794,"isotropic, unrotated, theta_perp = theta_par = 1",8fa713c11bebc4a76f9d1a412633a7fdb72f7be1ddce397112801c1b400f3596
double,128,0.011038573930089335,0.5110385739300893,1.5576784327466196e-07,-6.80752219319612,"isotropic, unrotated, theta_perp = theta_par = 1",8fa713c11bebc4a76f9d1a412633a7fdb72f7be1ddce397112801c1b400f3596
double,129,0.011451786118281682,0.5114517861182817,8.662673675173632e-08,-7.0623480452617,"isotropic, unrotated, theta_perp = theta_par = 1",8fa713c11bebc4a76f9d1a412633a7fdb72f7be1ddce397112801c1b400f3596
double,130,0.011880466274850399,0.5118804662748504,4.712890385191363e-08,-7.326712661165493,"isotropic, unrotated, theta_perp = theta_par = 1",8fa713c11bebc4a76f9d1a412633a7fdb72f7be1ddce397112801c1b400f3596
double,131,0.01232519341961269,0.5123251934196127,2.5062645369613226e-08,-7.600973091011791,"isotropic, unrotated, theta_perp = theta_par = 1",8fa713c11bebc4a76f9d1a412633a7fdb72f7be1ddce397112801c1b400f3596
double,132,0.012786568247109997,0.51278656824711,1.3016680675048849e-08,-7.885499749124027,"isotropic, unrotated, theta_perp = theta_par = 1",8fa713c11bebc4a76f9d1a412633a7fdb72f7be1ddce397112801c1b400f3596
double,133,0.013265213937968312,0.5132652139379683,6.596644585924759e-09,-8.180676914211155,"isotropic, unrotated, theta_perp = theta_par = 1",8fa713c11bebc4a76f9d1a412633a7fdb72f7be1ddce397112801c1b400f3596
double,134,0.013761777000630415,0.5137617770006304,3.2590929870772206e-09,-8.486903248249671,"isotropic, unrotated, theta_perp = theta_par = 1",8fa713c11bebc4a76f9d1a412633a7fdb72f7be1ddce397112801c1b400f3596
double,135,0.014276928144597023,0.514276928144597,1.5682224445130921e-09,-8.804592334781253,"isotropic, unrotated, theta_perp = theta_par = 1",8fa713c11bebc4a76f9d1a412633a7fdb72f7be1ddce397112801c1b400f3596
double,136,0.014811363186356563,0.5148113631863566,7.342209335978598e-10,-9.134173237352554,"isotropic, unrotated, theta_perp = theta_par = 1",8fa713c11bebc4a76f9d1a412633a7fdb72f7be1ddce397112801c1b400f3596
double,137,0.015365803989227156,0.5153658039892272,3.3412496105929147e-10,-9.476091078850402,"isotropic, unrotated, theta_perp = theta_par = 1",8fa713c11bebc4a76f9d1a412633a7fdb72f7be1ddce397112801c1b400f3596
double,138,0.0159409994383799,0.5159409994383799,1.4763602972180478e-10,-9.830807642513879,"isotropic, unrotated, theta_perp = theta_par = 1",8fa713c11bebc4a76f9d1a412633a7fdb72f7be1ddce397112801c1b400f3596
double,139,0.0165377264523604,0.5165377264523604,6.327002478194804e-11,-10.198801995433987,"isotropic, unrotated, theta_perp = theta_par = 1",8fa713c11bebc4a76f9d1a412633a7fdb72f7be1ddce397112801c1b400f3596
double,140,0.017156791032475915,0.5171567910324759,2.626811231969937e-11,-10.580571135382716,"isotropic, unrotated, theta_perp = theta_par = 1",8fa713c11bebc4a76f9d1a412633a7fdb72f7be1ddce397112801c1b400f3596
double,141,0.017799029351464157,0.5177990293514642,1.0552839627045057e-11,-10.976630661843249,"isotropic, unrotated, theta_perp = theta_par = 1",8fa713c11bebc4a76f9d1a412633a7fdb72f7be1ddce397112801c1b400f3596
double,142,0.01846530888291431,0.5184653088829143,4.0971751298450135e-12,-11.387515472146498,"isotropic, unrotated, theta_perp = theta_par = 1",8fa713c11bebc4a76f9d1a412633a7fdb72f7be1ddce397112801c1b400f3596
double,143,0.019156529572967207,0.5191565295729672,1.5353928587967441e-12,-11.813780483653867,"isotropic, unrotated, theta_perp = theta_par = 1",8fa713c11bebc4a76f9d1a412633a7fdb72f7be1ddce397112801c1b400f3596
double,144,0.019873625055875532,0.5198736250558755,5.546239468208813e-13,-12.256001382959298,"isotropic, unrotated, theta_perp = theta_par = 1",8fa713c11bebc4a76f9d1a412633a7fdb72f7be1ddce397112801c1b400f3596
double,145,0.020617563915066972,0.520617563915067,1.9285219970997584e-13,-12.714775403121735,"isotropic, unrotated, theta_perp = theta_par = 1",8fa713c11bebc4a76f9d1a412633a7fdb72f7be1ddce397112801c1b400f3596
double,146,0.02138935099141359,0.5213893509914136,6.445815493711588e-14,-13.190722129976297,"isotropic, unrotated, theta_perp = theta_par = 1",8fa713c11bebc4a76f9d1a412633a7fdb72f7be1ddce397112801c1b400f3596
double,147,0.02219002874047349,0.5221900287404735,2.0678339501426954e-14,-13.684484338611034,"isotropic, unrotated, theta_perp = theta_par = 1",8fa713c11bebc4a76f9d1a412633a7fdb72f7be1ddce397112801c1b400f3596
double,148,0.023020678640539693,0.5230206786405397,6.357277056944056e-15,-14.196728861138363,"isotropic, unrotated, theta_perp = theta_par = 1",8fa713c11bebc4a76f9d1a412633a7fdb72f7be1ddce397112801c1b400f3596
double,149,0.02388242265339624,0.5238824226533962,1.870046962311951e-15,-14.72814748693043,"isotropic, unrotated, theta_perp = theta_par = 1",8fa713c11bebc4a76f9d1a412633a7fdb72f7be1ddce397112801c1b400f3596
double,150,0.02477642473975672,0.5247764247397567,5.254629546000852e-16,-15.279457896533696,"isotropic, unrotated, theta_perp = theta_par = 1",8fa713c11bebc4a76f9d1a412633a7fdb72f7be1ddce397112801c1b400f3596
double,151,0.02570389243142923,0.5257038924314292,1.4079763808794925e-16,-15.851404630520426,"isotropic, unrotated, theta_perp = theta_par = 1",8fa713c11bebc4a76f9d1a412633a7fdb72f7be1ddce397112801c1b400f3596
double,152,0.02666607846233482,0.5266660784623348,3.5912025883832104e-17,-16.444760094585646,"isotropic, unrotated, theta_perp = theta_par = 1",8fa713c11bebc4a76f9d1a412633a7fdb72f7be1ddce397112801c1b400f3596
double,153,0.02766428246057906,0.5276642824605791,8.703108498680132e-18,-17.060325602242997,"isotropic, unrotated, theta_perp = theta_par = 1",8fa713c11bebc4a76f9d1a412633a7fdb72f7be1ddce397112801c1b400f3596
double,154,0.028699852703864326,0.5286998527038643,2.0001729215279787e-18,-17.6989324565265,"isotropic, unrotated, theta_perp = theta_par = 1",8fa713c11bebc4a76f9d1a412633a7fdb72f7be1ddce397112801c1b400f3596
double,155,0.02977418794061404,0.529774187940614,4.350677861016839e-19,-18.36144307215709,"isotropic, unrotated, theta_perp = theta_par = 1",8fa713c11bebc4a76f9d1a412633a7fdb72f7be1ddce397112801c1b400f3596
double,156,0.030888739279266053,0.530888739279266,8.938154560734328e-20,-19.048752139685316,"isotropic, unrotated, theta_perp = theta_par = 1",8fa713c11bebc4a76f9d1a412633a7fdb72f7be1ddce397112801c1b400f3596
double,157,0.03204501214829081,0.5320450121482908,1.7306616365799e-20,-19.76178783318203,"isotropic, unrotated, theta_perp = theta_par = 1",8fa713c11bebc4a76f9d1a412633a7fdb72f7be1ddce397112801c1b400f3596
double,158,0.033244568329579005,0.533244568329579,3.151279591729948e-21,-20.501513063103776,"isotropic, unrotated, theta_perp = theta_par = 1",8fa713c11bebc4a76f9d1a412633a7fdb72f7be1ddce397112801c1b400f3596
double,159,0.03448902806794507,0.5344890280679451,5.383605448430608e-22,-21.268926776021864,"isotropic, unrotated, theta_perp = theta_par = 1",8fa713c11bebc4a76f9d1a412633a7fdb72f7be1ddce397112801c1b400f3596
double,160,0.03578007225959878,0.5357800722595988,8.608642980379746e-23,-22.065065302969238,"isotropic, unrotated, theta_perp = theta_par = 1",8fa713c11bebc4a76f9d1a412633a7fdb72f7be1ddce397112801c1b400f3596
double,161,0.03711944472253692,0.5371194447225369,1.2852755376065183e-23,-22.891003758220386,"isotropic, unrotated, theta_perp = theta_par = 1",8fa713c11bebc4a76f9d1a412633a7fdb72f7be1ddce397112801c1b400f3596
double,162,0.03850895455192471,0.5385089545519247,1.7870738899680814e-24,-23.747857490391954,"isotropic, unrotated, theta_perp = theta_par = 1",8fa713c11bebc4a76f9d1a412633a7fdb72f7be1ddce397112801c1b400f3596
double,163,0.03995047856364731,0.5399504785636473,2.307896944496196e-25,-24.636783587819544,"isotropic, unrotated, theta_perp = theta_par = 1",8fa713c11bebc4a76f9d1a412633a7fdb72f7be1ddce397112801c1b400f3596
double,164,0.04144596382933152,0.5414459638293315,2.760689476485708e-26,-25.558982440239745,"isotropic, unrotated, theta_perp = theta_par = 1",8fa713c11bebc4a76f9d1a412633a7fdb72f7be1ddce397112801c1b400f3596
double,165,0.04299743030626246,0.5429974303062625,3.0500056307438358e-27,-26.51569935888314,"isotropic, unrotated, theta_perp = theta_par = 1",8fa713c11bebc4a76f9d1a412633a7fdb72f7be1ddce397112801c1b400f3596
double,166,0.044606973565747055,0.544606973565747,3.1029426071912024e-28,-27.50822625716178,"isotropic, unrotated, theta_perp = theta_par = 1",8fa713c11bebc4a76f9d1a412633a7fdb72f7be1ddce397112801c1b400f3596
double,167,0.04627676762360944,0.5462767676236094,2.897988153293382e-29,-28.537903394216748,"isotropic, unrotated, theta_perp = theta_par = 1",8fa713c11bebc4a76f9d1a412633a7fdb72f7be1ddce397112801c1b400f3596
double,168,0.04800906787664261,0.5480090678766426,2.4767308648057624e-30,-29.60612118367663,"isotropic, unrotated, theta_perp = theta_par = 1",8fa713c11bebc4a76f9d1a412633a7fdb72f7be1ddce397112801c1b400f3596
double,169,0.04980621414898001,0.54980621414898,1.9305361125546154e-31,-30.714322070063492,"isotropic, unrotated, theta_perp = theta_par = 1",8fa713c11bebc4a76f9d1a412633a7fdb72f7be1ddce397112801c1b400f3596
double,170,0.05167063385250492,0.5516706338525049,1.36772102988186e-32,-31.86400247537754,"isotropic, unrotated, theta_perp = theta_par = 1",8fa713c11bebc4a76f9d1a412633a7fdb72f7be1ddce397112801c1b400f3596
double,171,0.053604845265564194,0.5536048452655642,8.775768969844761e-34,-33.056714818482824,"isotropic, unrotated, theta_perp = theta_par = 1",8fa713c11bebc4a76f9d1a412633a7fdb72f7be1ddce397112801c1b400f3596
double,172,0.055611460934415824,0.5556114609344158,5.080779997744356e-35,-34.29406961001673,"isotropic, unrotated, theta_perp = theta_par = 1",8fa713c11bebc4a76f9d1a412633a7fdb72f7be1ddce397112801c1b400f3596
double,173,0.057693191202004335,0.5576931912020043,2.644005622549244e-36,-35.577737625646485,"isotropic, unrotated, theta_perp = theta_par = 1",8fa713c11bebc4a76f9d1a412633a7fdb72f7be1ddce397112801c1b400f3596
double,174,0.05985284786883116,0.5598528478688312,1.2318216686956986e-37,-36.9094521606028,"isotropic, unrotated, theta_perp = theta_par = 1",8fa713c11bebc4a76f9d1a412633a7fdb72f7be1ddce397112801c1b400f3596
double,175,0.06209334799086286,0.5620933479908629,5.116684414184509e-39,-38.29101136852814,"isotropic, unrotated, theta_perp = theta_par = 1",8fa713c11bebc4a76f9d1a412633a7fdb72f7be1ddce397112801c1b400f3596
double,176,0.0644177178196097,0.5644177178196097,1.886771520304833e-40,-39.72428068779405,"isotropic, unrotated, theta_perp = theta_par = 1",8fa713c11bebc4a76f9d1a412633a7fdb72f7be1ddce397112801c1b400f3596
double,177,0.06682909688969396,0.566829096889694,6.14900210112379e-42,-41.21119535855621,"isotropic, unrotated, theta_perp = theta_par = 1",8fa713c11bebc4a76f9d1a412633a7fdb72f7be1ddce397112801c1b400f3596
double,178,0.06933074225943092,0.5693307422594309,1.7629377036884192e-43,-42.75376303394138,"isotropic, unrotated, theta_perp = theta_par = 1",8fa713c11bebc4a76f9d1a412633a7fdb72f7be1ddce397112801c1b400f3596
double,179,0.07192603291014854,0.5719260329101485,4.425206189002558e-45,-44.35406648888483,"isotropic, unrotated, theta_perp = theta_par = 1",8fa713c11bebc4a76f9d1a412633a7fdb72f7be1ddce397112801c1b400f3596
double,180,0.07461847431019031,0.5746184743101903,9.676840209113658e-47,-46.0142664302709,"isotropic, unrotated, theta_perp = theta_par = 1",8fa713c11bebc4a76f9d1a412633a7fdb72f7be1ddce397112801c1b400f3596
double,181,0.07741170314976353,0.5774117031497635,1.8339841914991365e-48,-47.73660441216342,"isotropic, unrotated, theta_perp = theta_par = 1",8fa713c11bebc4a76f9d1a412633a7fdb72f7be1ddce397112801c1b400f3596
double,182,0.0803094922530293,0.5803094922530293,2.996361028928982e-50,-49.52340586005622,"isotropic, unrotated, theta_perp = theta_par = 1",8fa713c11bebc4a76f9d1a412633a7fdb72f7be1ddce397112801c1b400f3596
double,183,0.08331575567407068,0.5833157556740707,4.19678568387628e-52,-51.377083208221535,"isotropic, unrotated, theta_perp = theta_par = 1",8fa713c11bebc4a76f9d1a412633a7fdb72f7be1ddce397112801c1b400f3596
double,184,0.08643455398361821,0.5864345539836182,5.010266715405446e-54,-53.30013915438312,"isotropic, unrotated, theta_perp = theta_par = 1",8fa713c11bebc4a76f9d1a412633a7fdb72f7be1ddce397112801c1b400f3596
double,185,0.08967009975367835,0.5896700997536783,5.067922488077754e-56,-55.2951700361046,"isotropic, unrotated, theta_perp = theta_par = 1",8fa713c11bebc4a76f9d1a412633a7fdb72f7be1ddce397112801c1b400f3596
double,186,0.09302676324746906,0.5930267632474691,4.316489278798745e-58,-57.36486933344257,"isotropic, unrotated, theta_perp = theta_par = 1",8fa713c11bebc4a76f9d1a412633a7fdb72f7be1ddce397112801c1b400f3596
double,187,0.09650907832234978,0.5965090783223498,3.075875107297447e-60,-59.512031302587346,"isotropic, unrotated, theta_perp = theta_par = 1",8fa713c11bebc4a76f9d1a412633a7fdb72f7be1ddce397112801c1b400f3596
double,188,0.1001217485537188,0.6001217485537188,1.8215674392591125e-62,-61.739554745390535,"isotropic, unrotated, theta_perp = theta_par = 1",8fa713c11bebc4a76f9d1a412633a7fdb72f7be1ddce397112801c1b400f3596
double,189,0.10386965358815003,0.60386965358815,8.903342493795022e-65,-64.0504469198616,"isotropic, unrotated, theta_perp = theta_par = 1",8fa713c11bebc4a76f9d1a412633a7fdb72f7be1ddce397112801c1b400f3596
double,190,0.10775785573434793,0.6077578557343479,3.565926629198431e-67,-66.44782759690436,"isotropic, unrotated, theta_perp = theta_par = 1",8fa713c11bebc4a76f9d1a412633a7fdb72f7be1ddce397112801c1b400f3596
double,191,0.11179160680082645,0.6117916068008264,1.1616270891787194e-69,-68.93493326876548,"isotropic, unrotated, theta_perp = theta_par = 1",8fa713c11bebc4a76f9d1a412633a7fdb72f7be1ddce397112801c1b400f3596
double,192,0.11597635518954619,0.6159763551895462,3.0540664709783455e-72,-71.51512151486801,"isotropic, unrotated, theta_perp = theta_par = 1",8fa713c11bebc4a76f9d1a412633a7fdb72f7be1ddce397112801c1b400f3596
double,193,0.12031775325508898,0.620317753255089,6.428719384365764e-75,-74.19187553091625,"isotropic, unrotated, theta_perp = theta_par = 1",8fa713c11bebc4a76f9d1a412633a7fdb72f7be1ddce397112801c1b400f3596
double,194,0.12482166493931457,0.6248216649393146,1.0744622771213232e-77,-76.96880882738112,"isotropic, unrotated, theta_perp = theta_par = 1",8fa713c11bebc4a76f9d1a412633a7fdb72f7be1ddce397112801c1b400f3596
double,195,0.12949417369180738,0.6294941736918074,1.4136109359745129e-80,-79.84967010370006,"isotropic, unrotated, theta_perp = theta_par = 1",8fa713c11bebc4a76f9d1a412633a7fdb72f7be1ddce397112801c1b400f3596
double,196,0.13434159068681362,0.6343415906868136,1.4509474889747257e-83,-82.838348304765,"isotropic, unrotated, theta_perp = theta_par = 1",8fa713c11bebc4a76f9d1a412633a7fdb72f7be1ddce397112801c1b400f3596
double,197,0.13937046334776648,0.6393704633477665,1.1511240656892454e-86,-85.93887786651743,"isotropic, unrotated, theta_perp = theta_par = 1",8fa713c11bebc4a76f9d1a412633a7fdb72f7be1ddce397112801c1b400f3596
double,198,0.14458758419091522,0.6445875841909152,6.991266257956179e-90,-89.1554441577252,"isotropic, unrotated, theta_perp = theta_par = 1",8fa713c11bebc4a76f9d1a412633a7fdb72f7be1ddce397112801c1b400f3596
double,199,0.15000000000000002,0.65,3.2181840253209325e-93,-92.49238912527852,"isotropic, unrotated, theta_perp = theta_par = 1",8fa713c11bebc4a76f9d1a412633a7fdb72f7be1ddce397112801c1b400f3596
float,0,9.999999999998899e-05,0.5001,0.9823663634495767,-0.0077265163355729255,"isotropic, unrotated, theta_perp = theta_par = 1",8fa713c11bebc4a76f9d1a412633a7fdb72f7be1ddce397112801c1b400f3596
float,1,0.00010374334756291237,0.5001037433475629,0.9817123479801966,-0.008015746414058427,"isotropic, unrotated, theta_perp = theta_par = 1",8fa713c11bebc4a76f9d1a412633a7fdb72f7be1ddce397112801c1b400f3596
float,2,0.0001076268216355647,0.5001076268216356,0.9810343106513572,-0.008315803358094597,"isotropic, unrotated, theta_perp = theta_par = 1",8fa713c11bebc4a76f9d1a412633a7fdb72f7be1ddce397112801c1b400f3596
float,3,0.00011165566764037571,0.5001116556676404,0.9803313869986203,-0.008627092453257748,"isotropic, unrotated, theta_perp = theta_par = 1",8fa713c11bebc4a76f9d1a412633a7fdb72f7be1ddce397112801c1b400f3596
float,4,0.0001158353273538193,0.5001158353273538,0.9796026828089448,-0.008950034156219724,"isotropic, unrotated, theta_perp = theta_par = 1",8fa713c11bebc4a76f9d1a412633a7fdb72f7be1ddce397112801c1b400f3596
float,5,0.00012017144625731113,0.5001201714462573,0.9788472732015526,-0.009285064662697755,"isotropic, unrotated, theta_perp = theta_par = 1",8fa713c11bebc4a76f9d1a412633a7fdb72f7be1ddce397112801c1b400f3596
float,6,0.00012466988116210942,0.5001246698811621,0.9780642016889035,-0.009632636496574616,"isotropic, unrotated, theta_perp = theta_par = 1",8fa713c11bebc4a76f9d1a412633a7fdb72f7be1ddce397112801c1b400f3596
float,7,0.00012933670812020903,0.5001293367081202,0.9772524792177664,-0.009993219121113494,"isotropic, unrotated, theta_perp = theta_par = 1",8fa713c11bebc4a76f9d1a412633a7fdb72f7be1ddce397112801c1b400f3596
float,8,0.00013417823063166523,0.5001341782306317,0.9764110831907894,-0.010367299573075696,"isotropic, unrotated, theta_perp = theta_par = 1",8fa713c11bebc4a76f9d1a412633a7fdb72f7be1ddce397112801c1b400f3596
float,9,0.00013920098815789483,0.5001392009881579,0.9755389564692902,-0.010755383120477496,"isotropic, unrotated, theta_perp = theta_par = 1",8fa713c11bebc4a76f9d1a412633a7fdb72f7be1ddce397112801c1b400f3596
float,10,0.00014441176495572083,0.5001444117649557,0.9746350063572455,-0.011157993945127807,"isotropic, unrotated, theta_perp = theta_par = 1",8fa713c11bebc4a76f9d1a412633a7fdb72f7be1ddce397112801c1b400f3596
float,11,0.00014981759923970994,0.5001498175992397,0.9736981035679021,-0.01157567585052892,"isotropic, unrotated, theta_perp = theta_par = 1",8fa713c11bebc4a76f9d1a412633a7fdb72f7be1ddce397112801c1b400f3596
float,12,0.0001554257926896785,0.5001554257926897,0.9727270811729978,-0.012008992996445363,"isotropic, unrotated, theta_perp = theta_par = 1",8fa713c11bebc4a76f9d1a412633a7fdb72f7be1ddce397112801c1b400f3596
float,13,0.00016124392031247048,0.5001612439203125,0.9717207335361476,-0.012458530660842116,"isotropic, unrotated, theta_perp = theta_par = 1",8fa713c11bebc4a76f9d1a412633a7fdb72f7be1ddce397112801c1b400f3596
float,14,0.000167279840673773,0.5001672798406738,0.9706778152310052,-0.012924896030412216,"isotropic, unrotated, theta_perp = theta_par = 1",8fa713c11bebc4a76f9d1a412633a7fdb72f7be1ddce397112801c1b400f3596
float,15,0.00017354170651295853,0.500173541706513,0.9695970399455348,-0.013408719020696043,"isotropic, unrotated, theta_perp = theta_par = 1",8fa713c11bebc4a76f9d1a412633a7fdb72f7be1ddce397112801c1b400f3596
float,16,0.00018003797575427694,0.5001800379757543,0.9684770793739214,-0.013910653126821198,"isotropic, unrotated, theta_perp = theta_par = 1",8fa713c11bebc4a76f9d1a412633a7fdb72f7be1ddce397112801c1b400f3596
float,17,0.00018677742293204957,0.500186777422932,0.9673165620971608,-0.014431376306228347,"isotropic, unrotated, theta_perp = theta_par = 1",8fa713c11bebc4a76f9d1a412633a7fdb72f7be1ddce397112801c1b400f3596
float,18,0.0001937691510414119,0.5001937691510414,0.9661140724547232,-0.014971591894271762,"isotropic, unrotated, theta_perp = theta_par = 1",8fa713c11bebc4a76f9d1a412633a7fdb72f7be1ddce397112801c1b400f3596
float,19,0.0002010226038345886,0.5002010226038346,0.9648681494085174,-0.01553202955424245,"isotropic, unrotated, theta_perp = theta_par = 1",8fa713c11bebc4a76f9d1a412633a7fdb72f7be1ddce397112801c1b400f3596
float,20,0.00020854757857613482,0.5002085475785761,0.9635772854018468,-0.016113446262847806,"isotropic, unrotated, theta_perp = theta_par = 1",8fa713c11bebc4a76f9d1a412633a7fdb72f7be1ddce397112801c1b400f3596
float,21,0.00021635423927623965,0.5002163542392762,0.9622399252154148,-0.01671662733262556,"isotropic, unrotated, theta_perp = theta_par = 1",8fa713c11bebc4a76f9d1a412633a7fdb72f7be1ddce397112801c1b400f3596
float,22,0.00022445313041952186,0.5002244531304195,0.9608544648230856,-0.017342387472636715,"isotropic, unrotated, theta_perp = theta_par = 1",8fa713c11bebc4a76f9d1a412633a7fdb72f7be1ddce397112801c1b400f3596
float,23,0.00023285519120697096,0.500232855191207,0.9594192502504608,-0.017991571888802616,"isotropic, unrotated, theta_perp = theta_par = 1",8fa713c11bebc4a76f9d1a412633a7fdb72f7be1ddce397112801c1b400f3596
float,24,0.0002415717703321274,0.5002415717703321,0.9579325764391575,-0.018665057425513516,"isotropic, unrotated, theta_perp = theta_par = 1",8fa713c11bebc4a76f9d1a412633a7fdb72f7be1ddce397112801c1b400f3596
float,25,0.00025061464130948785,0.5002506146413095,0.9563926861206347,-0.0193637537499005,"isotropic, unrotated, theta_perp = theta_par = 1",8fa713c11bebc4a76f9d1a412633a7fdb72f7be1ddce397112801c1b400f3596
float,26,0.00025999601837722874,0.5002599960183772,0.9547977687031871,-0.020088604580475358,"isotropic, unrotated, theta_perp = theta_par = 1",8fa713c11bebc4a76f9d1a412633a7fdb72f7be1ddce397112801c1b400f3596
float,27,0.0002697285729948984,0.5002697285729949,0.9531459591764603,-0.020840588961734297,"isotropic, unrotated, theta_perp = theta_par = 1",8fa713c11bebc4a76f9d1a412633a7fdb72f7be1ddce397112801c1b400f3596
float,28,0.0002798254509585041,0.5002798254509585,0.9514353370380587,-0.02162072258645717,"isotropic, unrotated, theta_perp = theta_par = 1",8fa713c11bebc4a76f9d1a412633a7fdb72f7be1ddce397112801c1b400f3596
float,29,0.0002903002901574192,0.5002903002901574,0.949663925247031,-0.02243005916759038,"isotropic, unrotated, theta_perp = theta_par = 1",8fa713c11bebc4a76f9d1a412633a7fdb72f7be1ddce397112801c1b400f3596
float,30,0.0003011672389942044,0.5003011672389942,0.9478296892101703,-0.023269691861340775,"isotropic, unrotated, theta_perp = theta_par = 1",8fa713c11bebc4a76f9d1a412633a7fdb72f7be1ddce397112801c1b400f3596
float,31,0.00031244097549532057,0.5003124409754953,0.9459305358065112,-0.024140754743642714,"isotropic, unrotated, theta_perp = theta_par = 1",8fa713c11bebc4a76f9d1a412633a7fdb72f7be1ddce397112801c1b400f3596
float,32,0.00032413672713704766,0.500324136727137,0.9439643124566817,-0.025044424341876072,"isotropic, unrotated, theta_perp = theta_par = 1",8fa713c11bebc4a76f9d1a412633a7fdb72f7be1ddce397112801c1b400f3596
float,33,0.0003362702914129212,0.5003362702914129,0.9419288062441153,-0.025981921223867745,"isotropic, unrotated, theta_perp = theta_par = 1",8fa713c11bebc4a76f9d1a412633a7fdb72f7be1ddce397112801c1b400f3596
float,34,0.00034885805717121965,0.5003488580571712,0.9398217430954795,-0.02695451164637939,"isotropic, unrotated, theta_perp = theta_par = 1",8fa713c11bebc4a76f9d1a412633a7fdb72f7be1ddce397112801c1b400f3596
float,35,0.0003619170267523675,0.5003619170267524,0.9376407870282137,-0.027963509265389708,"isotropic, unrotated, theta_perp = theta_par = 1",8fa713c11bebc4a76f9d1a412633a7fdb72f7be1ddce397112801c1b400f3596
float,36,0.0003754648389531212,0.5003754648389531,0.9353835394743807,-0.029010276910244534,"isotropic, unrotated, theta_perp = theta_par = 1",8fa713c11bebc4a76f9d1a412633a7fdb72f7be1ddce397112801c1b400f3596
float,37,0.0003895197928516225,0.5003895197928516,0.9330475386896574,-0.03009622842430866,"isotropic, unrotated, theta_perp = theta_par = 1",8fa713c11bebc4a76f9d1a412633a7fdb72f7be1ddce397112801c1b400f3596
float,38,0.0004041008725244044,0.5004041008725244,0.9306302592576875,-0.031222830574519744,"isotropic, unrotated, theta_perp = theta_par = 1",8fa713c11bebc4a76f9d1a412633a7fdb72f7be1ddce397112801c1b400f3596
float,39,0.0004192277726877691,0.5004192277726878,0.9281291117007188,-0.032391605032346935,"isotropic, unrotated, theta_perp = theta_par = 1",8fa713c11bebc4a76f9d1a412633a7fdb72f7be1ddce397112801c1b400f3596
float,40,0.00043492092529973103,0.5004349209252997,0.9255414422077788,-0.033604130428952106,"isotropic, unrotated, theta_perp = theta_par = 1",8fa713c11bebc4a76f9d1a412633a7fdb72f7be1ddce397112801c1b400f3596
float,41,0.00045120152715760753,0.5004512015271576,0.9228645324928583,-0.03486204448725949,"isotropic, unrotated, theta_perp = theta_par = 1",8fa713c11bebc4a76f9d1a412633a7fdb72f7be1ddce397112801c1b400f3596
float,42,0.0004680915685282283,0.5004680915685282,0.9200955997962933,-0.03616704623379225,"isotropic, unrotated, theta_perp = theta_par = 1",8fa713c11bebc4a76f9d1a412633a7fdb72f7be1ddce397112801c1b400f3596
float,43,0.0004856138628509532,0.500485613862851,0.9172317970431207,-0.03752089829337762,"isotropic, unrotated, theta_perp = theta_par = 1",8fa713c11bebc4a76f9d1a412633a7fdb72f7be1ddce397112801c1b400f3596
float,44,0.0005037920775511351,0.5005037920775511,0.9142702131737379,-0.03892542926962725,"isotropic, unrotated, theta_perp = theta_par = 1",8fa713c11bebc4a76f9d1a412633a7fdb72f7be1ddce397112801c1b400f3596
float,45,0.0005226507660083257,0.5005226507660083,0.9112078736622818,-0.04038253621461495,"isotropic, unrotated, theta_perp = theta_par = 1",8fa713c11bebc4a76f9d1a412633a7fdb72f7be1ddce397112801c1b400f3596
float,46,0.0005422154007201918,0.5005422154007202,0.9080417412399299,-0.0418941871909133,"isotropic, unrotated, theta_perp = theta_par = 1",8fa713c11bebc4a76f9d1a412633a7fdb72f7be1ddce397112801c1b400f3596
float,47,0.0005625124077087706,0.5005625124077088,0.9047687168406456,-0.043462423929591626,"isotropic, unrotated, theta_perp = theta_par = 1",8fa713c11bebc4a76f9d1a412633a7fdb72f7be1ddce397112801c1b400f3596
float,48,0.0005835692022138073,0.5005835692022138,0.9013856407885206,-0.04508936458762944,"isotropic, unrotated, theta_perp = theta_par = 1",8fa713c11bebc4a76f9d1a412633a7fdb72f7be1ddce397112801c1b400f3596
float,49,0.0006054142257228001,0.5006054142257228,0.897889294246394,-0.04677720660857679,"isotropic, unrotated, theta_perp = theta_par = 1",8fa713c11bebc4a76f9d1a412633a7fdb72f7be1ddce397112801c1b400f3596
float,50,0.0006280769843869383,0.5006280769843869,0.894276400946881,-0.048528229690260855,"isotropic, unrotated, theta_perp = theta_par = 1",8fa713c11bebc4a76f9d1a412633a7fdb72f7be1ddce397112801c1b400f3596
float,51,0.0006515880888752212,0.5006515880888752,0.8905436292278331,-0.050344798863573646,"isotropic, unrotated, theta_perp = theta_par = 1",8fa713c11bebc4a76f9d1a412633a7fdb72f7be1ddce397112801c1b400f3596
float,52,0.0006759792957203858,0.5006759792957204,0.8866875943954512,-0.05222936768648472,"isotropic, unrotated, theta_perp = theta_par = 1",8fa713c11bebc4a76f9d1a412633a7fdb72f7be1ddce397112801c1b400f3596
float,53,0.0007012835502124837,0.5007012835502125,0.8827048614393609,-0.05418448155758663,"isotropic, unrotated, theta_perp = theta_par = 1",8fa713c11bebc4a76f9d1a412633a7fdb72f7be1ddce397112801c1b400f3596
float,54,0.0007275350308985074,0.5007275350308985,0.8785919481249846,-0.056212781153684645,"isotropic, unrotated, theta_perp = theta_par = 1",8fa713c11bebc4a76f9d1a412633a7fdb72f7be1ddce397112801c1b400f3596
float,55,0.0007547691957470182,0.500754769195747,0.8743453284899007,-0.05831700599598161,"isotropic, unrotated, theta_perp = theta_par = 1",8fa713c11bebc4a76f9d1a412633a7fdb72f7be1ddce397112801c1b400f3596
float,56,0.0007830228300416131,0.5007830228300416,0.8699614367715454,-0.06049999814978473,"isotropic, unrotated, theta_perp = theta_par = 1",8fa713c11bebc4a76f9d1a412633a7fdb72f7be1ddce397112801c1b400f3596
float,57,0.0008123340960669578,0.500812334096067,0.8654366717950382,-0.06276470606265608,"isotropic, unrotated, theta_perp = theta_par = 1",8fa713c11bebc4a76f9d1a412633a7fdb72f7be1ddce397112801c1b400f3596
float,58,0.0008427425846547765,0.5008427425846548,0.8607674018507184,-0.06511418854620799,"isotropic, unrotated, theta_perp = theta_par = 1",8fa713c11bebc4a76f9d1a412633a7fdb72f7be1ddce397112801c1b400f3596
float,59,0.0008742893686590758,0.5008742893686591,0.8559499700920185,-0.06755161890689104,"isotropic, unrotated, theta_perp = theta_par = 1",8fa713c11bebc4a76f9d1a412633a7fdb72f7be1ddce397112801c1b400f3596
float,60,0.0009070170584336568,0.5009070170584337,0.8509807004849844,-0.07008028923141511,"isotropic, unrotated, theta_perp = theta_par = 1",8fa713c11bebc4a76f9d1a412633a7fdb72f7be1ddce397112801c1b400f3596
float,61,0.000940969859385743,0.5009409698593857,0.8458559043418219,-0.0727036148325005,"isotropic, unrotated, theta_perp = theta_par = 1",8fa713c11bebc4a76f9d1a412633a7fdb72f7be1ddce397112801c1b400f3596
float,62,0.0009761936316847741,0.5009761936316848,0.8405718874711325,-0.0754251388610615,"isotropic, unrotated, theta_perp = theta_par = 1",8fa713c11bebc4a76f9d1a412633a7fdb72f7be1ddce397112801c1b400f3596
float,63,0.0010127359522057455,0.5010127359522057,0.8351249579784172,-0.07824853709094999,"isotropic, unrotated, theta_perp = theta_par = 1",8fa713c11bebc4a76f9d1a412633a7fdb72f7be1ddce397112801c1b400f3596
float,64,0.001050646178791359,0.5010506461787914,0.8295114347504986,-0.08117762288276092,"isotropic, unrotated, theta_perp = theta_par = 1",8fa713c11bebc4a76f9d1a412633a7fdb72f7be1ddce397112801c1b400f3596
float,65,0.0010899755169200276,0.50108997551692,0.8237276566577317,-0.08421635233341968,"isotropic, unrotated, theta_perp = theta_par = 1",8fa713c11bebc4a76f9d1a412633a7fdb72f7be1ddce397112801c1b400f3596
float,66,0.001130777088868995,0.501130777088869,0.8177699925079823,-0.08736882961843717,"isotropic, unrotated, theta_perp = theta_par = 1",8fa713c11bebc4a76f9d1a412633a7fdb72f7be1ddce397112801c1b400f3596
float,67,0.0011731060054671616,0.5011731060054672,0.8116348517857426,-0.09063931253413582,"isotropic, unrotated, theta_perp = theta_par = 1",8fa713c11bebc4a76f9d1a412633a7fdb72f7be1ddce397112801c1b400f3596
float,68,0.0012170194405332069,0.5012170194405332,0.8053186962095411,-0.09403221824721923,"isotropic, unrotated, theta_perp = theta_par = 1",8fa713c11bebc4a76f9d1a412633a7fdb72f7be1ddce397112801c1b400f3596
float,69,0.0012625767081004824,0.5012625767081005,0.7988180521395424,-0.09755212925951805,"isotropic, unrotated, theta_perp = theta_par = 1",8fa713c11bebc4a76f9d1a412633a7fdb72f7be1ddce397112801c1b400f3596
float,70,0.0013098393425331478,0.5013098393425331,0.7921295238660507,-0.10120379959597335,"isotropic, unrotated, theta_perp = theta_par = 1",8fa713c11bebc4a76f9d1a412633a7fdb72f7be1ddce397112801c1b400f3596
float,71,0.001358871181639909,0.5013588711816399,0.7852498078082248,-0.10499216122406144,"isotropic, unrotated, theta_perp = theta_par = 1",8fa713c11bebc4a76f9d1a412633a7fdb72f7be1ddce397112801c1b400f3596
float,72,0.0014097384529009327,0.5014097384529009,0.7781757076493923,-0.10892233071357946,"isotropic, unrotated, theta_perp = theta_par = 1",8fa713c11bebc4a76f9d1a412633a7fdb72f7be1ddce397112801c1b400f3596
float,73,0.0014625098629210687,0.5014625098629211,0.7709041504336279,-0.1129996161455177,"isotropic, unrotated, theta_perp = theta_par = 1",8fa713c11bebc4a76f9d1a412633a7fdb72f7be1ddce397112801c1b400f3596
float,74,0.0015172566902320606,0.5015172566902321,0.7634322036442639,-0.11722952427948496,"isotropic, unrotated, theta_perp = theta_par = 1",8fa713c11bebc4a76f9d1a412633a7fdb72f7be1ddce397112801c1b400f3596
float,75,0.001574052881568977,0.501574052881569,0.755757093281427,-0.1216177679893438,"isotropic, unrotated, theta_perp = theta_par = 1",8fa713c11bebc4a76f9d1a412633a7fdb72f7be1ddce397112801c1b400f3596
float,76,0.0016329751517502045,0.5016329751517502,0.7478762229512103,-0.1261702739770367,"isotropic, unrotated, theta_perp = theta_par = 1",8fa713c11bebc4a76f9d1a412633a7fdb72f7be1ddce397112801c1b400f3596
float,77,0.0016941030872962282,0.5016941030872962,0.7397871939736665,-0.13089319077502884,"isotropic, unrotated, theta_perp = theta_par = 1",8fa713c11bebc4a76f9d1a412633a7fdb72f7be1ddce397112801c1b400f3596
float,78,0.0017575192539277529,0.5017575192539278,0.7314878265106814,-0.1357928970482106,"isotropic, unrotated, theta_perp = theta_par = 1",8fa713c11bebc4a76f9d1a412633a7fdb72f7be1ddce397112801c1b400f3596
float,79,0.0018233093080873841,0.5018233093080874,0.7229761817080346,-0.14087601020638202,"isotropic, unrotated, theta_perp = theta_par = 1",8fa713c11bebc4a76f9d1a412633a7fdb72f7be1ddce397112801c1b400f3596
float,80,0.0018915621126359694,0.501891562112636,0.7142505848378922,-0.14614939533896754,"isotropic, unrotated, theta_perp = theta_par = 1",8fa713c11bebc4a76f9d1a412633a7fdb72f7be1ddce397112801c1b400f3596
float,81,0.001962369856880364,0.5019623698568804,0.7053096494190921,-0.15162017448405474,"isotropic, unrotated, theta_perp = theta_par = 1",8fa713c11bebc4a76f9d1a412633a7fdb72f7be1ddce397112801c1b400f3596
float,82,0.0020358281810931578,0.5020358281810932,0.6961523022829526,-0.15729573624412993,"isotropic, unrotated, theta_perp = theta_par = 1",8fa713c11bebc4a76f9d1a412633a7fdb72f7be1ddce397112801c1b400f3596
float,83,0.0021120363056952307,0.5021120363056952,0.6867778095407644,-0.1631837457616872,"isotropic, unrotated, theta_perp = theta_par = 1",8fa713c11bebc4a76f9d1a412633a7fdb72f7be1ddce397112801c1b400f3596
float,84,0.0021910971652723266,0.5021910971652723,0.6771858033977327,-0.1692921550679063,"isotropic, unrotated, theta_perp = theta_par = 1",8fa713c11bebc4a76f9d1a412633a7fdb72f7be1ddce397112801c1b400f3596
float,85,0.0022731175476095045,0.5022731175476095,0.6673763097439919,-0.17562921381857455,"isotropic, unrotated, theta_perp = theta_par = 1",8fa713c11bebc4a76f9d1a412633a7fdb72f7be1ddce397112801c1b400f3596
float,86,0.002358208237930093,0.5023582082379301,0.6573497764392535,-0.18220348043163456,"isotropic, unrotated, theta_perp = theta_par = 1",8fa713c11bebc4a76f9d1a412633a7fdb72f7be1ddce397112801c1b400f3596
float,87,0.002446484168533103,0.5024464841685331,0.6471071021917465,-0.1890238336413089,"isotropic, unrotated, theta_perp = theta_par = 1",8fa713c11bebc4a76f9d1a412633a7fdb72f7be1ddce397112801c1b400f3596
float,88,0.002538064574032939,0.5025380645740329,0.6366496659147173,-0.1960994844845096,"isotropic, unrotated, theta_perp = theta_par = 1",8fa713c11bebc4a76f9d1a412633a7fdb72f7be1ddce397112801c1b400f3596
float,89,0.002633073152410126,0.5026330731524101,0.6259793564257223,-0.20343998873561575,"isotropic, unrotated, theta_perp = theta_par = 1",8fa713c11bebc4a76f9d1a412633a7fdb72f7be1ddce397112801c1b400f3596
float,90,0.0027316382320905497,0.5027316382320905,0.6150986023342542,-0.21105525980637838,"isotropic, unrotated, theta_perp = theta_par = 1",8fa713c11bebc4a76f9d1a412633a7fdb72f7be1ddce397112801c1b400f3596
float,91,0.0028338929452791373,0.5028338929452791,0.6040104019424518,-0.21895558212835714,"isotropic, unrotated, theta_perp = theta_par = 1",8fa713c11bebc4a76f9d1a412633a7fdb72f7be1ddce397112801c1b400f3596
float,92,0.002939975407781792,0.5029399754077818,0.5927183529618469,-0.22715162503590242,"isotropic, unrotated, theta_perp = theta_par = 1",8fa713c11bebc4a76f9d1a412633a7fdb72f7be1ddce397112801c1b400f3596
float,93,0.0030500289055592766,0.5030500289055593,0.5812266818261218,-0.23565445716845285,"isotropic, unrotated, theta_perp = theta_par = 1",8fa713c11bebc4a76f9d1a412633a7fdb72f7be1ddce397112801c1b400f3596
float,94,0.0031642020882636235,0.5031642020882636,0.5695402723563797,-0.24447556141144675,"isotropic, unrotated, theta_perp = theta_par = 1",8fa713c11bebc4a76f9d1a412633a7fdb72f7be1ddce397112801c1b400f3596
float,95,0.003282649170020302,0.5032826491700203,0.5576646935106936,-0.25362685039612093,"isotropic, unrotated, theta_perp = theta_par = 1",8fa713c11bebc4a76f9d1a412633a7fdb72f7be1ddce397112801c1b400f3596
float,96,0.0034055301377251546,0.5034055301377252,0.5456062259252837,-0.2631206825789082,"isotropic, unrotated, theta_perp = theta_par = 1",8fa713c11bebc4a76f9d1a412633a7fdb72f7be1ddce397112801c1b400f3596
float,97,0.0035330109671399823,0.50353301096714,0.5333718869291556,-0.2729698789222917,"isotropic, unrotated, theta_perp = theta_par = 1",8fa713c11bebc4a76f9d1a412633a7fdb72f7be1ddce397112801c1b400f3596
float,98,0.0036652638470758836,0.5036652638470759,0.5209694536896837,-0.28318774019937115,"isotropic, unrotated, theta_perp = theta_par = 1",8fa713c11bebc4a76f9d1a412633a7fdb72f7be1ddce397112801c1b400f3596
float,99,0.0038024674119696567,0.5038024674119697,0.5084074841217231,-0.2937880649456403,"isotropic, unrotated, theta_perp = theta_par = 1",8fa713c11bebc4a76f9d1a412633a7fdb72f7be1ddce397112801c1b400f3596
float,100,0.003944806983166238,0.5039448069831662,0.49569533516976466,-0.3047851680820647,"isotropic, unrotated, theta_perp = theta_par = 1",8fa713c11bebc4a76f9d1a412633a7fdb72f7be1ddce397112801c1b400f3596
float,101,0.004092474819232139,0.5040924748192321,0.48284317805063637,-0.316193900234462,"isotropic, unrotated, theta_perp = theta_par = 1",8fa713c11bebc4a76f9d1a412633a7fdb72f7be1ddce397112801c1b400f3596
float,102,0.00424567037564072,0.5042456703756407,0.46986201002392836,-0.32802966777541315,"isotropic, unrotated, theta_perp = theta_par = 1",8fa713c11bebc4a76f9d1a412633a7fdb72f7be1ddce397112801c1b400f3596
float,103,0.004404600574176576,0.5044046005741766,0.45676366224052944,-0.34030845361541556,"isotropic, unrotated, theta_perp = theta_par = 1",8fa713c11bebc4a76f9d1a412633a7fdb72f7be1ddce397112801c1b400f3596
float,104,0.004569480082426081,0.5045694800824261,0.4435608032050145,-0.35304683877151266,"isotropic, unrotated, theta_perp = theta_par = 1",8fa713c11bebc4a76f9d1a412633a7fdb72f7be1ddce397112801c1b400f3596
float,105,0.004740531603729337,0.5047405316037293,0.43026693737810495,-0.36626202474225694,"isotropic, unrotated, theta_perp = theta_par = 1",8fa713c11bebc4a76f9d1a412633a7fdb72f7be1ddce397112801c1b400f3596
float,106,0.004917986177986666,0.5049179861779867,0.41689639843997117,-0.37997185671923633,"isotropic, unrotated, theta_perp = theta_par = 1",8fa713c11bebc4a76f9d1a412633a7fdb72f7be1ddce397112801c1b400f3596
float,107,0.005102083493724652,0.5051020834937247,0.4034643367359531,-0.394194847666298,"isotropic, unrotated, theta_perp = theta_par = 1",8fa713c11bebc4a76f9d1a412633a7fdb72f7be1ddce397112801c1b400f3596
float,108,0.005293072211844718,0.5052930722118447,0.3899867004332453,-0.4089502032989861,"isotropic, unrotated, theta_perp = theta_par = 1",8fa713c11bebc4a76f9d1a412633a7fdb72f7be1ddce397112801c1b400f3596
float,109,0.005491210301490024,0.50549121030149,0.37648020993204123,-0.4242578479976819,"isotropic, unrotated, theta_perp = theta_par = 1",8fa713c11bebc4a76f9d1a412633a7fdb72f7be1ddce397112801c1b400f3596
float,110,0.005696765388485292,0.5056967653884853,0.3629623250976257,-0.440138451689377,"isotropic, unrotated, theta_perp = theta_par = 1",8fa713c11bebc4a76f9d1a412633a7fdb72f7be1ddce397112801c1b400f3596
float,111,0.005910015116819989,0.50591001511682,0.3494512049125665,-0.4566134577342212,"isotropic, unrotated, theta_perp = theta_par = 1",8fa713c11bebc4a76f9d1a412633a7fdb72f7be1ddce397112801c1b400f3596
float,112,0.00613124752366323,0.5061312475236632,0.33596565919099175,-0.47370511185435427,"isotropic, unrotated, theta_perp = theta_par = 1",8fa713c11bebc4a76f9d1a412633a7fdb72f7be1ddce397112801c1b400f3596
float,113,0.0063607614284164615,0.5063607614284165,0.3225250920509526,-0.4914364921438835,"isotropic, unrotated, theta_perp = theta_par = 1",8fa713c11bebc4a76f9d1a412633a7fdb72f7be1ddce397112801c1b400f3596
float,114,0.00659886683632982,0.5065988668363298,0.3091494369066532,-0.5098315402003833,"isotropic, unrotated, theta_perp = theta_par = 1",8fa713c11bebc4a76f9d1a412633a7fdb72f7be1ddce397112801c1b400f3596
float,115,0.00684588535722741,0.5068458853572274,0.2958590828206676,-0.52891509341977,"isotropic, unrotated, theta_perp = theta_par = 1",8fa713c11bebc4a76f9d1a412633a7fdb72f7be1ddce397112801c1b400f3596
float,116,0.0071021506399069345,0.5071021506399069,0.2826747921475101,-0.5487129184979452,"isotropic, unrotated, theta_perp = theta_par = 1",8fa713c11bebc4a76f9d1a412633a7fdb72f7be1ddce397112801c1b400f3596
float,117,0.007368008822800309,0.5073680088228003,0.26961760950429875,-0.5692517461842195,"isotropic, unrotated, theta_perp = theta_par = 1",8fa713c11bebc4a76f9d1a412633a7fdb72f7be1ddce397112801c1b400f3596
float,118,0.007643819001503793,0.5076438190015038,0.2567087622217506,-0.5905593073331912,"isotropic, unrotated, theta_perp = theta_par = 1",8fa713c11bebc4a76f9d1a412633a7fdb72f7be1ddce397112801c1b400f3596
float,119,0.00792995371381,0.50792995371381,0.24396955255895839,-0.6126643703035826,"isotropic, unrotated, theta_perp = theta_par = 1",8fa713c11bebc4a76f9d1a412633a7fdb72f7be1ddce397112801c1b400f3596
float,120,0.00822679944289606,0.5082267994428961,0.23142124210781576,-0.635596779754192,"isotropic, unrotated, theta_perp = theta_par = 1",8fa713c11bebc4a76f9d1a412633a7fdb72f7be1ddce397112801c1b400f3596
float,121,0.008534757139347371,0.5085347571393474,0.21908492896619416,-0.6593874968890456,"isotropic, unrotated, theta_perp = theta_par = 1",8fa713c11bebc4a76f9d1a412633a7fdb72f7be1ddce397112801c1b400f3596
float,122,0.00885424276272373,0.5088542427627237,0.2069814184215576,-0.6840686412059077,"isotropic, unrotated, theta_perp = theta_par = 1",8fa713c11bebc4a76f9d1a412633a7fdb72f7be1ddce397112801c1b400f3596
float,123,0.009185687843396462,0.5091856878433965,0.19513108805684862,-0.7096735338039751,"isotropic, unrotated, theta_perp = theta_par = 1",8fa713c11bebc4a76f9d1a412633a7fdb72f7be1ddce397112801c1b400f3596
float,124,0.009529540065419062,0.5095295400654191,0.1835537483649033,-0.7362367423091534,"isotropic, unrotated, theta_perp = theta_par = 1",8fa713c11bebc4a76f9d1a412633a7fdb72f7be1ddce397112801c1b400f3596
float,125,0.009886263871214607,0.5098862638712146,0.1722685001341884,-0.7637941274768874,"isotropic, unrotated, theta_perp = theta_par = 1",8fa713c11bebc4a76f9d1a412633a7fdb72f7be1ddce397112801c1b400f3596
float,126,0.010256341088900944,0.5102563410889009,0.16129359004247038,-0.792382891535398,"isotropic, unrotated, theta_perp = theta_par = 1",8fa713c11bebc4a76f9d1a412633a7fdb72f7be1ddce397112801c1b400f3596
float,127,0.010640271583096217,0.5106402715830962,0.15064626606307654,-0.8220416283337929,"isotropic, unrotated, theta_perp = theta_par = 1",8fa713c11bebc4a76f9d1a412633a7fdb72f7be1ddce397112801c1b400f3596
float,128,0.011038573930089335,0.5110385739300893,0.14034263444469905,-0.8528103753627317,"isotropic, unrotated, theta_perp = theta_par = 1",8fa713c11bebc4a76f9d1a412633a7fdb72f7be1ddce397112801c1b400f3596
float,129,0.011451786118281682,0.5114517861182817,0.1303975201663372,-0.8847306677169545,"isotropic, unrotated, theta_perp = theta_par = 1",8fa713c11bebc4a76f9d1a412633a7fdb72f7be1ddce397112801c1b400f3596
float,130,0.011880466274850399,0.5118804662748504,0.12082433288711786,-0.9178455940723291,"isotropic, unrotated, theta_perp = theta_par = 1",8fa713c11bebc4a76f9d1a412633a7fdb72f7be1ddce397112801c1b400f3596
float,131,0.01232519341961269,0.5123251934196127,0.1116349405016921,-0.9521998547522765,"isotropic, unrotated, theta_perp = theta_par = 1",8fa713c11bebc4a76f9d1a412633a7fdb72f7be1ddce397112801c1b400f3596
float,132,0.012786568247109997,0.51278656824711,0.10283955246907994,-0.9878398219614208,"isotropic, unrotated, theta_perp = theta_par = 1",8fa713c11bebc4a76f9d1a412633a7fdb72f7be1ddce397112801c1b400f3596
float,133,0.013265213937968312,0.5132652139379683,0.09444661510080515,-1.0248136022671284,"isotropic, unrotated, theta_perp = theta_par = 1",8fa713c11bebc4a76f9d1a412633a7fdb72f7be1ddce397112801c1b400f3596
float,134,0.013761777000630415,0.5137617770006304,0.08646272096736503,-1.0631711014126155,"isotropic, unrotated, theta_perp = theta_par = 1",8fa713c11bebc4a76f9d1a412633a7fdb72f7be1ddce397112801c1b400f3596
float,135,0.014276928144597023,0.514276928144597,0.07889253450566906,-1.1029640915483916,"isotropic, unrotated, theta_perp = theta_par = 1",8fa713c11bebc4a76f9d1a412633a7fdb72f7be1ddce397112801c1b400f3596
float,136,0.014811363186356563,0.5148113631863566,0.07173873578001089,-1.1442462809720528,"isotropic, unrotated, theta_perp = theta_par = 1",8fa713c11bebc4a76f9d1a412633a7fdb72f7be1ddce397112801c1b400f3596
float,137,0.015365803989227156,0.5153658039892272,0.06500198416251796,-1.1870733864697458,"isotropic, unrotated, theta_perp = theta_par = 1",8fa713c11bebc4a76f9d1a412633a7fdb72f7be1ddce397112801c1b400f3596
float,138,0.0159409994383799,0.5159409994383799,0.05868090345434919,-1.2315032083560546,"isotropic, unrotated, theta_perp = theta_par = 1",8fa713c11bebc4a76f9d1a412633a7fdb72f7be1ddce397112801c1b400f3596
float,139,0.0165377264523604,0.5165377264523604,0.052772089666388064,-1.277595708312682,"isotropic, unrotated, theta_perp = theta_par = 1",8fa713c11bebc4a76f9d1a412633a7fdb72f7be1ddce397112801c1b400f3596
float,140,0.017156791032475915,0.5171567910324759,0.04727014231998712,-1.3254130901300873,"isotropic, unrotated, theta_perp = theta_par = 1",8fa713c11bebc4a76f9d1a412633a7fdb72f7be1ddce397112801c1b400f3596
float,141,0.017799029351464157,0.5177990293514642,0.04216771971883793,-1.3750198834599223,"isotropic, unrotated, theta_perp = theta_par = 1",8fa713c11bebc4a76f9d1a412633a7fdb72f7be1ddce397112801c1b400f3596
float,142,0.01846530888291431,0.5184653088829143,0.03745561818886784,-1.4264830306901934,"isotropic, unrotated, theta_perp = theta_par = 1",8fa713c11bebc4a76f9d1a412633a7fdb72f7be1ddce397112801c1b400f3596
float,143,0.019156529572967207,0.5191565295729672,0.03312287479332692,-1.4798719770593536,"isotropic, unrotated, theta_perp = theta_par = 1",8fa713c11bebc4a76f9d1a412633a7fdb72f7be1ddce397112801c1b400f3596
float,144,0.019873625055875532,0.5198736250558755,0.02915689251640296,-1.5352587641295468,"isotropic, unrotated, theta_perp = theta_par = 1",8fa713c11bebc4a76f9d1a412633a7fdb72f7be1ddce397112801c1b400f3596
float,145,0.020617563915066972,0.520617563915067,0.02554358638436905,-1.59271812674392,"isotropic, unrotated, theta_perp = theta_par = 1",8fa713c11bebc4a76f9d1a412633a7fdb72f7be1ddce397112801c1b400f3596
float,146,0.02138935099141359,0.5213893509914136,0.022267548474129994,-1.6523275935974462,"isotropic, unrotated, theta_perp = theta_par = 1",8fa713c11bebc4a76f9d1a412633a7fdb72f7be1ddce397112801c1b400f3596
float,147,0.02219002874047349,0.5221900287404735,0.019312229262184823,-1.7141675915554055,"isotropic, unrotated, theta_perp = theta_par = 1",8fa713c11bebc4a76f9d1a412633a7fdb72f7be1ddce397112801c1b400f3596
float,148,0.023020678640539693,0.5230206786405397,0.016660132310547016,-1.7783215538588653,"isotropic, unrotated, theta_perp = theta_par = 1",8fa713c11bebc4a76f9d1a412633a7fdb72f7be1ddce397112801c1b400f3596
float,149,0.02388242265339624,0.5238824226533962,0.014293018888468186,-1.844876032361345,"isotropic, unrotated, theta_perp = theta_par = 1",8fa713c11bebc4a76f9d1a412633a7fdb72f7be1ddce397112801c1b400f3596
float,150,0.02477642473975672,0.5247764247397567,0.012192118807638295,-1.9139208139465416,"isotropic, unrotated, theta_perp = theta_par = 1",8fa713c11bebc4a76f9d1a412633a7fdb72f7be1ddce397112801c1b400f3596
float,151,0.02570389243142923,0.5257038924314292,0.010338343520322825,-1.985549041282084,"isotropic, unrotated, theta_perp = theta_par = 1",8fa713c11bebc4a76f9d1a412633a7fdb72f7be1ddce397112801c1b400f3596
float,152,0.02666607846233482,0.5266660784623348,0.008712497408552615,-2.059857338070573,"isotropic, unrotated, theta_perp = theta_par = 1",8fa713c11bebc4a76f9d1a412633a7fdb72f7be1ddce397112801c1b400f3596
float,153,0.02766428246057906,0.5276642824605791,0.007295483188752846,-2.1369459389645336,"isotropic, unrotated, theta_perp = theta_par = 1",8fa713c11bebc4a76f9d1a412633a7fdb72f7be1ddce397112801c1b400f3596
float,154,0.028699852703864326,0.5286998527038643,0.0060684974765003305,-2.2169188243185434,"isotropic, unrotated, theta_perp = theta_par = 1",8fa713c11bebc4a76f9d1a412633a7fdb72f7be1ddce397112801c1b400f3596
float,155,0.02977418794061404,0.529774187940614,0.0050132128020745305,-2.299883859958027,"isotropic, unrotated, theta_perp = theta_par = 1",8fa713c11bebc4a76f9d1a412633a7fdb72f7be1ddce397112801c1b400f3596
float,156,0.030888739279266053,0.530888739279266,0.004111942735239145,-2.3859529421506256,"isotropic, unrotated, theta_perp = theta_par = 1",8fa713c11bebc4a76f9d1a412633a7fdb72f7be1ddce397112801c1b400f3596
float,157,0.03204501214829081,0.5320450121482908,0.00334778725769999,-2.4752421479734457,"isotropic, unrotated, theta_perp = theta_par = 1",8fa713c11bebc4a76f9d1a412633a7fdb72f7be1ddce397112801c1b400f3596
float,158,0.033244568329579005,0.533244568329579,0.0027047560987469702,-2.567871891276105,"isotropic, unrotated, theta_perp = theta_par = 1",8fa713c11bebc4a76f9d1a412633a7fdb72f7be1ddce397112801c1b400f3596
float,159,0.03448902806794507,0.5344890280679451,0.0021678684032071342,-2.663967084447116,"isotropic, unrotated, theta_perp = theta_par = 1",8fa713c11bebc4a76f9d1a412633a7fdb72f7be1ddce397112801c1b400f3596
float,160,0.03578007225959878,0.5357800722595988,0.0017232278060624693,-2.7636573061990277,"isotropic, unrotated, theta_perp = theta_par = 1",8fa713c11bebc4a76f9d1a412633a7fdb72f7be1ddce397112801c1b400f3596
float,161,0.03711944472253692,0.5371194447225369,0.0013580727165641948,-2.8670769755952166,"isotropic, unrotated, theta_perp = theta_par = 1",8fa713c11bebc4a76f9d1a412633a7fdb72f7be1ddce397112801c1b400f3596
float,162,0.03850895455192471,0.5385089545519247,0.0010608023360621722,-2.974365532549979,"isotropic, unrotated, theta_perp = theta_par = 1",8fa713c11bebc4a76f9d1a412633a7fdb72f7be1ddce397112801c1b400f3596
float,163,0.03995047856364731,0.5399504785636473,0.0008209796174142259,-3.0856676250418418,"isotropic, unrotated, theta_perp = theta_par = 1",8fa713c11bebc4a76f9d1a412633a7fdb72f7be1ddce397112801c1b400f3596
float,164,0.04144596382933152,0.5414459638293315,0.0006293129905169029,-3.201133303288938,"isotropic, unrotated, theta_perp = theta_par = 1",8fa713c11bebc4a76f9d1a412633a7fdb72f7be1ddce397112801c1b400f3596
float,165,0.04299743030626246,0.5429974303062625,0.0004776192022109252,-3.320918221144592,"isotropic, unrotated, theta_perp = theta_par = 1",8fa713c11bebc4a76f9d1a412633a7fdb72f7be1ddce397112801c1b400f3596
float,166,0.044606973565747055,0.544606973565747,0.0003587700284285337,-3.4451838449807433,"isotropic, unrotated, theta_perp = theta_par = 1",8fa713c11bebc4a76f9d1a412633a7fdb72f7be1ddce397112801c1b400f3596
float,167,0.04627676762360944,0.5462767676236094,0.0002666258970748167,-3.5740976703367484,"isotropic, unrotated, theta_perp = theta_par = 1",8fa713c11bebc4a76f9d1a412633a7fdb72f7be1ddce397112801c1b400f3596
float,168,0.04800906787664261,0.5480090678766426,0.0001959596041021168,-3.7078334466215024,"isotropic, unrotated, theta_perp = theta_par = 1",8fa713c11bebc4a76f9d1a412633a7fdb72f7be1ddce397112801c1b400f3596
float,169,0.04980621414898001,0.54980621414898,0.00014237331258275886,-3.8465714101672015,"isotropic, unrotated, theta_perp = theta_par = 1",8fa713c11bebc4a76f9d1a412633a7fdb72f7be1ddce397112801c1b400f3596
float,170,0.05167063385250492,0.5516706338525049,0.00010221190298073084,-3.9904985259445596,"isotropic, unrotated, theta_perp = theta_par = 1",8fa713c11bebc4a76f9d1a412633a7fdb72f7be1ddce397112801c1b400f3596
float,171,0.053604845265564194,0.5536048452655642,7.247550693480773e-05,-4.139808738260378,"isotropic, unrotated, theta_perp = theta_par = 1",8fa713c11bebc4a76f9d1a412633a7fdb72f7be1ddce397112801c1b400f3596
float,172,0.055611460934415824,0.5556114609344158,5.0733727187837036e-05,-4.294703230770515,"isotropic, unrotated, theta_perp = theta_par = 1",8fa713c11bebc4a76f9d1a412633a7fdb72f7be1ddce397112801c1b400f3596
float,173,0.057693191202004335,0.5576931912020043,3.504364755489375e-05,-4.45539069615356,"isotropic, unrotated, theta_perp = theta_par = 1",8fa713c11bebc4a76f9d1a412633a7fdb72f7be1ddce397112801c1b400f3596
float,174,0.05985284786883116,0.5598528478688312,2.387329607665477e-05,-4.622087615803449,"isotropic, unrotated, theta_perp = theta_par = 1",8fa713c11bebc4a76f9d1a412633a7fdb72f7be1ddce397112801c1b400f3596
float,175,0.06209334799086286,0.5620933479908629,1.603176913130351e-05,-4.795018549912328,"isotropic, unrotated, theta_perp = theta_par = 1",8fa713c11bebc4a76f9d1a412633a7fdb72f7be1ddce397112801c1b400f3596
float,176,0.0644177178196097,0.5644177178196097,1.0606780015218805e-05,-4.974416438329178,"isotropic, unrotated, theta_perp = theta_par = 1",8fa713c11bebc4a76f9d1a412633a7fdb72f7be1ddce397112801c1b400f3596
float,177,0.06682909688969396,0.566829096889694,6.909984726101465e-06,-5.160522912593556,"isotropic, unrotated, theta_perp = theta_par = 1",8fa713c11bebc4a76f9d1a412633a7fdb72f7be1ddce397112801c1b400f3596
float,178,0.06933074225943092,0.5693307422594309,4.430078077168955e-06,-5.353588619559135,"isotropic, unrotated, theta_perp = theta_par = 1",8fa713c11bebc4a76f9d1a412633a7fdb72f7be1ddce397112801c1b400f3596
float,179,0.07192603291014854,0.5719260329101485,2.7933569966868815e-06,-5.5538735570367574,"isotropic, unrotated, theta_perp = theta_par = 1",8fa713c11bebc4a76f9d1a412633a7fdb72f7be1ddce397112801c1b400f3596
float,180,0.07461847431019031,0.5746184743101903,1.7312212653822386e-06,-5.761647421903099,"isotropic, unrotated, theta_perp = theta_par = 1",8fa713c11bebc4a76f9d1a412633a7fdb72f7be1ddce397112801c1b400f3596
float,181,0.07741170314976353,0.5774117031497635,1.0539257823687735e-06,-5.977189971137302,"isotropic, unrotated, theta_perp = theta_par = 1",8fa713c11bebc4a76f9d1a412633a7fdb72f7be1ddce397112801c1b400f3596
float,182,0.0803094922530293,0.5803094922530293,6.298086248381785e-07,-6.200791396265399,"isotropic, unrotated, theta_perp = theta_par = 1",8fa713c11bebc4a76f9d1a412633a7fdb72f7be1ddce397112801c1b400f3596
float,183,0.08331575567407068,0.5833157556740707,3.6918775510044196e-07,-6.432752711710313,"isotropic, unrotated, theta_perp = theta_par = 1",8fa713c11bebc4a76f9d1a412633a7fdb72f7be1ddce397112801c1b400f3596
float,184,0.08643455398361821,0.5864345539836182,2.121357395653412e-07,-6.673386157563362,"isotropic, unrotated, theta_perp = theta_par = 1",8fa713c11bebc4a76f9d1a412633a7fdb72f7be1ddce397112801c1b400f3596
float,185,0.08967009975367835,0.5896700997536783,1.1939451691942868e-07,-6.923015617313131,"isotropic, unrotated, theta_perp = theta_par = 1",8fa713c11bebc4a76f9d1a412633a7fdb72f7be1ddce397112801c1b400f3596
float,186,0.09302676324746906,0.5930267632474691,6.576925901141005e-08,-7.181977051086897,"isotropic, unrotated, theta_perp = theta_par = 1",8fa713c11bebc4a76f9d1a412633a7fdb72f7be1ddce397112801c1b400f3596
float,187,0.09650907832234978,0.5965090783223498,3.5430807876161315e-08,-7.450618944980994,"isotropic, unrotated, theta_perp = theta_par = 1",8fa713c11bebc4a76f9d1a412633a7fdb72f7be1ddce397112801c1b400f3596
float,188,0.1001217485537188,0.6001217485537188,1.8650789603994526e-08,-7.729302777077887,"isotropic, unrotated, theta_perp = theta_par = 1",8fa713c11bebc4a76f9d1a412633a7fdb72f7be1ddce397112801c1b400f3596
float,189,0.10386965358815003,0.60386965358815,9.585096712795848e-09,-8.018403500770095,"isotropic, unrotated, theta_perp = theta_par = 1",8fa713c11bebc4a76f9d1a412633a7fdb72f7be1ddce397112801c1b400f3596
float,190,0.10775785573434793,0.6077578557343479,4.80496196196096e-09,-8.318310046034112,"isotropic, unrotated, theta_perp = theta_par = 1",8fa713c11bebc4a76f9d1a412633a7fdb72f7be1ddce397112801c1b400f3596
float,191,0.11179160680082645,0.6117916068008264,2.347330061531871e-09,-8.629425839321897,"isotropic, unrotated, theta_perp = theta_par = 1",8fa713c11bebc4a76f9d1a412633a7fdb72f7be1ddce397112801c1b400f3596
float,192,0.11597635518954619,0.6159763551895462,1.1164278385222023e-09,-8.952169342762195,"isotropic, unrotated, theta_perp = theta_par = 1",8fa713c11bebc4a76f9d1a412633a7fdb72f7be1ddce397112801c1b400f3596
float,193,0.12031775325508898,0.620317753255089,5.164465571856772e-10,-9.2869746133897,"isotropic, unrotated, theta_perp = theta_par = 1",8fa713c11bebc4a76f9d1a412633a7fdb72f7be1ddce397112801c1b400f3596
float,194,0.12482166493931457,0.6248216649393146,2.3211762424473174e-10,-9.634291883147501,"isotropic, unrotated, theta_perp = theta_par = 1",8fa713c11bebc4a76f9d1a412633a7fdb72f7be1ddce397112801c1b400f3596
float,195,0.12949417369180738,0.6294941736918074,1.012539185630531e-10,-9.994588160435464,"isotropic, unrotated, theta_perp = theta_par = 1",8fa713c11bebc4a76f9d1a412633a7fdb72f7be1ddce397112801c1b400f3596
float,196,0.13434159068681362,0.6343415906868136,4.282054061253995e-11,-10.36834785400653,"isotropic, unrotated, theta_perp = theta_par = 1",8fa713c11bebc4a76f9d1a412633a7fdb72f7be1ddce397112801c1b400f3596
float,197,0.13937046334776648,0.6393704633477665,1.7535840230636196e-11,-10.756073420042734,"isotropic, unrotated, theta_perp = theta_par = 1",8fa713c11bebc4a76f9d1a412633a7fdb72f7be1ddce397112801c1b400f3596
float,198,0.14458758419091522,0.6445875841909152,6.945667141946406e-12,-11.158286033273992,"isotropic, unrotated, theta_perp = theta_par = 1",8fa713c11bebc4a76f9d1a412633a7fdb72f7be1ddce397112801c1b400f3596
float,199,0.15000000000000002,0.65,2.6575027154835983e-12,-11.575526283034602,"isotropic, unrotated, theta_perp = theta_par = 1",8fa713c11bebc4a76f9d1a412633a7fdb72f7be1ddce397112801c1b400f3596
