method,precision,stdlib,tag,kappa,shape_a,n_seeds,n_attempted,n_nonfinite,rate,ci_lo,ci_hi,is_upper_bound,x2_zero,max_finite_log_component
QF_replica,double,libc++,libcxx,0.5001,9.999999999998899e-05,5,5000000,4658048,0.9316096,0.9313880028516104,0.9318306971647269,false,4641522,354.5152014342717
QF_replica,double,libc++,libcxx,0.501,0.0010000000000000009,5,5000000,2461326,0.4922652,0.4918268957575251,0.4927035131999306,false,2375531,354.52516500685687
QF_replica,double,libc++,libcxx,0.505,0.0050000000000000044,5,5000000,144374,0.0288748,0.028728195108378284,0.02902195081666804,false,121098,354.5227447446003
QF_replica,double,libc++,libcxx,0.51,0.010000000000000009,5,5000000,4141,0.0008282,0.0008031749646620459,0.0008538059728040642,false,2932,354.4005307945997
QF_replica,double,libc++,libcxx,0.55,0.050000000000000044,5,5000000,0,0.0,0.0,5.991462752596988e-07,true,NA,177.23334014197187
QF_replica,double,libc++,libcxx,0.6,0.09999999999999998,5,5000000,0,0.0,0.0,5.991462752596988e-07,true,NA,88.6789788603389
QF_replica,double,libc++,libcxx,0.75,0.25,5,5000000,0,0.0,0.0,5.991462752596988e-07,true,NA,35.631830453919214
QF_replica,double,libc++,libcxx,1,0.5,5,5000000,0,0.0,0.0,5.991462752596988e-07,true,NA,18.056098096119513
QF_replica,double,libc++,libcxx,1.5,1.0,5,5000000,0,0.0,0.0,5.991462752596988e-07,true,NA,9.45679392348213
QF_replica,double,libc++,libcxx,2,1.5,5,5000000,0,0.0,0.0,5.991462752596988e-07,true,NA,5.917511729057145
QF_replica,double,libc++,libcxx,5,4.5,5,5000000,0,0.0,0.0,5.991462752596988e-07,true,NA,2.534880239761642
QF_replica,double,libstdc++,libstdcxx,0.5001,9.999999999998899e-05,5,5000000,4657569,0.9315138,0.931292059386106,0.9317350407413998,false,4640915,354.53613634298046
QF_replica,double,libstdc++,libstdcxx,0.501,0.0010000000000000009,5,5000000,2459613,0.4919226,0.49148430070486415,0.492360908649381,false,2374666,354.53390951514183
QF_replica,double,libstdc++,libstdcxx,0.505,0.0050000000000000044,5,5000000,144632,0.0289264,0.02877966789222652,0.029073677972600537,false,121373,354.5171958752645
QF_replica,double,libstdc++,libstdcxx,0.51,0.010000000000000009,5,5000000,4033,0.0008066,0.0007819056930998896,0.0008318753097536218,false,2811,354.5231357911659
QF_replica,double,libstdc++,libstdcxx,0.55,0.050000000000000044,5,5000000,0,0.0,0.0,5.991462752596988e-07,true,NA,160.32946775125652
QF_replica,double,libstdc++,libstdcxx,0.6,0.09999999999999998,5,5000000,0,0.0,0.0,5.991462752596988e-07,true,NA,80.91957191750878
QF_replica,double,libstdc++,libstdcxx,0.75,0.25,5,5000000,0,0.0,0.0,5.991462752596988e-07,true,NA,33.13078063122897
QF_replica,double,libstdc++,libstdcxx,1,0.5,5,5000000,0,0.0,0.0,5.991462752596988e-07,true,NA,17.061745991234513
QF_replica,double,libstdc++,libstdcxx,1.5,1.0,5,5000000,0,0.0,0.0,5.991462752596988e-07,true,NA,7.445947817876224
QF_replica,double,libstdc++,libstdcxx,2,1.5,5,5000000,0,0.0,0.0,5.991462752596988e-07,true,NA,5.2983460411245
QF_replica,double,libstdc++,libstdcxx,5,4.5,5,5000000,0,0.0,0.0,5.991462752596988e-07,true,NA,2.2688201605969507
QF_replica,float,libc++,libcxx,0.5001,0.00010001659393310547,5,5000000,4956127,0.9912254,0.9911432695804958,0.9913069607942939,false,4948283,43.999882594147664
QF_replica,float,libc++,libcxx,0.501,0.0009999871253967285,5,5000000,4578182,0.9156364,0.9153924453049214,0.91587987324152,false,4508852,44.006822296490334
QF_replica,float,libc++,libcxx,0.505,0.004999995231628418,5,5000000,3218597,0.6437194,0.6432994506677752,0.6441391828925161,false,2981852,44.014491261959
QF_replica,float,libc++,libcxx,0.51,0.009999990463256836,5,5000000,2070277,0.4140554,0.4136236115519178,0.4144872879786277,false,1776854,44.024182179768985
QF_replica,float,libc++,libcxx,0.55,0.050000011920928955,5,5000000,60860,0.012172,0.012076068976754464,0.012268496571917949,false,28179,44.04470959452154
QF_replica,float,libc++,libcxx,0.6,0.10000002384185791,5,5000000,679,0.0001358,0.00012577694514959124,0.0001464092368579607,false,163,44.03324917614761
QF_replica,float,libc++,libcxx,0.75,0.25,5,5000000,0,0.0,0.0,5.991462752596988e-07,true,NA,29.279736817647056
QF_replica,float,libc++,libcxx,1,0.5,5,5000000,0,0.0,0.0,5.991462752596988e-07,true,NA,14.689820916322878
QF_replica,float,libc++,libcxx,1.5,1.0,5,5000000,0,0.0,0.0,5.991462752596988e-07,true,NA,7.9269625757008795
QF_replica,float,libc++,libcxx,2,1.5,5,5000000,0,0.0,0.0,5.991462752596988e-07,true,NA,5.656542256161089
QF_replica,float,libc++,libcxx,5,4.5,5,5000000,0,0.0,0.0,5.991462752596988e-07,true,NA,2.4920819608530245
QF_replica,float,libstdc++,libstdcxx,0.5001,0.00010001659393310547,5,5000000,4955973,0.9911946,0.9911123275292386,0.9912763028828665,false,4948353,44.0015525303856
QF_replica,float,libstdc++,libstdcxx,0.501,0.0009999871253967285,5,5000000,4578144,0.9156288,0.9153848353475238,0.915872283207729,false,4509010,44.00959273100997
QF_replica,float,libstdc++,libstdcxx,0.505,0.004999995231628418,5,5000000,3219269,0.6438538,0.6434338859615365,0.6442735474431003,false,2984063,44.01507427400313
QF_replica,float,libstdc++,libstdcxx,0.51,0.009999990463256836,5,5000000,2072639,0.4145278,0.4140959392336078,0.4149597597498473,false,1778809,44.019376822927995
QF_replica,float,libstdc++,libstdcxx,0.55,0.050000011920928955,5,5000000,61250,0.01225,0.012153765274764515,0.012346800181027906,false,28673,44.04927002384617
QF_replica,float,libstdc++,libstdcxx,0.6,0.10000002384185791,5,5000000,728,0.0001456,0.00013521483094956923,0.00015657108499395265,false,165,44.07493235893785
QF_replica,float,libstdc++,libstdcxx,0.75,0.25,5,5000000,0,0.0,0.0,5.991462752596988e-07,true,NA,29.623208936736575
QF_replica,float,libstdc++,libstdcxx,1,0.5,5,5000000,0,0.0,0.0,5.991462752596988e-07,true,NA,15.507653078223878
QF_replica,float,libstdc++,libstdcxx,1.5,1.0,5,5000000,0,0.0,0.0,5.991462752596988e-07,true,NA,7.864040350464694
QF_replica,float,libstdc++,libstdcxx,2,1.5,5,5000000,0,0.0,0.0,5.991462752596988e-07,true,NA,5.380650938084376
QF_replica,float,libstdc++,libstdcxx,5,4.5,5,5000000,0,0.0,0.0,5.991462752596988e-07,true,NA,2.5076178604891153
QF_replica,float,libstdc++,libstdcxx-contractfast,0.5001,0.00010001659393310547,5,5000000,4955973,0.9911946,0.9911123275292386,0.9912763028828665,false,4948353,44.0015525303856
QF_replica,float,libstdc++,libstdcxx-contractfast,0.501,0.0009999871253967285,5,5000000,4578144,0.9156288,0.9153848353475238,0.915872283207729,false,4509009,44.009592561534596
QF_replica,float,libstdc++,libstdcxx-contractfast,0.505,0.004999995231628418,5,5000000,3219257,0.6438514,0.6434314853309595,0.6442711480764284,false,2984047,44.01507427400313
QF_replica,float,libstdc++,libstdcxx-contractfast,0.51,0.009999990463256836,5,5000000,2072626,0.4145252,0.4140933396305225,0.4149571593559582,false,1778798,44.019376822927995
QF_replica,float,libstdc++,libstdcxx-contractfast,0.55,0.050000011920928955,5,5000000,61249,0.0122498,0.01215356605220278,0.012346599403827898,false,28672,44.04927002384617
QF_replica,float,libstdc++,libstdcxx-contractfast,0.6,0.10000002384185791,5,5000000,728,0.0001456,0.00013521483094956923,0.00015657108499395265,false,165,44.07493227955989
QF_replica,float,libstdc++,libstdcxx-contractfast,0.75,0.25,5,5000000,0,0.0,0.0,5.991462752596988e-07,true,NA,29.623208793714273
QF_replica,float,libstdc++,libstdcxx-contractfast,1,0.5,5,5000000,0,0.0,0.0,5.991462752596988e-07,true,NA,15.50765289409925
QF_replica,float,libstdc++,libstdcxx-contractfast,1.5,1.0,5,5000000,0,0.0,0.0,5.991462752596988e-07,true,NA,7.864038286254818
QF_replica,float,libstdc++,libstdcxx-contractfast,2,1.5,5,5000000,0,0.0,0.0,5.991462752596988e-07,true,NA,5.3806497435951455
QF_replica,float,libstdc++,libstdcxx-contractfast,5,4.5,5,5000000,0,0.0,0.0,5.991462752596988e-07,true,NA,2.5076178604891153
SPLIT_released,double,libc++,libcxx,0.5001,9.999999999998899e-05,5,5000000,4641522,0.9283044,0.9280779237937282,0.9285303800578198,false,NA,372.7467923242993
SPLIT_released,double,libc++,libcxx,0.501,0.0010000000000000009,5,5000000,2375531,0.4751062,0.4746683967691715,0.4755440320596814,false,NA,373.0684766024695
SPLIT_released,double,libc++,libcxx,0.505,0.0050000000000000044,5,5000000,121098,0.0242196,0.02408502745726065,0.024354723906515992,false,NA,372.8535874370475
SPLIT_released,double,libc++,libcxx,0.51,0.010000000000000009,5,5000000,2932,0.0005864,0.0005653703472055741,0.0006080114418922518,false,NA,372.6793916973732
SPLIT_released,double,libc++,libcxx,0.55,0.050000000000000044,5,5000000,0,0.0,0.0,5.991462752596988e-07,true,NA,177.23334014197187
SPLIT_released,double,libc++,libcxx,0.6,0.09999999999999998,5,5000000,0,0.0,0.0,5.991462752596988e-07,true,NA,88.6789788603389
SPLIT_released,double,libc++,libcxx,0.75,0.25,5,5000000,0,0.0,0.0,5.991462752596988e-07,true,NA,35.631830453919214
SPLIT_released,double,libc++,libcxx,1,0.5,5,5000000,0,0.0,0.0,5.991462752596988e-07,true,NA,18.056098096119513
SPLIT_released,double,libc++,libcxx,1.5,1.0,5,5000000,0,0.0,0.0,5.991462752596988e-07,true,NA,9.45679392348213
SPLIT_released,double,libc++,libcxx,2,1.5,5,5000000,0,0.0,0.0,5.991462752596988e-07,true,NA,5.917511729057145
SPLIT_released,double,libc++,libcxx,5,4.5,5,5000000,0,0.0,0.0,5.991462752596988e-07,true,NA,2.534880239761642
SPLIT_released,double,libstdc++,libstdcxx,0.5001,9.999999999998899e-05,5,5000000,4640915,0.928183,0.9279563472963979,0.9284091566960098,false,NA,372.8735523040696
SPLIT_released,double,libstdc++,libstdcxx,0.501,0.0010000000000000009,5,5000000,2374666,0.4749332,0.4744954044547727,0.4753710245744077,false,NA,372.73852503602126
SPLIT_released,double,libstdc++,libstdcxx,0.505,0.0050000000000000044,5,5000000,121373,0.0242746,0.02413987831511247,0.02440987298432759,false,NA,372.85145084190634
SPLIT_released,double,libstdc++,libstdcxx,0.51,0.010000000000000009,5,5000000,2811,0.0005622,0.0005416125846657065,0.0005833693091858412,false,NA,372.5136946956806
SPLIT_released,double,libstdc++,libstdcxx,0.55,0.050000000000000044,5,5000000,0,0.0,0.0,5.991462752596988e-07,true,NA,160.32946775125652
SPLIT_released,double,libstdc++,libstdcxx,0.6,0.09999999999999998,5,5000000,0,0.0,0.0,5.991462752596988e-07,true,NA,80.91957191750878
SPLIT_released,double,libstdc++,libstdcxx,0.75,0.25,5,5000000,0,0.0,0.0,5.991462752596988e-07,true,NA,33.13078063122897
SPLIT_released,double,libstdc++,libstdcxx,1,0.5,5,5000000,0,0.0,0.0,5.991462752596988e-07,true,NA,17.061745991234513
SPLIT_released,double,libstdc++,libstdcxx,1.5,1.0,5,5000000,0,0.0,0.0,5.991462752596988e-07,true,NA,7.445947817876224
SPLIT_released,double,libstdc++,libstdcxx,2,1.5,5,5000000,0,0.0,0.0,5.991462752596988e-07,true,NA,5.2983460411245
SPLIT_released,double,libstdc++,libstdcxx,5,4.5,5,5000000,0,0.0,0.0,5.991462752596988e-07,true,NA,2.268820160596951
SPLIT_released,float,libc++,libcxx,0.5001,0.00010001659393310547,5,5000000,4948283,0.9896566,0.9895675335718813,0.9897450986939944,false,NA,52.254972043241246
SPLIT_released,float,libc++,libcxx,0.501,0.0009999871253967285,5,5000000,4508852,0.9017704,0.9015091924326459,0.9020311421922659,false,NA,52.27808899054067
SPLIT_released,float,libc++,libcxx,0.505,0.004999995231628418,5,5000000,2981852,0.5963704,0.595940200557439,0.5968004878379849,false,NA,52.43860305008039
SPLIT_released,float,libc++,libcxx,0.51,0.009999990463256836,5,5000000,1776854,0.3553708,0.3549512577809665,0.35579050971241594,false,NA,52.40512830136261
SPLIT_released,float,libc++,libcxx,0.55,0.050000011920928955,5,5000000,28179,0.0056358,0.005570369807304753,0.0057018036857307206,false,NA,52.192927113114415
SPLIT_released,float,libc++,libcxx,0.6,0.10000002384185791,5,5000000,163,3.26e-05,2.7787472424424216e-05,3.8006519466950834e-05,false,NA,51.770281137423616
SPLIT_released,float,libc++,libcxx,0.75,0.25,5,5000000,0,0.0,0.0,5.991462752596988e-07,true,NA,29.279736817647056
SPLIT_released,float,libc++,libcxx,1,0.5,5,5000000,0,0.0,0.0,5.991462752596988e-07,true,NA,14.689820916322878
SPLIT_released,float,libc++,libcxx,1.5,1.0,5,5000000,0,0.0,0.0,5.991462752596988e-07,true,NA,7.9269625757008795
SPLIT_released,float,libc++,libcxx,2,1.5,5,5000000,0,0.0,0.0,5.991462752596988e-07,true,NA,5.656542256161089
SPLIT_released,float,libc++,libcxx,5,4.5,5,5000000,0,0.0,0.0,5.991462752596988e-07,true,NA,2.4920818030436958
SPLIT_released,float,libstdc++,libstdcxx,0.5001,0.00010001659393310547,5,5000000,4948353,0.9896706,0.9895815929734026,0.9897590392756725,false,NA,52.14987360539845
SPLIT_released,float,libstdc++,libstdcxx,0.501,0.0009999871253967285,5,5000000,4509010,0.901802,0.9015408298087494,0.9020627047795262,false,NA,52.36117801037048
SPLIT_released,float,libstdc++,libstdcxx,0.505,0.004999995231628418,5,5000000,2984063,0.5968126,0.5963824766163116,0.5972426112670228,false,NA,52.310528721881646
SPLIT_released,float,libstdc++,libstdcxx,0.51,0.009999990463256836,5,5000000,1778809,0.3557618,0.35534215414544296,0.3561816128951167,false,NA,52.524233158042044
SPLIT_released,float,libstdc++,libstdcxx,0.55,0.050000011920928955,5,5000000,28673,0.0057346,0.005668600380622819,0.0058011729878581055,false,NA,52.216489276925216
SPLIT_released,float,libstdc++,libstdcxx,0.6,0.10000002384185791,5,5000000,165,3.3e-05,2.815684877192659e-05,3.843705162708496e-05,false,NA,51.977361370339395
SPLIT_released,float,libstdc++,libstdcxx,0.75,0.25,5,5000000,0,0.0,0.0,5.991462752596988e-07,true,NA,29.623208936736575
SPLIT_released,float,libstdc++,libstdcxx,1,0.5,5,5000000,0,0.0,0.0,5.991462752596988e-07,true,NA,15.50765317028618
SPLIT_released,float,libstdc++,libstdcxx,1.5,1.0,5,5000000,0,0.0,0.0,5.991462752596988e-07,true,NA,7.864040350464694
SPLIT_released,float,libstdc++,libstdcxx,2,1.5,5,5000000,0,0.0,0.0,5.991462752596988e-07,true,NA,5.380650938084376
SPLIT_released,float,libstdc++,libstdcxx,5,4.5,5,5000000,0,0.0,0.0,5.991462752596988e-07,true,NA,2.5076177051125503
SPLIT_released,float,libstdc++,libstdcxx-contractfast,0.5001,0.00010001659393310547,5,5000000,4948353,0.9896706,0.9895815929734026,0.9897590392756725,false,NA,52.14987360539845
SPLIT_released,float,libstdc++,libstdcxx-contractfast,0.501,0.0009999871253967285,5,5000000,4509009,0.9018018,0.9015406295721617,0.9020625050163409,false,NA,52.36117801037048
SPLIT_released,float,libstdc++,libstdcxx-contractfast,0.505,0.004999995231628418,5,5000000,2984047,0.5968094,0.596379276064616,0.5972394118224319,false,NA,52.310528721881646
SPLIT_released,float,libstdc++,libstdcxx-contractfast,0.51,0.009999990463256836,5,5000000,1778798,0.3557596,0.35533995472770785,0.3561794123153957,false,NA,52.52423294925841
SPLIT_released,float,libstdc++,libstdcxx-contractfast,0.55,0.050000011920928955,5,5000000,28672,0.0057344,0.0056684015282463356,0.005800971840486477,false,NA,52.216489276925216
SPLIT_released,float,libstdc++,libstdcxx-contractfast,0.6,0.10000002384185791,5,5000000,165,3.3e-05,2.815684877192659e-05,3.843705162708496e-05,false,NA,51.977361370339395
SPLIT_released,float,libstdc++,libstdcxx-contractfast,0.75,0.25,5,5000000,0,0.0,0.0,5.991462752596988e-07,true,NA,29.623208793714273
SPLIT_released,float,libstdc++,libstdcxx-contractfast,1,0.5,5,5000000,0,0.0,0.0,5.991462752596988e-07,true,NA,15.507652986161569
SPLIT_released,float,libstdc++,libstdcxx-contractfast,1.5,1.0,5,5000000,0,0.0,0.0,5.991462752596988e-07,true,NA,7.864038286254818
SPLIT_released,float,libstdc++,libstdcxx-contractfast,2,1.5,5,5000000,0,0.0,0.0,5.991462752596988e-07,true,NA,5.380649813859257
SPLIT_released,float,libstdc++,libstdcxx-contractfast,5,4.5,5,5000000,0,0.0,0.0,5.991462752596988e-07,true,NA,2.5076177051125503
SPLIT_replica,double,libc++,libcxx,0.5001,9.999999999998899e-05,5,5000000,4641522,0.9283044,0.9280779237937282,0.9285303800578198,false,4641522,372.7467923242993
SPLIT_replica,double,libc++,libcxx,0.501,0.0010000000000000009,5,5000000,2375531,0.4751062,0.4746683967691715,0.4755440320596814,false,2375531,373.0684766024695
SPLIT_replica,double,libc++,libcxx,0.505,0.0050000000000000044,5,5000000,121098,0.0242196,0.02408502745726065,0.024354723906515992,false,121098,372.8535874370475
SPLIT_replica,double,libc++,libcxx,0.51,0.010000000000000009,5,5000000,2932,0.0005864,0.0005653703472055741,0.0006080114418922518,false,2932,372.6793916973732
SPLIT_replica,double,libc++,libcxx,0.55,0.050000000000000044,5,5000000,0,0.0,0.0,5.991462752596988e-07,true,NA,177.23334014197187
SPLIT_replica,double,libc++,libcxx,0.6,0.09999999999999998,5,5000000,0,0.0,0.0,5.991462752596988e-07,true,NA,88.6789788603389
SPLIT_replica,double,libc++,libcxx,0.75,0.25,5,5000000,0,0.0,0.0,5.991462752596988e-07,true,NA,35.631830453919214
SPLIT_replica,double,libc++,libcxx,1,0.5,5,5000000,0,0.0,0.0,5.991462752596988e-07,true,NA,18.056098096119513
SPLIT_replica,double,libc++,libcxx,1.5,1.0,5,5000000,0,0.0,0.0,5.991462752596988e-07,true,NA,9.45679392348213
SPLIT_replica,double,libc++,libcxx,2,1.5,5,5000000,0,0.0,0.0,5.991462752596988e-07,true,NA,5.917511729057145
SPLIT_replica,double,libc++,libcxx,5,4.5,5,5000000,0,0.0,0.0,5.991462752596988e-07,true,NA,2.534880239761642
SPLIT_replica,double,libstdc++,libstdcxx,0.5001,9.999999999998899e-05,5,5000000,4640915,0.928183,0.9279563472963979,0.9284091566960098,false,4640915,372.8735523040696
SPLIT_replica,double,libstdc++,libstdcxx,0.501,0.0010000000000000009,5,5000000,2374666,0.4749332,0.4744954044547727,0.4753710245744077,false,2374666,372.73852503602126
SPLIT_replica,double,libstdc++,libstdcxx,0.505,0.0050000000000000044,5,5000000,121373,0.0242746,0.02413987831511247,0.02440987298432759,false,121373,372.85145084190634
SPLIT_replica,double,libstdc++,libstdcxx,0.51,0.010000000000000009,5,5000000,2811,0.0005622,0.0005416125846657065,0.0005833693091858412,false,2811,372.5136946956806
SPLIT_replica,double,libstdc++,libstdcxx,0.55,0.050000000000000044,5,5000000,0,0.0,0.0,5.991462752596988e-07,true,NA,160.32946775125652
SPLIT_replica,double,libstdc++,libstdcxx,0.6,0.09999999999999998,5,5000000,0,0.0,0.0,5.991462752596988e-07,true,NA,80.91957191750878
SPLIT_replica,double,libstdc++,libstdcxx,0.75,0.25,5,5000000,0,0.0,0.0,5.991462752596988e-07,true,NA,33.13078063122897
SPLIT_replica,double,libstdc++,libstdcxx,1,0.5,5,5000000,0,0.0,0.0,5.991462752596988e-07,true,NA,17.061745991234513
SPLIT_replica,double,libstdc++,libstdcxx,1.5,1.0,5,5000000,0,0.0,0.0,5.991462752596988e-07,true,NA,7.445947817876224
SPLIT_replica,double,libstdc++,libstdcxx,2,1.5,5,5000000,0,0.0,0.0,5.991462752596988e-07,true,NA,5.2983460411245
SPLIT_replica,double,libstdc++,libstdcxx,5,4.5,5,5000000,0,0.0,0.0,5.991462752596988e-07,true,NA,2.268820160596951
SPLIT_replica,float,libc++,libcxx,0.5001,0.00010001659393310547,5,5000000,4948283,0.9896566,0.9895675335718813,0.9897450986939944,false,4948283,52.254972043241246
SPLIT_replica,float,libc++,libcxx,0.501,0.0009999871253967285,5,5000000,4508852,0.9017704,0.9015091924326459,0.9020311421922659,false,4508852,52.27808899054067
SPLIT_replica,float,libc++,libcxx,0.505,0.004999995231628418,5,5000000,2981852,0.5963704,0.595940200557439,0.5968004878379849,false,2981852,52.43860305008039
SPLIT_replica,float,libc++,libcxx,0.51,0.009999990463256836,5,5000000,1776854,0.3553708,0.3549512577809665,0.35579050971241594,false,1776854,52.40512830136261
SPLIT_replica,float,libc++,libcxx,0.55,0.050000011920928955,5,5000000,28179,0.0056358,0.005570369807304753,0.0057018036857307206,false,28179,52.192927113114415
SPLIT_replica,float,libc++,libcxx,0.6,0.10000002384185791,5,5000000,163,3.26e-05,2.7787472424424216e-05,3.8006519466950834e-05,false,163,51.770281137423616
SPLIT_replica,float,libc++,libcxx,0.75,0.25,5,5000000,0,0.0,0.0,5.991462752596988e-07,true,NA,29.279736817647056
SPLIT_replica,float,libc++,libcxx,1,0.5,5,5000000,0,0.0,0.0,5.991462752596988e-07,true,NA,14.689820916322878
SPLIT_replica,float,libc++,libcxx,1.5,1.0,5,5000000,0,0.0,0.0,5.991462752596988e-07,true,NA,7.9269625757008795
SPLIT_replica,float,libc++,libcxx,2,1.5,5,5000000,0,0.0,0.0,5.991462752596988e-07,true,NA,5.656542256161089
SPLIT_replica,float,libc++,libcxx,5,4.5,5,5000000,0,0.0,0.0,5.991462752596988e-07,true,NA,2.4920818030436958
SPLIT_replica,float,libstdc++,libstdcxx,0.5001,0.00010001659393310547,5,5000000,4948353,0.9896706,0.9895815929734026,0.9897590392756725,false,4948353,52.14987360539845
SPLIT_replica,float,libstdc++,libstdcxx,0.501,0.0009999871253967285,5,5000000,4509010,0.901802,0.9015408298087494,0.9020627047795262,false,4509010,52.36117801037048
SPLIT_replica,float,libstdc++,libstdcxx,0.505,0.004999995231628418,5,5000000,2984063,0.5968126,0.5963824766163116,0.5972426112670228,false,2984063,52.310528721881646
SPLIT_replica,float,libstdc++,libstdcxx,0.51,0.009999990463256836,5,5000000,1778809,0.3557618,0.35534215414544296,0.3561816128951167,false,1778809,52.524233158042044
SPLIT_replica,float,libstdc++,libstdcxx,0.55,0.050000011920928955,5,5000000,28673,0.0057346,0.005668600380622819,0.0058011729878581055,false,28673,52.216489276925216
SPLIT_replica,float,libstdc++,libstdcxx,0.6,0.10000002384185791,5,5000000,165,3.3e-05,2.815684877192659e-05,3.843705162708496e-05,false,165,51.977361370339395
SPLIT_replica,float,libstdc++,libstdcxx,0.75,0.25,5,5000000,0,0.0,0.0,5.991462752596988e-07,true,NA,29.623208936736575
SPLIT_replica,float,libstdc++,libstdcxx,1,0.5,5,5000000,0,0.0,0.0,5.991462752596988e-07,true,NA,15.50765317028618
SPLIT_replica,float,libstdc++,libstdcxx,1.5,1.0,5,5000000,0,0.0,0.0,5.991462752596988e-07,true,NA,7.864040350464694
SPLIT_replica,float,libstdc++,libstdcxx,2,1.5,5,5000000,0,0.0,0.0,5.991462752596988e-07,true,NA,5.380650938084376
SPLIT_replica,float,libstdc++,libstdcxx,5,4.5,5,5000000,0,0.0,0.0,5.991462752596988e-07,true,NA,2.5076177051125503
SPLIT_replica,float,libstdc++,libstdcxx-contractfast,0.5001,0.00010001659393310547,5,5000000,4948353,0.9896706,0.9895815929734026,0.9897590392756725,false,4948353,52.14987360539845
SPLIT_replica,float,libstdc++,libstdcxx-contractfast,0.501,0.0009999871253967285,5,5000000,4509009,0.9018018,0.9015406295721617,0.9020625050163409,false,4509009,52.36117801037048
SPLIT_replica,float,libstdc++,libstdcxx-contractfast,0.505,0.004999995231628418,5,5000000,2984047,0.5968094,0.596379276064616,0.5972394118224319,false,2984047,52.310528721881646
SPLIT_replica,float,libstdc++,libstdcxx-contractfast,0.51,0.009999990463256836,5,5000000,1778798,0.3557596,0.35533995472770785,0.3561794123153957,false,1778798,52.52423294925841
SPLIT_replica,float,libstdc++,libstdcxx-contractfast,0.55,0.050000011920928955,5,5000000,28672,0.0057344,0.0056684015282463356,0.005800971840486477,false,28672,52.216489276925216
SPLIT_replica,float,libstdc++,libstdcxx-contractfast,0.6,0.10000002384185791,5,5000000,165,3.3e-05,2.815684877192659e-05,3.843705162708496e-05,false,165,51.977361370339395
SPLIT_replica,float,libstdc++,libstdcxx-contractfast,0.75,0.25,5,5000000,0,0.0,0.0,5.991462752596988e-07,true,NA,29.623208793714273
SPLIT_replica,float,libstdc++,libstdcxx-contractfast,1,0.5,5,5000000,0,0.0,0.0,5.991462752596988e-07,true,NA,15.507652986161569
SPLIT_replica,float,libstdc++,libstdcxx-contractfast,1.5,1.0,5,5000000,0,0.0,0.0,5.991462752596988e-07,true,NA,7.864038286254818
SPLIT_replica,float,libstdc++,libstdcxx-contractfast,2,1.5,5,5000000,0,0.0,0.0,5.991462752596988e-07,true,NA,5.380649813859257
SPLIT_replica,float,libstdc++,libstdcxx-contractfast,5,4.5,5,5000000,0,0.0,0.0,5.991462752596988e-07,true,NA,2.5076177051125503
