tag,precision,kappa,shape_a,method,bin_kind,bin_hi,bin_lo,n_in_bin,n_success,success_rate,ci_lo,ci_hi,is_upper_bound,merged,n_seeds,n_total
libcxx,double,0.501,0.0010000000000000009,SPLIT,target_upper_tail_q,1.0,0.5,2499540,2499540,1.0,0.9999985241777559,1.0,false,false,5,5000000
libcxx,double,0.501,0.0010000000000000009,LOG,target_upper_tail_q,1.0,0.5,2499540,2499540,1.0,0.9999985241777559,1.0,false,false,5,5000000
libcxx,double,0.501,0.0010000000000000009,QF,target_upper_tail_q,1.0,0.5,2499540,2499540,1.0,0.9999985241777559,1.0,false,false,5,5000000
libcxx,double,0.501,0.0010000000000000009,SPLIT,target_upper_tail_q,0.5,0.1,2000700,124503,0.06222971959814065,0.06189536604139959,0.06256534100634027,false,false,5,5000000
libcxx,double,0.501,0.0010000000000000009,LOG,target_upper_tail_q,0.5,0.1,2000700,1292819,0.6461833358324587,0.6455203163817262,0.6468459321205438,false,false,5,5000000
libcxx,double,0.501,0.0010000000000000009,QF,target_upper_tail_q,0.5,0.1,2000700,39439,0.019712600589793572,0.01952042409892696,0.01990616908316202,false,false,5,5000000
libcxx,double,0.501,0.0010000000000000009,SPLIT,target_upper_tail_q,0.1,0.01,449846,0,0.0,0.0,6.659439671818923e-06,true,false,5,5000000
libcxx,double,0.501,0.0010000000000000009,LOG,target_upper_tail_q,0.1,0.01,449846,0,0.0,0.0,6.659439671818923e-06,true,false,5,5000000
libcxx,double,0.501,0.0010000000000000009,QF,target_upper_tail_q,0.1,0.01,449846,0,0.0,0.0,6.659439671818923e-06,true,false,5,5000000
libcxx,double,0.501,0.0010000000000000009,SPLIT,target_upper_tail_q,0.01,0.001,44961,0,0.0,0.0,6.66273542311302e-05,true,false,5,5000000
libcxx,double,0.501,0.0010000000000000009,LOG,target_upper_tail_q,0.01,0.001,44961,0,0.0,0.0,6.66273542311302e-05,true,false,5,5000000
libcxx,double,0.501,0.0010000000000000009,QF,target_upper_tail_q,0.01,0.001,44961,0,0.0,0.0,6.66273542311302e-05,true,false,5,5000000
libcxx,double,0.501,0.0010000000000000009,SPLIT,target_upper_tail_q,0.001,0.0001,4418,0,0.0,0.0,0.0006778444632283831,true,false,5,5000000
libcxx,double,0.501,0.0010000000000000009,LOG,target_upper_tail_q,0.001,0.0001,4418,0,0.0,0.0,0.0006778444632283831,true,false,5,5000000
libcxx,double,0.501,0.0010000000000000009,QF,target_upper_tail_q,0.001,0.0001,4418,0,0.0,0.0,0.0006778444632283831,true,false,5,5000000
libcxx,double,0.501,0.0010000000000000009,SPLIT,target_upper_tail_q,0.0001,1e-05,478,0,0.0,0.0,0.006247624254950512,true,false,5,5000000
libcxx,double,0.501,0.0010000000000000009,LOG,target_upper_tail_q,0.0001,1e-05,478,0,0.0,0.0,0.006247624254950512,true,false,5,5000000
libcxx,double,0.501,0.0010000000000000009,QF,target_upper_tail_q,0.0001,1e-05,478,0,0.0,0.0,0.006247624254950512,true,false,5,5000000
libcxx,double,0.501,0.0010000000000000009,SPLIT,target_upper_tail_q,1e-05,0.0,57,0,0.0,0.0,0.05119948367703919,true,false,5,5000000
libcxx,double,0.501,0.0010000000000000009,LOG,target_upper_tail_q,1e-05,0.0,57,0,0.0,0.0,0.05119948367703919,true,false,5,5000000
libcxx,double,0.501,0.0010000000000000009,QF,target_upper_tail_q,1e-05,0.0,57,0,0.0,0.0,0.05119948367703919,true,false,5,5000000
libcxx,double,0.501,0.0010000000000000009,SPLIT,log_radius,52.9339306466091,-2.6233783294477155,500000,500000,1.0,0.9999926222683073,1.0,false,false,5,5000000
libcxx,double,0.501,0.0010000000000000009,LOG,log_radius,52.9339306466091,-2.6233783294477155,500000,500000,1.0,0.9999926222683073,1.0,false,false,5,5000000
libcxx,double,0.501,0.0010000000000000009,SPLIT,log_radius,111.86902686116875,52.9339306466091,500000,500000,1.0,0.9999926222683073,1.0,false,false,5,5000000
libcxx,double,0.501,0.0010000000000000009,LOG,log_radius,111.86902686116875,52.9339306466091,500000,500000,1.0,0.9999926222683073,1.0,false,false,5,5000000
libcxx,double,0.501,0.0010000000000000009,SPLIT,log_radius,178.6255945872997,111.86902686116875,500000,500000,1.0,0.9999926222683073,1.0,false,false,5,5000000
libcxx,double,0.501,0.0010000000000000009,LOG,log_radius,178.6255945872997,111.86902686116875,500000,500000,1.0,0.9999926222683073,1.0,false,false,5,5000000
libcxx,double,0.501,0.0010000000000000009,SPLIT,log_radius,255.8007317480006,178.6255945872997,500000,500000,1.0,0.9999926222683073,1.0,false,false,5,5000000
libcxx,double,0.501,0.0010000000000000009,LOG,log_radius,255.8007317480006,178.6255945872997,500000,500000,1.0,0.9999926222683073,1.0,false,false,5,5000000
libcxx,double,0.501,0.0010000000000000009,SPLIT,log_radius,346.9733210660786,255.8007317480006,500000,500000,1.0,0.9999926222683073,1.0,false,false,5,5000000
libcxx,double,0.501,0.0010000000000000009,LOG,log_radius,346.9733210660786,255.8007317480006,500000,500000,1.0,0.9999926222683073,1.0,false,false,5,5000000
libcxx,double,0.501,0.0010000000000000009,SPLIT,log_radius,458.49776915001064,346.9733210660786,500000,124043,0.248086,0.24688931295534128,0.2492856067329319,false,false,5,5000000
libcxx,double,0.501,0.0010000000000000009,LOG,log_radius,458.49776915001064,346.9733210660786,500000,500000,1.0,0.9999926222683073,1.0,false,false,5,5000000
libcxx,double,0.501,0.0010000000000000009,SPLIT,log_radius,602.1945230067989,458.49776915001064,500000,0,0.0,0.0,5.991446598296868e-06,true,false,5,5000000
libcxx,double,0.501,0.0010000000000000009,LOG,log_radius,602.1945230067989,458.49776915001064,500000,500000,1.0,0.9999926222683073,1.0,false,false,5,5000000
libcxx,double,0.501,0.0010000000000000009,SPLIT,log_radius,804.5538615456039,602.1945230067989,500000,0,0.0,0.0,5.991446598296868e-06,true,false,5,5000000
libcxx,double,0.501,0.0010000000000000009,LOG,log_radius,804.5538615456039,602.1945230067989,500000,292359,0.584718,0.5833506470776229,0.5860843711732714,false,false,5,5000000
libcxx,double,0.501,0.0010000000000000009,SPLIT,log_radius,1151.3697664300873,804.5538615456039,500000,0,0.0,0.0,5.991446598296868e-06,true,false,5,5000000
libcxx,double,0.501,0.0010000000000000009,LOG,log_radius,1151.3697664300873,804.5538615456039,500000,0,0.0,0.0,5.991446598296868e-06,true,false,5,5000000
libcxx,double,0.501,0.0010000000000000009,SPLIT,log_radius,7602.566581872168,1151.3697664300873,500000,0,0.0,0.0,5.991446598296868e-06,true,false,5,5000000
libcxx,double,0.501,0.0010000000000000009,LOG,log_radius,7602.566581872168,1151.3697664300873,500000,0,0.0,0.0,5.991446598296868e-06,true,false,5,5000000
libcxx,double,0.505,0.0050000000000000044,SPLIT,target_upper_tail_q,1.0,0.5,2499920,2499920,1.0,0.9999985244020879,1.0,false,false,5,5000000
libcxx,double,0.505,0.0050000000000000044,LOG,target_upper_tail_q,1.0,0.5,2499920,2499920,1.0,0.9999985244020879,1.0,false,false,5,5000000
libcxx,double,0.505,0.0050000000000000044,QF,target_upper_tail_q,1.0,0.5,2499920,2499920,1.0,0.9999985244020879,1.0,false,false,5,5000000
libcxx,double,0.505,0.0050000000000000044,SPLIT,target_upper_tail_q,0.5,0.1,2000405,2000405,1.0,0.9999981559353966,1.0,false,false,5,5000000
libcxx,double,0.505,0.0050000000000000044,LOG,target_upper_tail_q,0.5,0.1,2000405,2000405,1.0,0.9999981559353966,1.0,false,false,5,5000000
libcxx,double,0.505,0.0050000000000000044,QF,target_upper_tail_q,0.5,0.1,2000405,2000405,1.0,0.9999981559353966,1.0,false,false,5,5000000
libcxx,double,0.505,0.0050000000000000044,SPLIT,target_upper_tail_q,0.1,0.01,449806,379180,0.842985642699297,0.8419191219283371,0.8440477434360676,false,false,5,5000000
libcxx,double,0.505,0.0050000000000000044,LOG,target_upper_tail_q,0.1,0.01,449806,449806,1.0,0.9999917989881686,1.0,false,false,5,5000000
libcxx,double,0.505,0.0050000000000000044,QF,target_upper_tail_q,0.1,0.01,449806,355914,0.7912611214612522,0.7900704622640405,0.7924480277394174,false,false,5,5000000
libcxx,double,0.505,0.0050000000000000044,SPLIT,target_upper_tail_q,0.01,0.001,44937,0,0.0,0.0,6.666293745216656e-05,true,false,5,5000000
libcxx,double,0.505,0.0050000000000000044,LOG,target_upper_tail_q,0.01,0.001,44937,44937,1.0,0.9999179133442786,1.0,false,false,5,5000000
libcxx,double,0.505,0.0050000000000000044,QF,target_upper_tail_q,0.01,0.001,44937,0,0.0,0.0,6.666293745216656e-05,true,false,5,5000000
libcxx,double,0.505,0.0050000000000000044,SPLIT,target_upper_tail_q,0.001,0.0001,4394,0,0.0,0.0,0.0006815455834099371,true,false,5,5000000
libcxx,double,0.505,0.0050000000000000044,LOG,target_upper_tail_q,0.001,0.0001,4394,865,0.19685935366408738,0.1851931536635074,0.20892987810646244,false,false,5,5000000
libcxx,double,0.505,0.0050000000000000044,QF,target_upper_tail_q,0.001,0.0001,4394,0,0.0,0.0,0.0006815455834099371,true,false,5,5000000
libcxx,double,0.505,0.0050000000000000044,SPLIT,target_upper_tail_q,0.0001,1e-05,479,0,0.0,0.0,0.006234621942166618,true,false,5,5000000
libcxx,double,0.505,0.0050000000000000044,LOG,target_upper_tail_q,0.0001,1e-05,479,0,0.0,0.0,0.006234621942166618,true,false,5,5000000
libcxx,double,0.505,0.0050000000000000044,QF,target_upper_tail_q,0.0001,1e-05,479,0,0.0,0.0,0.006234621942166618,true,false,5,5000000
libcxx,double,0.505,0.0050000000000000044,SPLIT,target_upper_tail_q,1e-05,0.0,59,0,0.0,0.0,0.04950760988822689,true,false,5,5000000
libcxx,double,0.505,0.0050000000000000044,LOG,target_upper_tail_q,1e-05,0.0,59,0,0.0,0.0,0.04950760988822689,true,false,5,5000000
libcxx,double,0.505,0.0050000000000000044,QF,target_upper_tail_q,1e-05,0.0,59,0,0.0,0.0,0.04950760988822689,true,false,5,5000000
libcxx,double,0.505,0.0050000000000000044,SPLIT,log_radius,10.844170195499023,-2.9618301463329724,500000,500000,1.0,0.9999926222683073,1.0,false,false,5,5000000
libcxx,double,0.505,0.0050000000000000044,LOG,log_radius,10.844170195499023,-2.9618301463329724,500000,500000,1.0,0.9999926222683073,1.0,false,false,5,5000000
libcxx,double,0.505,0.0050000000000000044,SPLIT,log_radius,22.622086782569102,10.844170195499023,500000,500000,1.0,0.9999926222683073,1.0,false,false,5,5000000
libcxx,double,0.505,0.0050000000000000044,LOG,log_radius,22.622086782569102,10.844170195499023,500000,500000,1.0,0.9999926222683073,1.0,false,false,5,5000000
libcxx,double,0.505,0.0050000000000000044,SPLIT,log_radius,35.965638124291566,22.622086782569102,500000,500000,1.0,0.9999926222683073,1.0,false,false,5,5000000
libcxx,double,0.505,0.0050000000000000044,LOG,log_radius,35.965638124291566,22.622086782569102,500000,500000,1.0,0.9999926222683073,1.0,false,false,5,5000000
libcxx,double,0.505,0.0050000000000000044,SPLIT,log_radius,51.3811118179294,35.965638124291566,500000,500000,1.0,0.9999926222683073,1.0,false,false,5,5000000
libcxx,double,0.505,0.0050000000000000044,LOG,log_radius,51.3811118179294,35.965638124291566,500000,500000,1.0,0.9999926222683073,1.0,false,false,5,5000000
libcxx,double,0.505,0.0050000000000000044,SPLIT,log_radius,69.62384703282407,51.3811118179294,500000,500000,1.0,0.9999926222683073,1.0,false,false,5,5000000
libcxx,double,0.505,0.0050000000000000044,LOG,log_radius,69.62384703282407,51.3811118179294,500000,500000,1.0,0.9999926222683073,1.0,false,false,5,5000000
libcxx,double,0.505,0.0050000000000000044,SPLIT,log_radius,91.9300509478696,69.62384703282407,500000,500000,1.0,0.9999926222683073,1.0,false,false,5,5000000
libcxx,double,0.505,0.0050000000000000044,LOG,log_radius,91.9300509478696,69.62384703282407,500000,500000,1.0,0.9999926222683073,1.0,false,false,5,5000000
libcxx,double,0.505,0.0050000000000000044,SPLIT,log_radius,120.67148878116222,91.9300509478696,500000,500000,1.0,0.9999926222683073,1.0,false,false,5,5000000
libcxx,double,0.505,0.0050000000000000044,LOG,log_radius,120.67148878116222,91.9300509478696,500000,500000,1.0,0.9999926222683073,1.0,false,false,5,5000000
libcxx,double,0.505,0.0050000000000000044,SPLIT,log_radius,161.15665892784293,120.67148878116222,500000,500000,1.0,0.9999926222683073,1.0,false,false,5,5000000
libcxx,double,0.505,0.0050000000000000044,LOG,log_radius,161.15665892784293,120.67148878116222,500000,500000,1.0,0.9999926222683073,1.0,false,false,5,5000000
libcxx,double,0.505,0.0050000000000000044,SPLIT,log_radius,230.50031699922812,161.15665892784293,500000,500000,1.0,0.9999926222683073,1.0,false,false,5,5000000
libcxx,double,0.505,0.0050000000000000044,LOG,log_radius,230.50031699922812,161.15665892784293,500000,500000,1.0,0.9999926222683073,1.0,false,false,5,5000000
libcxx,double,0.505,0.0050000000000000044,SPLIT,log_radius,1520.221326331233,230.50031699922812,500000,379505,0.75901,0.7578220428466482,0.7601949551895402,false,false,5,5000000
libcxx,double,0.505,0.0050000000000000044,LOG,log_radius,1520.221326331233,230.50031699922812,500000,495933,0.991866,0.9916131616235171,0.9921131136607081,false,false,5,5000000
libcxx,double,0.51,0.010000000000000009,SPLIT,target_upper_tail_q,1.0,0.5,2500347,2500347,1.0,0.9999985246540849,1.0,false,false,5,5000000
libcxx,double,0.51,0.010000000000000009,LOG,target_upper_tail_q,1.0,0.5,2500347,2500347,1.0,0.9999985246540849,1.0,false,false,5,5000000
libcxx,double,0.51,0.010000000000000009,QF,target_upper_tail_q,1.0,0.5,2500347,2500347,1.0,0.9999985246540849,1.0,false,false,5,5000000
libcxx,double,0.51,0.010000000000000009,SPLIT,target_upper_tail_q,0.5,0.1,1999834,1999834,1.0,0.999998155408873,1.0,false,false,5,5000000
libcxx,double,0.51,0.010000000000000009,LOG,target_upper_tail_q,0.5,0.1,1999834,1999834,1.0,0.999998155408873,1.0,false,false,5,5000000
libcxx,double,0.51,0.010000000000000009,QF,target_upper_tail_q,0.5,0.1,1999834,1999834,1.0,0.999998155408873,1.0,false,false,5,5000000
libcxx,double,0.51,0.010000000000000009,SPLIT,target_upper_tail_q,0.1,0.01,449959,449959,1.0,0.9999918017767553,1.0,false,false,5,5000000
libcxx,double,0.51,0.010000000000000009,LOG,target_upper_tail_q,0.1,0.01,449959,449959,1.0,0.9999918017767553,1.0,false,false,5,5000000
libcxx,double,0.51,0.010000000000000009,QF,target_upper_tail_q,0.1,0.01,449959,449959,1.0,0.9999918017767553,1.0,false,false,5,5000000
libcxx,double,0.51,0.010000000000000009,SPLIT,target_upper_tail_q,0.01,0.001,44932,44932,1.0,0.9999179042101107,1.0,false,false,5,5000000
libcxx,double,0.51,0.010000000000000009,LOG,target_upper_tail_q,0.01,0.001,44932,44932,1.0,0.9999179042101107,1.0,false,false,5,5000000
libcxx,double,0.51,0.010000000000000009,QF,target_upper_tail_q,0.01,0.001,44932,44932,1.0,0.9999179042101107,1.0,false,false,5,5000000
libcxx,double,0.51,0.010000000000000009,SPLIT,target_upper_tail_q,0.001,0.0001,4390,2091,0.4763097949886105,0.4614418249334338,0.4912093106609102,false,false,5,5000000
libcxx,double,0.51,0.010000000000000009,LOG,target_upper_tail_q,0.001,0.0001,4390,4390,1.0,0.9991600614985858,1.0,false,false,5,5000000
libcxx,double,0.51,0.010000000000000009,QF,target_upper_tail_q,0.001,0.0001,4390,835,0.19020501138952164,0.17869062383237458,0.20213304582567945,false,false,5,5000000
libcxx,double,0.51,0.010000000000000009,SPLIT,target_upper_tail_q,0.0001,1e-05,477,0,0.0,0.0,0.006260680913576899,true,false,5,5000000
libcxx,double,0.51,0.010000000000000009,LOG,target_upper_tail_q,0.0001,1e-05,477,477,1.0,0.9922963266691198,1.0,false,false,5,5000000
libcxx,double,0.51,0.010000000000000009,QF,target_upper_tail_q,0.0001,1e-05,477,0,0.0,0.0,0.006260680913576899,true,false,5,5000000
libcxx,double,0.51,0.010000000000000009,SPLIT,target_upper_tail_q,1e-05,0.0,61,0,0.0,0.0,0.04792395210660727,true,false,5,5000000
libcxx,double,0.51,0.010000000000000009,LOG,target_upper_tail_q,1e-05,0.0,61,56,0.9180327868852459,0.8189880888902016,0.972848639604444,false,false,5,5000000
libcxx,double,0.51,0.010000000000000009,QF,target_upper_tail_q,1e-05,0.0,61,0,0.0,0.0,0.04792395210660727,true,false,5,5000000
libcxx,double,0.51,0.010000000000000009,SPLIT,log_radius,5.568942035514862,-3.1845666217111663,500000,500000,1.0,0.9999926222683073,1.0,false,false,5,5000000
libcxx,double,0.51,0.010000000000000009,LOG,log_radius,5.568942035514862,-3.1845666217111663,500000,500000,1.0,0.9999926222683073,1.0,false,false,5,5000000
libcxx,double,0.51,0.010000000000000009,SPLIT,log_radius,11.457841599355879,5.568942035514862,500000,500000,1.0,0.9999926222683073,1.0,false,false,5,5000000
libcxx,double,0.51,0.010000000000000009,LOG,log_radius,11.457841599355879,5.568942035514862,500000,500000,1.0,0.9999926222683073,1.0,false,false,5,5000000
libcxx,double,0.51,0.010000000000000009,SPLIT,log_radius,18.132964162013657,11.457841599355879,500000,500000,1.0,0.9999926222683073,1.0,false,false,5,5000000
libcxx,double,0.51,0.010000000000000009,LOG,log_radius,18.132964162013657,11.457841599355879,500000,500000,1.0,0.9999926222683073,1.0,false,false,5,5000000
libcxx,double,0.51,0.010000000000000009,SPLIT,log_radius,25.84077068219057,18.132964162013657,500000,500000,1.0,0.9999926222683073,1.0,false,false,5,5000000
libcxx,double,0.51,0.010000000000000009,LOG,log_radius,25.84077068219057,18.132964162013657,500000,500000,1.0,0.9999926222683073,1.0,false,false,5,5000000
libcxx,double,0.51,0.010000000000000009,SPLIT,log_radius,34.95534897585607,25.84077068219057,500000,500000,1.0,0.9999926222683073,1.0,false,false,5,5000000
libcxx,double,0.51,0.010000000000000009,LOG,log_radius,34.95534897585607,25.84077068219057,500000,500000,1.0,0.9999926222683073,1.0,false,false,5,5000000
libcxx,double,0.51,0.010000000000000009,SPLIT,log_radius,46.11018473666222,34.95534897585607,500000,500000,1.0,0.9999926222683073,1.0,false,false,5,5000000
libcxx,double,0.51,0.010000000000000009,LOG,log_radius,46.11018473666222,34.95534897585607,500000,500000,1.0,0.9999926222683073,1.0,false,false,5,5000000
libcxx,double,0.51,0.010000000000000009,SPLIT,log_radius,60.482825005343265,46.11018473666222,500000,500000,1.0,0.9999926222683073,1.0,false,false,5,5000000
libcxx,double,0.51,0.010000000000000009,LOG,log_radius,60.482825005343265,46.11018473666222,500000,500000,1.0,0.9999926222683073,1.0,false,false,5,5000000
libcxx,double,0.51,0.010000000000000009,SPLIT,log_radius,80.74016688794701,60.482825005343265,500000,500000,1.0,0.9999926222683073,1.0,false,false,5,5000000
libcxx,double,0.51,0.010000000000000009,LOG,log_radius,80.74016688794701,60.482825005343265,500000,500000,1.0,0.9999926222683073,1.0,false,false,5,5000000
libcxx,double,0.51,0.010000000000000009,SPLIT,log_radius,115.41671598770247,80.74016688794701,500000,500000,1.0,0.9999926222683073,1.0,false,false,5,5000000
libcxx,double,0.51,0.010000000000000009,LOG,log_radius,115.41671598770247,80.74016688794701,500000,500000,1.0,0.9999926222683073,1.0,false,false,5,5000000
libcxx,double,0.51,0.010000000000000009,SPLIT,log_radius,885.2333896969069,115.41671598770247,500000,497163,0.994326,0.9941139132685646,0.9945323274392989,false,false,5,5000000
libcxx,double,0.51,0.010000000000000009,LOG,log_radius,885.2333896969069,115.41671598770247,500000,499995,0.99999,0.9999766634914576,0.9999967530195033,false,false,5,5000000
libcxx,double,0.75,0.25,SPLIT,target_upper_tail_q,1.0,0.5,2500143,2500143,1.0,0.9999985245337036,1.0,false,false,5,5000000
libcxx,double,0.75,0.25,LOG,target_upper_tail_q,1.0,0.5,2500143,2500143,1.0,0.9999985245337036,1.0,false,false,5,5000000
libcxx,double,0.75,0.25,QF,target_upper_tail_q,1.0,0.5,2500143,2500143,1.0,0.9999985245337036,1.0,false,false,5,5000000
libcxx,double,0.75,0.25,SPLIT,target_upper_tail_q,0.5,0.1,1999766,1999766,1.0,0.9999981553461497,1.0,false,false,5,5000000
libcxx,double,0.75,0.25,LOG,target_upper_tail_q,0.5,0.1,1999766,1999766,1.0,0.9999981553461497,1.0,false,false,5,5000000
libcxx,double,0.75,0.25,QF,target_upper_tail_q,0.5,0.1,1999766,1999766,1.0,0.9999981553461497,1.0,false,false,5,5000000
libcxx,double,0.75,0.25,SPLIT,target_upper_tail_q,0.1,0.01,450166,450166,1.0,0.9999918055465319,1.0,false,false,5,5000000
libcxx,double,0.75,0.25,LOG,target_upper_tail_q,0.1,0.01,450166,450166,1.0,0.9999918055465319,1.0,false,false,5,5000000
libcxx,double,0.75,0.25,QF,target_upper_tail_q,0.1,0.01,450166,450166,1.0,0.9999918055465319,1.0,false,false,5,5000000
libcxx,double,0.75,0.25,SPLIT,target_upper_tail_q,0.01,0.001,44856,44856,1.0,0.9999177651200563,1.0,false,false,5,5000000
libcxx,double,0.75,0.25,LOG,target_upper_tail_q,0.01,0.001,44856,44856,1.0,0.9999177651200563,1.0,false,false,5,5000000
libcxx,double,0.75,0.25,QF,target_upper_tail_q,0.01,0.001,44856,44856,1.0,0.9999177651200563,1.0,false,false,5,5000000
libcxx,double,0.75,0.25,SPLIT,target_upper_tail_q,0.001,0.0001,4521,4521,1.0,0.9991843895365634,1.0,false,false,5,5000000
libcxx,double,0.75,0.25,LOG,target_upper_tail_q,0.001,0.0001,4521,4521,1.0,0.9991843895365634,1.0,false,false,5,5000000
libcxx,double,0.75,0.25,QF,target_upper_tail_q,0.001,0.0001,4521,4521,1.0,0.9991843895365634,1.0,false,false,5,5000000
libcxx,double,0.75,0.25,SPLIT,target_upper_tail_q,0.0001,1e-05,499,499,1.0,0.9926347136480117,1.0,false,false,5,5000000
libcxx,double,0.75,0.25,LOG,target_upper_tail_q,0.0001,1e-05,499,499,1.0,0.9926347136480117,1.0,false,false,5,5000000
libcxx,double,0.75,0.25,QF,target_upper_tail_q,0.0001,1e-05,499,499,1.0,0.9926347136480117,1.0,false,false,5,5000000
libcxx,double,0.75,0.25,SPLIT,target_upper_tail_q,1e-05,0.0,49,49,1.0,0.9274807363357226,1.0,false,false,5,5000000
libcxx,double,0.75,0.25,LOG,target_upper_tail_q,1e-05,0.0,49,49,1.0,0.9274807363357226,1.0,false,false,5,5000000
libcxx,double,0.75,0.25,QF,target_upper_tail_q,1e-05,0.0,49,49,1.0,0.9274807363357226,1.0,false,false,5,5000000
libcxx,double,0.75,0.25,SPLIT,log_radius,0.05626119891762985,-4.034541056348125,500000,500000,1.0,0.9999926222683073,1.0,false,false,5,5000000
libcxx,double,0.75,0.25,LOG,log_radius,0.05626119891762985,-4.034541056348125,500000,500000,1.0,0.9999926222683073,1.0,false,false,5,5000000
libcxx,double,0.75,0.25,SPLIT,log_radius,0.5040570675221435,0.05626119891762985,500000,500000,1.0,0.9999926222683073,1.0,false,false,5,5000000
libcxx,double,0.75,0.25,LOG,log_radius,0.5040570675221435,0.05626119891762985,500000,500000,1.0,0.9999926222683073,1.0,false,false,5,5000000
libcxx,double,0.75,0.25,SPLIT,log_radius,0.8726592793142767,0.5040570675221435,500000,500000,1.0,0.9999926222683073,1.0,false,false,5,5000000
libcxx,double,0.75,0.25,LOG,log_radius,0.8726592793142767,0.5040570675221435,500000,500000,1.0,0.9999926222683073,1.0,false,false,5,5000000
libcxx,double,0.75,0.25,SPLIT,log_radius,1.235505757578973,0.8726592793142767,500000,500000,1.0,0.9999926222683073,1.0,false,false,5,5000000
libcxx,double,0.75,0.25,LOG,log_radius,1.235505757578973,0.8726592793142767,500000,500000,1.0,0.9999926222683073,1.0,false,false,5,5000000
libcxx,double,0.75,0.25,SPLIT,log_radius,1.629137454519748,1.235505757578973,500000,500000,1.0,0.9999926222683073,1.0,false,false,5,5000000
libcxx,double,0.75,0.25,LOG,log_radius,1.629137454519748,1.235505757578973,500000,500000,1.0,0.9999926222683073,1.0,false,false,5,5000000
libcxx,double,0.75,0.25,SPLIT,log_radius,2.089832500567782,1.629137454519748,500000,500000,1.0,0.9999926222683073,1.0,false,false,5,5000000
libcxx,double,0.75,0.25,LOG,log_radius,2.089832500567782,1.629137454519748,500000,500000,1.0,0.9999926222683073,1.0,false,false,5,5000000
libcxx,double,0.75,0.25,SPLIT,log_radius,2.6731898517399766,2.089832500567782,500000,500000,1.0,0.9999926222683073,1.0,false,false,5,5000000
libcxx,double,0.75,0.25,LOG,log_radius,2.6731898517399766,2.089832500567782,500000,500000,1.0,0.9999926222683073,1.0,false,false,5,5000000
libcxx,double,0.75,0.25,SPLIT,log_radius,3.4898452566905926,2.6731898517399766,500000,500000,1.0,0.9999926222683073,1.0,false,false,5,5000000
libcxx,double,0.75,0.25,LOG,log_radius,3.4898452566905926,2.6731898517399766,500000,500000,1.0,0.9999926222683073,1.0,false,false,5,5000000
libcxx,double,0.75,0.25,SPLIT,log_radius,4.874810197832232,3.4898452566905926,500000,500000,1.0,0.9999926222683073,1.0,false,false,5,5000000
libcxx,double,0.75,0.25,LOG,log_radius,4.874810197832232,3.4898452566905926,500000,500000,1.0,0.9999926222683073,1.0,false,false,5,5000000
libcxx,double,0.75,0.25,SPLIT,log_radius,34.56425892391983,4.874810197832232,500000,500000,1.0,0.9999926222683073,1.0,false,false,5,5000000
libcxx,double,0.75,0.25,LOG,log_radius,34.56425892391983,4.874810197832232,500000,500000,1.0,0.9999926222683073,1.0,false,false,5,5000000
libcxx,float,0.55,0.050000011920928955,SPLIT,target_upper_tail_q,1.0,0.5,2499313,2499313,1.0,0.9999985240437145,1.0,false,false,5,5000000
libcxx,float,0.55,0.050000011920928955,LOG,target_upper_tail_q,1.0,0.5,2499313,2499313,1.0,0.9999985240437145,1.0,false,false,5,5000000
libcxx,float,0.55,0.050000011920928955,QF,target_upper_tail_q,1.0,0.5,2499313,2499313,1.0,0.9999985240437145,1.0,false,false,5,5000000
libcxx,float,0.55,0.050000011920928955,SPLIT,target_upper_tail_q,0.5,0.1,1999916,1999916,1.0,0.9999981554845043,1.0,false,false,5,5000000
libcxx,float,0.55,0.050000011920928955,LOG,target_upper_tail_q,0.5,0.1,1999916,1999916,1.0,0.9999981554845043,1.0,false,false,5,5000000
libcxx,float,0.55,0.050000011920928955,QF,target_upper_tail_q,0.5,0.1,1999916,1999916,1.0,0.9999981554845043,1.0,false,false,5,5000000
libcxx,float,0.55,0.050000011920928955,SPLIT,target_upper_tail_q,0.1,0.01,450840,450840,1.0,0.9999918177970843,1.0,false,false,5,5000000
libcxx,float,0.55,0.050000011920928955,LOG,target_upper_tail_q,0.1,0.01,450840,450840,1.0,0.9999918177970843,1.0,false,false,5,5000000
libcxx,float,0.55,0.050000011920928955,QF,target_upper_tail_q,0.1,0.01,450840,439871,0.9756698607044628,0.9752159439614871,0.9761176500871805,false,false,5,5000000
libcxx,float,0.55,0.050000011920928955,SPLIT,target_upper_tail_q,0.01,0.001,44834,21354,0.4762903153856448,0.4716578065856908,0.4809258950830304,false,false,5,5000000
libcxx,float,0.55,0.050000011920928955,LOG,target_upper_tail_q,0.01,0.001,44834,44834,1.0,0.9999177247691411,1.0,false,false,5,5000000
libcxx,float,0.55,0.050000011920928955,QF,target_upper_tail_q,0.01,0.001,44834,0,0.0,0.0,6.681608134218031e-05,true,false,5,5000000
libcxx,float,0.55,0.050000011920928955,SPLIT,target_upper_tail_q,0.001,0.0001,4607,0,0.0,0.0,0.0006500452544511148,true,false,5,5000000
libcxx,float,0.55,0.050000011920928955,LOG,target_upper_tail_q,0.001,0.0001,4607,4424,0.9602778380724983,0.9542304026691897,0.965732524714246,false,false,5,5000000
libcxx,float,0.55,0.050000011920928955,QF,target_upper_tail_q,0.001,0.0001,4607,0,0.0,0.0,0.0006500452544511148,true,false,5,5000000
libcxx,float,0.55,0.050000011920928955,SPLIT,target_upper_tail_q,0.0001,1e-05,435,0,0.0,0.0,0.0068630816017958285,true,false,5,5000000
libcxx,float,0.55,0.050000011920928955,LOG,target_upper_tail_q,0.0001,1e-05,435,0,0.0,0.0,0.0068630816017958285,true,false,5,5000000
libcxx,float,0.55,0.050000011920928955,QF,target_upper_tail_q,0.0001,1e-05,435,0,0.0,0.0,0.0068630816017958285,true,false,5,5000000
libcxx,float,0.55,0.050000011920928955,SPLIT,target_upper_tail_q,1e-05,0.0,55,0,0.0,0.0,0.0530110549512538,true,false,5,5000000
libcxx,float,0.55,0.050000011920928955,LOG,target_upper_tail_q,1e-05,0.0,55,0,0.0,0.0,0.0530110549512538,true,false,5,5000000
libcxx,float,0.55,0.050000011920928955,QF,target_upper_tail_q,1e-05,0.0,55,0,0.0,0.0,0.0530110549512538,true,false,5,5000000
libcxx,float,0.55,0.050000011920928955,SPLIT,log_radius,1.2996775521400648,-4.17944004132448,500000,500000,1.0,0.9999926222683073,1.0,false,false,5,5000000
libcxx,float,0.55,0.050000011920928955,LOG,log_radius,1.2996775521400648,-4.17944004132448,500000,500000,1.0,0.9999926222683073,1.0,false,false,5,5000000
libcxx,float,0.55,0.050000011920928955,SPLIT,log_radius,2.524807683960371,1.2996775521400648,500000,500000,1.0,0.9999926222683073,1.0,false,false,5,5000000
libcxx,float,0.55,0.050000011920928955,LOG,log_radius,2.524807683960371,1.2996775521400648,500000,500000,1.0,0.9999926222683073,1.0,false,false,5,5000000
libcxx,float,0.55,0.050000011920928955,SPLIT,log_radius,3.8640013182357413,2.524807683960371,500000,500000,1.0,0.9999926222683073,1.0,false,false,5,5000000
libcxx,float,0.55,0.050000011920928955,LOG,log_radius,3.8640013182357413,2.524807683960371,500000,500000,1.0,0.9999926222683073,1.0,false,false,5,5000000
libcxx,float,0.55,0.050000011920928955,SPLIT,log_radius,5.407903052050132,3.8640013182357413,500000,500000,1.0,0.9999926222683073,1.0,false,false,5,5000000
libcxx,float,0.55,0.050000011920928955,LOG,log_radius,5.407903052050132,3.8640013182357413,500000,500000,1.0,0.9999926222683073,1.0,false,false,5,5000000
libcxx,float,0.55,0.050000011920928955,SPLIT,log_radius,7.232504755396114,5.407903052050132,500000,500000,1.0,0.9999926222683073,1.0,false,false,5,5000000
libcxx,float,0.55,0.050000011920928955,LOG,log_radius,7.232504755396114,5.407903052050132,500000,500000,1.0,0.9999926222683073,1.0,false,false,5,5000000
libcxx,float,0.55,0.050000011920928955,SPLIT,log_radius,9.463116808683624,7.232504755396114,500000,500000,1.0,0.9999926222683073,1.0,false,false,5,5000000
libcxx,float,0.55,0.050000011920928955,LOG,log_radius,9.463116808683624,7.232504755396114,500000,500000,1.0,0.9999926222683073,1.0,false,false,5,5000000
libcxx,float,0.55,0.050000011920928955,SPLIT,log_radius,12.341219963739075,9.463116808683624,500000,500000,1.0,0.9999926222683073,1.0,false,false,5,5000000
libcxx,float,0.55,0.050000011920928955,LOG,log_radius,12.341219963739075,9.463116808683624,500000,500000,1.0,0.9999926222683073,1.0,false,false,5,5000000
libcxx,float,0.55,0.050000011920928955,SPLIT,log_radius,16.404487516099422,12.341219963739075,500000,500000,1.0,0.9999926222683073,1.0,false,false,5,5000000
libcxx,float,0.55,0.050000011920928955,LOG,log_radius,16.404487516099422,12.341219963739075,500000,500000,1.0,0.9999926222683073,1.0,false,false,5,5000000
libcxx,float,0.55,0.050000011920928955,SPLIT,log_radius,23.339157750671067,16.404487516099422,500000,500000,1.0,0.9999926222683073,1.0,false,false,5,5000000
libcxx,float,0.55,0.050000011920928955,LOG,log_radius,23.339157750671067,16.404487516099422,500000,500000,1.0,0.9999926222683073,1.0,false,false,5,5000000
libcxx,float,0.55,0.050000011920928955,SPLIT,log_radius,146.93800642434397,23.339157750671067,500000,471423,0.942846,0.9421989916660061,0.9434878708550345,false,false,5,5000000
libcxx,float,0.55,0.050000011920928955,LOG,log_radius,146.93800642434397,23.339157750671067,500000,499327,0.998654,0.9985484285954853,0.9987537234163499,false,false,5,5000000
libcxx,float,0.6,0.10000002384185791,SPLIT,target_upper_tail_q,1.0,0.5,2499509,2499509,1.0,0.9999985241594521,1.0,false,false,5,5000000
libcxx,float,0.6,0.10000002384185791,LOG,target_upper_tail_q,1.0,0.5,2499509,2499509,1.0,0.9999985241594521,1.0,false,false,5,5000000
libcxx,float,0.6,0.10000002384185791,QF,target_upper_tail_q,1.0,0.5,2499509,2499509,1.0,0.9999985241594521,1.0,false,false,5,5000000
libcxx,float,0.6,0.10000002384185791,SPLIT,target_upper_tail_q,0.5,0.1,1999483,1999483,1.0,0.9999981550850638,1.0,false,false,5,5000000
libcxx,float,0.6,0.10000002384185791,LOG,target_upper_tail_q,0.5,0.1,1999483,1999483,1.0,0.9999981550850638,1.0,false,false,5,5000000
libcxx,float,0.6,0.10000002384185791,QF,target_upper_tail_q,0.5,0.1,1999483,1999483,1.0,0.9999981550850638,1.0,false,false,5,5000000
libcxx,float,0.6,0.10000002384185791,SPLIT,target_upper_tail_q,0.1,0.01,451217,451217,1.0,0.9999918246334355,1.0,false,false,5,5000000
libcxx,float,0.6,0.10000002384185791,LOG,target_upper_tail_q,0.1,0.01,451217,451217,1.0,0.9999918246334355,1.0,false,false,5,5000000
libcxx,float,0.6,0.10000002384185791,QF,target_upper_tail_q,0.1,0.01,451217,451217,1.0,0.9999918246334355,1.0,false,false,5,5000000
libcxx,float,0.6,0.10000002384185791,SPLIT,target_upper_tail_q,0.01,0.001,44757,44757,1.0,0.9999175832285618,1.0,false,false,5,5000000
libcxx,float,0.6,0.10000002384185791,LOG,target_upper_tail_q,0.01,0.001,44757,44757,1.0,0.9999175832285618,1.0,false,false,5,5000000
libcxx,float,0.6,0.10000002384185791,QF,target_upper_tail_q,0.01,0.001,44757,44757,1.0,0.9999175832285618,1.0,false,false,5,5000000
libcxx,float,0.6,0.10000002384185791,SPLIT,target_upper_tail_q,0.001,0.0001,4530,4530,1.0,0.9991860092950209,1.0,false,false,5,5000000
libcxx,float,0.6,0.10000002384185791,LOG,target_upper_tail_q,0.001,0.0001,4530,4530,1.0,0.9991860092950209,1.0,false,false,5,5000000
libcxx,float,0.6,0.10000002384185791,QF,target_upper_tail_q,0.001,0.0001,4530,4281,0.9450331125827814,0.9379934763942431,0.9514918224726508,false,false,5,5000000
libcxx,float,0.6,0.10000002384185791,SPLIT,target_upper_tail_q,0.0001,1e-05,453,338,0.7461368653421634,0.7034266430481863,0.7855991876097965,false,false,5,5000000
libcxx,float,0.6,0.10000002384185791,LOG,target_upper_tail_q,0.0001,1e-05,453,453,1.0,0.9918898444612019,1.0,false,false,5,5000000
libcxx,float,0.6,0.10000002384185791,QF,target_upper_tail_q,0.0001,1e-05,453,0,0.0,0.0,0.006591277132588669,true,false,5,5000000
libcxx,float,0.6,0.10000002384185791,SPLIT,target_upper_tail_q,1e-05,0.0,51,0,0.0,0.0,0.0570479523604428,true,false,5,5000000
libcxx,float,0.6,0.10000002384185791,LOG,target_upper_tail_q,1e-05,0.0,51,51,1.0,0.9302229692504613,1.0,false,false,5,5000000
libcxx,float,0.6,0.10000002384185791,QF,target_upper_tail_q,1e-05,0.0,51,0,0.0,0.0,0.0570479523604428,true,false,5,5000000
libcxx,float,0.6,0.10000002384185791,SPLIT,log_radius,0.6447665870874667,-4.298064042064977,500000,500000,1.0,0.9999926222683073,1.0,false,false,5,5000000
libcxx,float,0.6,0.10000002384185791,LOG,log_radius,0.6447665870874667,-4.298064042064977,500000,500000,1.0,0.9999926222683073,1.0,false,false,5,5000000
libcxx,float,0.6,0.10000002384185791,SPLIT,log_radius,1.3603931467089994,0.6447665870874667,500000,500000,1.0,0.9999926222683073,1.0,false,false,5,5000000
libcxx,float,0.6,0.10000002384185791,LOG,log_radius,1.3603931467089994,0.6447665870874667,500000,500000,1.0,0.9999926222683073,1.0,false,false,5,5000000
libcxx,float,0.6,0.10000002384185791,SPLIT,log_radius,2.063857157226876,1.3603931467089994,500000,500000,1.0,0.9999926222683073,1.0,false,false,5,5000000
libcxx,float,0.6,0.10000002384185791,LOG,log_radius,2.063857157226876,1.3603931467089994,500000,500000,1.0,0.9999926222683073,1.0,false,false,5,5000000
libcxx,float,0.6,0.10000002384185791,SPLIT,log_radius,2.844256505119283,2.063857157226876,500000,500000,1.0,0.9999926222683073,1.0,false,false,5,5000000
libcxx,float,0.6,0.10000002384185791,LOG,log_radius,2.844256505119283,2.063857157226876,500000,500000,1.0,0.9999926222683073,1.0,false,false,5,5000000
libcxx,float,0.6,0.10000002384185791,SPLIT,log_radius,3.75662965344517,2.844256505119283,500000,500000,1.0,0.9999926222683073,1.0,false,false,5,5000000
libcxx,float,0.6,0.10000002384185791,LOG,log_radius,3.75662965344517,2.844256505119283,500000,500000,1.0,0.9999926222683073,1.0,false,false,5,5000000
libcxx,float,0.6,0.10000002384185791,SPLIT,log_radius,4.872768288798872,3.75662965344517,500000,500000,1.0,0.9999926222683073,1.0,false,false,5,5000000
libcxx,float,0.6,0.10000002384185791,LOG,log_radius,4.872768288798872,3.75662965344517,500000,500000,1.0,0.9999926222683073,1.0,false,false,5,5000000
libcxx,float,0.6,0.10000002384185791,SPLIT,log_radius,6.311543894711366,4.872768288798872,500000,500000,1.0,0.9999926222683073,1.0,false,false,5,5000000
libcxx,float,0.6,0.10000002384185791,LOG,log_radius,6.311543894711366,4.872768288798872,500000,500000,1.0,0.9999926222683073,1.0,false,false,5,5000000
libcxx,float,0.6,0.10000002384185791,SPLIT,log_radius,8.340767613484434,6.311543894711366,500000,500000,1.0,0.9999926222683073,1.0,false,false,5,5000000
libcxx,float,0.6,0.10000002384185791,LOG,log_radius,8.340767613484434,6.311543894711366,500000,500000,1.0,0.9999926222683073,1.0,false,false,5,5000000
libcxx,float,0.6,0.10000002384185791,SPLIT,log_radius,11.813337083042358,8.340767613484434,500000,500000,1.0,0.9999926222683073,1.0,false,false,5,5000000
libcxx,float,0.6,0.10000002384185791,LOG,log_radius,11.813337083042358,8.340767613484434,500000,500000,1.0,0.9999926222683073,1.0,false,false,5,5000000
libcxx,float,0.6,0.10000002384185791,SPLIT,log_radius,73.0518913411123,11.813337083042358,500000,499834,0.999668,0.9996134869977763,0.9997165779918987,false,false,5,5000000
libcxx,float,0.6,0.10000002384185791,LOG,log_radius,73.0518913411123,11.813337083042358,500000,500000,1.0,0.9999926222683073,1.0,false,false,5,5000000
libcxx,float,0.75,0.25,SPLIT,target_upper_tail_q,1.0,0.5,2500063,2500063,1.0,0.9999985244864898,1.0,false,false,5,5000000
libcxx,float,0.75,0.25,LOG,target_upper_tail_q,1.0,0.5,2500063,2500063,1.0,0.9999985244864898,1.0,false,false,5,5000000
libcxx,float,0.75,0.25,QF,target_upper_tail_q,1.0,0.5,2500063,2500063,1.0,0.9999985244864898,1.0,false,false,5,5000000
libcxx,float,0.75,0.25,SPLIT,target_upper_tail_q,0.5,0.1,1999514,1999514,1.0,0.999998155113667,1.0,false,false,5,5000000
libcxx,float,0.75,0.25,LOG,target_upper_tail_q,0.5,0.1,1999514,1999514,1.0,0.999998155113667,1.0,false,false,5,5000000
libcxx,float,0.75,0.25,QF,target_upper_tail_q,0.5,0.1,1999514,1999514,1.0,0.999998155113667,1.0,false,false,5,5000000
libcxx,float,0.75,0.25,SPLIT,target_upper_tail_q,0.1,0.01,450657,450657,1.0,0.9999918144745197,1.0,false,false,5,5000000
libcxx,float,0.75,0.25,LOG,target_upper_tail_q,0.1,0.01,450657,450657,1.0,0.9999918144745197,1.0,false,false,5,5000000
libcxx,float,0.75,0.25,QF,target_upper_tail_q,0.1,0.01,450657,450657,1.0,0.9999918144745197,1.0,false,false,5,5000000
libcxx,float,0.75,0.25,SPLIT,target_upper_tail_q,0.01,0.001,44696,44696,1.0,0.9999174707528236,1.0,false,false,5,5000000
libcxx,float,0.75,0.25,LOG,target_upper_tail_q,0.01,0.001,44696,44696,1.0,0.9999174707528236,1.0,false,false,5,5000000
libcxx,float,0.75,0.25,QF,target_upper_tail_q,0.01,0.001,44696,44696,1.0,0.9999174707528236,1.0,false,false,5,5000000
libcxx,float,0.75,0.25,SPLIT,target_upper_tail_q,0.001,0.0001,4545,4545,1.0,0.999188694642935,1.0,false,false,5,5000000
libcxx,float,0.75,0.25,LOG,target_upper_tail_q,0.001,0.0001,4545,4545,1.0,0.999188694642935,1.0,false,false,5,5000000
libcxx,float,0.75,0.25,QF,target_upper_tail_q,0.001,0.0001,4545,4545,1.0,0.999188694642935,1.0,false,false,5,5000000
libcxx,float,0.75,0.25,SPLIT,target_upper_tail_q,0.0001,1e-05,473,473,1.0,0.9922314330317699,1.0,false,false,5,5000000
libcxx,float,0.75,0.25,LOG,target_upper_tail_q,0.0001,1e-05,473,473,1.0,0.9922314330317699,1.0,false,false,5,5000000
libcxx,float,0.75,0.25,QF,target_upper_tail_q,0.0001,1e-05,473,473,1.0,0.9922314330317699,1.0,false,false,5,5000000
libcxx,float,0.75,0.25,SPLIT,target_upper_tail_q,1e-05,0.0,52,52,1.0,0.9315177912966804,1.0,false,false,5,5000000
libcxx,float,0.75,0.25,LOG,target_upper_tail_q,1e-05,0.0,52,52,1.0,0.9315177912966804,1.0,false,false,5,5000000
libcxx,float,0.75,0.25,QF,target_upper_tail_q,1e-05,0.0,52,52,1.0,0.9315177912966804,1.0,false,false,5,5000000
libcxx,float,0.75,0.25,SPLIT,log_radius,0.0556435849085176,-4.812507426986893,500000,500000,1.0,0.9999926222683073,1.0,false,false,5,5000000
libcxx,float,0.75,0.25,LOG,log_radius,0.0556435849085176,-4.812507426986893,500000,500000,1.0,0.9999926222683073,1.0,false,false,5,5000000
libcxx,float,0.75,0.25,SPLIT,log_radius,0.5033626239036783,0.0556435849085176,500000,500000,1.0,0.9999926222683073,1.0,false,false,5,5000000
libcxx,float,0.75,0.25,LOG,log_radius,0.5033626239036783,0.0556435849085176,500000,500000,1.0,0.9999926222683073,1.0,false,false,5,5000000
libcxx,float,0.75,0.25,SPLIT,log_radius,0.8713836768013955,0.5033626239036783,500000,500000,1.0,0.9999926222683073,1.0,false,false,5,5000000
libcxx,float,0.75,0.25,LOG,log_radius,0.8713836768013955,0.5033626239036783,500000,500000,1.0,0.9999926222683073,1.0,false,false,5,5000000
libcxx,float,0.75,0.25,SPLIT,log_radius,1.2346602394735422,0.8713836768013955,500000,500000,1.0,0.9999926222683073,1.0,false,false,5,5000000
libcxx,float,0.75,0.25,LOG,log_radius,1.2346602394735422,0.8713836768013955,500000,500000,1.0,0.9999926222683073,1.0,false,false,5,5000000
libcxx,float,0.75,0.25,SPLIT,log_radius,1.6292250850485028,1.2346602394735422,500000,500000,1.0,0.9999926222683073,1.0,false,false,5,5000000
libcxx,float,0.75,0.25,LOG,log_radius,1.6292250850485028,1.2346602394735422,500000,500000,1.0,0.9999926222683073,1.0,false,false,5,5000000
libcxx,float,0.75,0.25,SPLIT,log_radius,2.0906474744536028,1.6292250850485028,500000,500000,1.0,0.9999926222683073,1.0,false,false,5,5000000
libcxx,float,0.75,0.25,LOG,log_radius,2.0906474744536028,1.6292250850485028,500000,500000,1.0,0.9999926222683073,1.0,false,false,5,5000000
libcxx,float,0.75,0.25,SPLIT,log_radius,2.672623999484382,2.0906474744536028,500000,500000,1.0,0.9999926222683073,1.0,false,false,5,5000000
libcxx,float,0.75,0.25,LOG,log_radius,2.672623999484382,2.0906474744536028,500000,500000,1.0,0.9999926222683073,1.0,false,false,5,5000000
libcxx,float,0.75,0.25,SPLIT,log_radius,3.4876154292873878,2.672623999484382,500000,500000,1.0,0.9999926222683073,1.0,false,false,5,5000000
libcxx,float,0.75,0.25,LOG,log_radius,3.4876154292873878,2.672623999484382,500000,500000,1.0,0.9999926222683073,1.0,false,false,5,5000000
libcxx,float,0.75,0.25,SPLIT,log_radius,4.8759994659359895,3.4876154292873878,500000,500000,1.0,0.9999926222683073,1.0,false,false,5,5000000
libcxx,float,0.75,0.25,LOG,log_radius,4.8759994659359895,3.4876154292873878,500000,500000,1.0,0.9999926222683073,1.0,false,false,5,5000000
libcxx,float,0.75,0.25,SPLIT,log_radius,29.12110805437791,4.8759994659359895,500000,500000,1.0,0.9999926222683073,1.0,false,false,5,5000000
libcxx,float,0.75,0.25,LOG,log_radius,29.12110805437791,4.8759994659359895,500000,500000,1.0,0.9999926222683073,1.0,false,false,5,5000000
libstdcxx,double,0.501,0.0010000000000000009,SPLIT,target_upper_tail_q,1.0,0.5,2500871,2500871,1.0,0.9999985249632094,1.0,false,false,5,5000000
libstdcxx,double,0.501,0.0010000000000000009,LOG,target_upper_tail_q,1.0,0.5,2500871,2500871,1.0,0.9999985249632094,1.0,false,false,5,5000000
libstdcxx,double,0.501,0.0010000000000000009,QF,target_upper_tail_q,1.0,0.5,2500871,2500871,1.0,0.9999985249632094,1.0,false,false,5,5000000
libstdcxx,double,0.501,0.0010000000000000009,SPLIT,target_upper_tail_q,0.5,0.1,1998586,124248,0.06216795274258901,0.06183357792339453,0.06250359693463035,false,false,5,5000000
libstdcxx,double,0.501,0.0010000000000000009,LOG,target_upper_tail_q,0.5,0.1,1998586,1290555,0.6457340339620111,0.6450704742387237,0.6463971713769837,false,false,5,5000000
libstdcxx,double,0.501,0.0010000000000000009,QF,target_upper_tail_q,0.5,0.1,1998586,39516,0.019771978789003827,0.019579416640518287,0.019965934237843003,false,false,5,5000000
libstdcxx,double,0.501,0.0010000000000000009,SPLIT,target_upper_tail_q,0.1,0.01,450412,0,0.0,0.0,6.651071266183806e-06,true,false,5,5000000
libstdcxx,double,0.501,0.0010000000000000009,LOG,target_upper_tail_q,0.1,0.01,450412,0,0.0,0.0,6.651071266183806e-06,true,false,5,5000000
libstdcxx,double,0.501,0.0010000000000000009,QF,target_upper_tail_q,0.1,0.01,450412,0,0.0,0.0,6.651071266183806e-06,true,false,5,5000000
libstdcxx,double,0.501,0.0010000000000000009,SPLIT,target_upper_tail_q,0.01,0.001,45282,0,0.0,0.0,6.615505457019388e-05,true,false,5,5000000
libstdcxx,double,0.501,0.0010000000000000009,LOG,target_upper_tail_q,0.01,0.001,45282,0,0.0,0.0,6.615505457019388e-05,true,false,5,5000000
libstdcxx,double,0.501,0.0010000000000000009,QF,target_upper_tail_q,0.01,0.001,45282,0,0.0,0.0,6.615505457019388e-05,true,false,5,5000000
libstdcxx,double,0.501,0.0010000000000000009,SPLIT,target_upper_tail_q,0.001,0.0001,4409,0,0.0,0.0,0.0006792276630133154,true,false,5,5000000
libstdcxx,double,0.501,0.0010000000000000009,LOG,target_upper_tail_q,0.001,0.0001,4409,0,0.0,0.0,0.0006792276630133154,true,false,5,5000000
libstdcxx,double,0.501,0.0010000000000000009,QF,target_upper_tail_q,0.001,0.0001,4409,0,0.0,0.0,0.0006792276630133154,true,false,5,5000000
libstdcxx,double,0.501,0.0010000000000000009,SPLIT,target_upper_tail_q,0.0001,1e-05,391,0,0.0,0.0,0.007632443214129592,true,false,5,5000000
libstdcxx,double,0.501,0.0010000000000000009,LOG,target_upper_tail_q,0.0001,1e-05,391,0,0.0,0.0,0.007632443214129592,true,false,5,5000000
libstdcxx,double,0.501,0.0010000000000000009,QF,target_upper_tail_q,0.0001,1e-05,391,0,0.0,0.0,0.007632443214129592,true,false,5,5000000
libstdcxx,double,0.501,0.0010000000000000009,SPLIT,target_upper_tail_q,1e-05,0.0,49,0,0.0,0.0,0.059306014189697054,true,false,5,5000000
libstdcxx,double,0.501,0.0010000000000000009,LOG,target_upper_tail_q,1e-05,0.0,49,0,0.0,0.0,0.059306014189697054,true,false,5,5000000
libstdcxx,double,0.501,0.0010000000000000009,QF,target_upper_tail_q,1e-05,0.0,49,0,0.0,0.0,0.059306014189697054,true,false,5,5000000
libstdcxx,double,0.501,0.0010000000000000009,SPLIT,log_radius,52.88307499287531,-2.5414365898387103,500000,500000,1.0,0.9999926222683073,1.0,false,false,5,5000000
libstdcxx,double,0.501,0.0010000000000000009,LOG,log_radius,52.88307499287531,-2.5414365898387103,500000,500000,1.0,0.9999926222683073,1.0,false,false,5,5000000
libstdcxx,double,0.501,0.0010000000000000009,SPLIT,log_radius,111.68932919722724,52.88307499287531,500000,500000,1.0,0.9999926222683073,1.0,false,false,5,5000000
libstdcxx,double,0.501,0.0010000000000000009,LOG,log_radius,111.68932919722724,52.88307499287531,500000,500000,1.0,0.9999926222683073,1.0,false,false,5,5000000
libstdcxx,double,0.501,0.0010000000000000009,SPLIT,log_radius,178.5157858704615,111.68932919722724,500000,500000,1.0,0.9999926222683073,1.0,false,false,5,5000000
libstdcxx,double,0.501,0.0010000000000000009,LOG,log_radius,178.5157858704615,111.68932919722724,500000,500000,1.0,0.9999926222683073,1.0,false,false,5,5000000
libstdcxx,double,0.501,0.0010000000000000009,SPLIT,log_radius,255.62655734927142,178.5157858704615,500000,500000,1.0,0.9999926222683073,1.0,false,false,5,5000000
libstdcxx,double,0.501,0.0010000000000000009,LOG,log_radius,255.62655734927142,178.5157858704615,500000,500000,1.0,0.9999926222683073,1.0,false,false,5,5000000
libstdcxx,double,0.501,0.0010000000000000009,SPLIT,log_radius,346.7096659533935,255.62655734927142,500000,500000,1.0,0.9999926222683073,1.0,false,false,5,5000000
libstdcxx,double,0.501,0.0010000000000000009,LOG,log_radius,346.7096659533935,255.62655734927142,500000,500000,1.0,0.9999926222683073,1.0,false,false,5,5000000
libstdcxx,double,0.501,0.0010000000000000009,SPLIT,log_radius,458.34533430201486,346.7096659533935,500000,125119,0.250238,0.24903784121284234,0.2514410535244764,false,false,5,5000000
libstdcxx,double,0.501,0.0010000000000000009,LOG,log_radius,458.34533430201486,346.7096659533935,500000,500000,1.0,0.9999926222683073,1.0,false,false,5,5000000
libstdcxx,double,0.501,0.0010000000000000009,SPLIT,log_radius,602.3543641538481,458.34533430201486,500000,0,0.0,0.0,5.991446598296868e-06,true,false,5,5000000
libstdcxx,double,0.501,0.0010000000000000009,LOG,log_radius,602.3543641538481,458.34533430201486,500000,500000,1.0,0.9999926222683073,1.0,false,false,5,5000000
libstdcxx,double,0.501,0.0010000000000000009,SPLIT,log_radius,804.9916326334561,602.3543641538481,500000,0,0.0,0.0,5.991446598296868e-06,true,false,5,5000000
libstdcxx,double,0.501,0.0010000000000000009,LOG,log_radius,804.9916326334561,602.3543641538481,500000,291426,0.582852,0.5814837787575535,0.5842192611179684,false,false,5,5000000
libstdcxx,double,0.501,0.0010000000000000009,SPLIT,log_radius,1152.1577463460922,804.9916326334561,500000,0,0.0,0.0,5.991446598296868e-06,true,false,5,5000000
libstdcxx,double,0.501,0.0010000000000000009,LOG,log_radius,1152.1577463460922,804.9916326334561,500000,0,0.0,0.0,5.991446598296868e-06,true,false,5,5000000
libstdcxx,double,0.501,0.0010000000000000009,SPLIT,log_radius,7934.704311808069,1152.1577463460922,500000,0,0.0,0.0,5.991446598296868e-06,true,false,5,5000000
libstdcxx,double,0.501,0.0010000000000000009,LOG,log_radius,7934.704311808069,1152.1577463460922,500000,0,0.0,0.0,5.991446598296868e-06,true,false,5,5000000
libstdcxx,double,0.505,0.0050000000000000044,SPLIT,target_upper_tail_q,1.0,0.5,2500757,2500757,1.0,0.9999985248959682,1.0,false,false,5,5000000
libstdcxx,double,0.505,0.0050000000000000044,LOG,target_upper_tail_q,1.0,0.5,2500757,2500757,1.0,0.9999985248959682,1.0,false,false,5,5000000
libstdcxx,double,0.505,0.0050000000000000044,QF,target_upper_tail_q,1.0,0.5,2500757,2500757,1.0,0.9999985248959682,1.0,false,false,5,5000000
libstdcxx,double,0.505,0.0050000000000000044,SPLIT,target_upper_tail_q,0.5,0.1,1998682,1998682,1.0,0.9999981543456888,1.0,false,false,5,5000000
libstdcxx,double,0.505,0.0050000000000000044,LOG,target_upper_tail_q,0.5,0.1,1998682,1998682,1.0,0.9999981543456888,1.0,false,false,5,5000000
libstdcxx,double,0.505,0.0050000000000000044,QF,target_upper_tail_q,0.5,0.1,1998682,1998682,1.0,0.9999981543456888,1.0,false,false,5,5000000
libstdcxx,double,0.505,0.0050000000000000044,SPLIT,target_upper_tail_q,0.1,0.01,450283,379152,0.8420304564018628,0.8409618853095527,0.8430946244568753,false,false,5,5000000
libstdcxx,double,0.505,0.0050000000000000044,LOG,target_upper_tail_q,0.1,0.01,450283,450283,1.0,0.999991807675742,1.0,false,false,5,5000000
libstdcxx,double,0.505,0.0050000000000000044,QF,target_upper_tail_q,0.1,0.01,450283,355929,0.790456224196783,0.789264521242069,0.7916441885772078,false,false,5,5000000
libstdcxx,double,0.505,0.0050000000000000044,SPLIT,target_upper_tail_q,0.01,0.001,45427,0,0.0,0.0,6.594389894409858e-05,true,false,5,5000000
libstdcxx,double,0.505,0.0050000000000000044,LOG,target_upper_tail_q,0.01,0.001,45427,45427,1.0,0.9999187987390482,1.0,false,false,5,5000000
libstdcxx,double,0.505,0.0050000000000000044,QF,target_upper_tail_q,0.01,0.001,45427,0,0.0,0.0,6.594389894409858e-05,true,false,5,5000000
libstdcxx,double,0.505,0.0050000000000000044,SPLIT,target_upper_tail_q,0.001,0.0001,4409,0,0.0,0.0,0.0006792276630133154,true,false,5,5000000
libstdcxx,double,0.505,0.0050000000000000044,LOG,target_upper_tail_q,0.001,0.0001,4409,834,0.18915853935132684,0.1776939080866295,0.2010364265328621,false,false,5,5000000
libstdcxx,double,0.505,0.0050000000000000044,QF,target_upper_tail_q,0.001,0.0001,4409,0,0.0,0.0,0.0006792276630133154,true,false,5,5000000
libstdcxx,double,0.505,0.0050000000000000044,SPLIT,target_upper_tail_q,0.0001,1e-05,393,0,0.0,0.0,0.00759374911762889,true,false,5,5000000
libstdcxx,double,0.505,0.0050000000000000044,LOG,target_upper_tail_q,0.0001,1e-05,393,0,0.0,0.0,0.00759374911762889,true,false,5,5000000
libstdcxx,double,0.505,0.0050000000000000044,QF,target_upper_tail_q,0.0001,1e-05,393,0,0.0,0.0,0.00759374911762889,true,false,5,5000000
libstdcxx,double,0.505,0.0050000000000000044,SPLIT,target_upper_tail_q,1e-05,0.0,49,0,0.0,0.0,0.059306014189697054,true,false,5,5000000
libstdcxx,double,0.505,0.0050000000000000044,LOG,target_upper_tail_q,1e-05,0.0,49,0,0.0,0.0,0.059306014189697054,true,false,5,5000000
libstdcxx,double,0.505,0.0050000000000000044,QF,target_upper_tail_q,1e-05,0.0,49,0,0.0,0.0,0.059306014189697054,true,false,5,5000000
libstdcxx,double,0.505,0.0050000000000000044,SPLIT,log_radius,10.831119428001122,-3.415777026156671,500000,500000,1.0,0.9999926222683073,1.0,false,false,5,5000000
libstdcxx,double,0.505,0.0050000000000000044,LOG,log_radius,10.831119428001122,-3.415777026156671,500000,500000,1.0,0.9999926222683073,1.0,false,false,5,5000000
libstdcxx,double,0.505,0.0050000000000000044,SPLIT,log_radius,22.590220119884737,10.831119428001122,500000,500000,1.0,0.9999926222683073,1.0,false,false,5,5000000
libstdcxx,double,0.505,0.0050000000000000044,LOG,log_radius,22.590220119884737,10.831119428001122,500000,500000,1.0,0.9999926222683073,1.0,false,false,5,5000000
libstdcxx,double,0.505,0.0050000000000000044,SPLIT,log_radius,35.9583394350051,22.590220119884737,500000,500000,1.0,0.9999926222683073,1.0,false,false,5,5000000
libstdcxx,double,0.505,0.0050000000000000044,LOG,log_radius,35.9583394350051,22.590220119884737,500000,500000,1.0,0.9999926222683073,1.0,false,false,5,5000000
libstdcxx,double,0.505,0.0050000000000000044,SPLIT,log_radius,51.38531957378117,35.9583394350051,500000,500000,1.0,0.9999926222683073,1.0,false,false,5,5000000
libstdcxx,double,0.505,0.0050000000000000044,LOG,log_radius,51.38531957378117,35.9583394350051,500000,500000,1.0,0.9999926222683073,1.0,false,false,5,5000000
libstdcxx,double,0.505,0.0050000000000000044,SPLIT,log_radius,69.59022046006908,51.38531957378117,500000,500000,1.0,0.9999926222683073,1.0,false,false,5,5000000
libstdcxx,double,0.505,0.0050000000000000044,LOG,log_radius,69.59022046006908,51.38531957378117,500000,500000,1.0,0.9999926222683073,1.0,false,false,5,5000000
libstdcxx,double,0.505,0.0050000000000000044,SPLIT,log_radius,91.93264815523466,69.59022046006908,500000,500000,1.0,0.9999926222683073,1.0,false,false,5,5000000
libstdcxx,double,0.505,0.0050000000000000044,LOG,log_radius,91.93264815523466,69.59022046006908,500000,500000,1.0,0.9999926222683073,1.0,false,false,5,5000000
libstdcxx,double,0.505,0.0050000000000000044,SPLIT,log_radius,120.72320990692342,91.93264815523466,500000,500000,1.0,0.9999926222683073,1.0,false,false,5,5000000
libstdcxx,double,0.505,0.0050000000000000044,LOG,log_radius,120.72320990692342,91.93264815523466,500000,500000,1.0,0.9999926222683073,1.0,false,false,5,5000000
libstdcxx,double,0.505,0.0050000000000000044,SPLIT,log_radius,161.2436292623463,120.72320990692342,500000,500000,1.0,0.9999926222683073,1.0,false,false,5,5000000
libstdcxx,double,0.505,0.0050000000000000044,LOG,log_radius,161.2436292623463,120.72320990692342,500000,500000,1.0,0.9999926222683073,1.0,false,false,5,5000000
libstdcxx,double,0.505,0.0050000000000000044,SPLIT,log_radius,230.6792071465189,161.2436292623463,500000,500000,1.0,0.9999926222683073,1.0,false,false,5,5000000
libstdcxx,double,0.505,0.0050000000000000044,LOG,log_radius,230.6792071465189,161.2436292623463,500000,500000,1.0,0.9999926222683073,1.0,false,false,5,5000000
libstdcxx,double,0.505,0.0050000000000000044,SPLIT,log_radius,1588.8701557551083,230.6792071465189,500000,378591,0.757182,0.755990999677363,0.7583700195541709,false,false,5,5000000
libstdcxx,double,0.505,0.0050000000000000044,LOG,log_radius,1588.8701557551083,230.6792071465189,500000,495983,0.991966,0.991714683550444,0.9922115903839042,false,false,5,5000000
libstdcxx,double,0.51,0.010000000000000009,SPLIT,target_upper_tail_q,1.0,0.5,2501725,2501725,1.0,0.9999985254667342,1.0,false,false,5,5000000
libstdcxx,double,0.51,0.010000000000000009,LOG,target_upper_tail_q,1.0,0.5,2501725,2501725,1.0,0.9999985254667342,1.0,false,false,5,5000000
libstdcxx,double,0.51,0.010000000000000009,QF,target_upper_tail_q,1.0,0.5,2501725,2501725,1.0,0.9999985254667342,1.0,false,false,5,5000000
libstdcxx,double,0.51,0.010000000000000009,SPLIT,target_upper_tail_q,0.5,0.1,1998035,1998035,1.0,0.999998153748033,1.0,false,false,5,5000000
libstdcxx,double,0.51,0.010000000000000009,LOG,target_upper_tail_q,0.5,0.1,1998035,1998035,1.0,0.999998153748033,1.0,false,false,5,5000000
libstdcxx,double,0.51,0.010000000000000009,QF,target_upper_tail_q,0.5,0.1,1998035,1998035,1.0,0.999998153748033,1.0,false,false,5,5000000
libstdcxx,double,0.51,0.010000000000000009,SPLIT,target_upper_tail_q,0.1,0.01,450000,450000,1.0,0.9999918025237015,1.0,false,false,5,5000000
libstdcxx,double,0.51,0.010000000000000009,LOG,target_upper_tail_q,0.1,0.01,450000,450000,1.0,0.9999918025237015,1.0,false,false,5,5000000
libstdcxx,double,0.51,0.010000000000000009,QF,target_upper_tail_q,0.1,0.01,450000,450000,1.0,0.9999918025237015,1.0,false,false,5,5000000
libstdcxx,double,0.51,0.010000000000000009,SPLIT,target_upper_tail_q,0.01,0.001,45395,45395,1.0,0.9999187415007009,1.0,false,false,5,5000000
libstdcxx,double,0.51,0.010000000000000009,LOG,target_upper_tail_q,0.01,0.001,45395,45395,1.0,0.9999187415007009,1.0,false,false,5,5000000
libstdcxx,double,0.51,0.010000000000000009,QF,target_upper_tail_q,0.01,0.001,45395,45395,1.0,0.9999187415007009,1.0,false,false,5,5000000
libstdcxx,double,0.51,0.010000000000000009,SPLIT,target_upper_tail_q,0.001,0.0001,4407,2031,0.460857726344452,0.4460575903696294,0.4757097827575854,false,false,5,5000000
libstdcxx,double,0.51,0.010000000000000009,LOG,target_upper_tail_q,0.001,0.0001,4407,4407,1.0,0.9991633002050199,1.0,false,false,5,5000000
libstdcxx,double,0.51,0.010000000000000009,QF,target_upper_tail_q,0.001,0.0001,4407,812,0.1842523258452462,0.17290479169346537,0.19601988455879643,false,false,5,5000000
libstdcxx,double,0.51,0.010000000000000009,SPLIT,target_upper_tail_q,0.0001,1e-05,388,0,0.0,0.0,0.007691229424395596,true,false,5,5000000
libstdcxx,double,0.51,0.010000000000000009,LOG,target_upper_tail_q,0.0001,1e-05,388,388,1.0,0.9905376313649593,1.0,false,false,5,5000000
libstdcxx,double,0.51,0.010000000000000009,QF,target_upper_tail_q,0.0001,1e-05,388,0,0.0,0.0,0.007691229424395596,true,false,5,5000000
libstdcxx,double,0.51,0.010000000000000009,SPLIT,target_upper_tail_q,1e-05,0.0,50,0,0.0,0.0,0.058155079116972264,true,false,5,5000000
libstdcxx,double,0.51,0.010000000000000009,LOG,target_upper_tail_q,1e-05,0.0,50,45,0.9,0.7818646335657977,0.9667249064109775,false,false,5,5000000
libstdcxx,double,0.51,0.010000000000000009,QF,target_upper_tail_q,1e-05,0.0,50,0,0.0,0.0,0.058155079116972264,true,false,5,5000000
libstdcxx,double,0.51,0.010000000000000009,SPLIT,log_radius,5.562963854184457,-3.2429978821586722,500000,500000,1.0,0.9999926222683073,1.0,false,false,5,5000000
libstdcxx,double,0.51,0.010000000000000009,LOG,log_radius,5.562963854184457,-3.2429978821586722,500000,500000,1.0,0.9999926222683073,1.0,false,false,5,5000000
libstdcxx,double,0.51,0.010000000000000009,SPLIT,log_radius,11.442573994423181,5.562963854184457,500000,500000,1.0,0.9999926222683073,1.0,false,false,5,5000000
libstdcxx,double,0.51,0.010000000000000009,LOG,log_radius,11.442573994423181,5.562963854184457,500000,500000,1.0,0.9999926222683073,1.0,false,false,5,5000000
libstdcxx,double,0.51,0.010000000000000009,SPLIT,log_radius,18.1213826743334,11.442573994423181,500000,500000,1.0,0.9999926222683073,1.0,false,false,5,5000000
libstdcxx,double,0.51,0.010000000000000009,LOG,log_radius,18.1213826743334,11.442573994423181,500000,500000,1.0,0.9999926222683073,1.0,false,false,5,5000000
libstdcxx,double,0.51,0.010000000000000009,SPLIT,log_radius,25.83228359452862,18.1213826743334,500000,500000,1.0,0.9999926222683073,1.0,false,false,5,5000000
libstdcxx,double,0.51,0.010000000000000009,LOG,log_radius,25.83228359452862,18.1213826743334,500000,500000,1.0,0.9999926222683073,1.0,false,false,5,5000000
libstdcxx,double,0.51,0.010000000000000009,SPLIT,log_radius,34.927034636081416,25.83228359452862,500000,500000,1.0,0.9999926222683073,1.0,false,false,5,5000000
libstdcxx,double,0.51,0.010000000000000009,LOG,log_radius,34.927034636081416,25.83228359452862,500000,500000,1.0,0.9999926222683073,1.0,false,false,5,5000000
libstdcxx,double,0.51,0.010000000000000009,SPLIT,log_radius,46.09539831998531,34.927034636081416,500000,500000,1.0,0.9999926222683073,1.0,false,false,5,5000000
libstdcxx,double,0.51,0.010000000000000009,LOG,log_radius,46.09539831998531,34.927034636081416,500000,500000,1.0,0.9999926222683073,1.0,false,false,5,5000000
libstdcxx,double,0.51,0.010000000000000009,SPLIT,log_radius,60.487223392149694,46.09539831998531,500000,500000,1.0,0.9999926222683073,1.0,false,false,5,5000000
libstdcxx,double,0.51,0.010000000000000009,LOG,log_radius,60.487223392149694,46.09539831998531,500000,500000,1.0,0.9999926222683073,1.0,false,false,5,5000000
libstdcxx,double,0.51,0.010000000000000009,SPLIT,log_radius,80.75686208771562,60.487223392149694,500000,500000,1.0,0.9999926222683073,1.0,false,false,5,5000000
libstdcxx,double,0.51,0.010000000000000009,LOG,log_radius,80.75686208771562,60.487223392149694,500000,500000,1.0,0.9999926222683073,1.0,false,false,5,5000000
libstdcxx,double,0.51,0.010000000000000009,SPLIT,log_radius,115.4604364159512,80.75686208771562,500000,500000,1.0,0.9999926222683073,1.0,false,false,5,5000000
libstdcxx,double,0.51,0.010000000000000009,LOG,log_radius,115.4604364159512,80.75686208771562,500000,500000,1.0,0.9999926222683073,1.0,false,false,5,5000000
libstdcxx,double,0.51,0.010000000000000009,SPLIT,log_radius,795.6264907155543,115.4604364159512,500000,497186,0.994372,0.9941607537347958,0.9945774862899721,false,false,5,5000000
libstdcxx,double,0.51,0.010000000000000009,LOG,log_radius,795.6264907155543,115.4604364159512,500000,499995,0.99999,0.9999766634914576,0.9999967530195033,false,false,5,5000000
libstdcxx,double,0.75,0.25,SPLIT,target_upper_tail_q,1.0,0.5,2500370,2500370,1.0,0.999998524667656,1.0,false,false,5,5000000
libstdcxx,double,0.75,0.25,LOG,target_upper_tail_q,1.0,0.5,2500370,2500370,1.0,0.999998524667656,1.0,false,false,5,5000000
libstdcxx,double,0.75,0.25,QF,target_upper_tail_q,1.0,0.5,2500370,2500370,1.0,0.999998524667656,1.0,false,false,5,5000000
libstdcxx,double,0.75,0.25,SPLIT,target_upper_tail_q,0.5,0.1,1999696,1999696,1.0,0.999998155281577,1.0,false,false,5,5000000
libstdcxx,double,0.75,0.25,LOG,target_upper_tail_q,0.5,0.1,1999696,1999696,1.0,0.999998155281577,1.0,false,false,5,5000000
libstdcxx,double,0.75,0.25,QF,target_upper_tail_q,0.5,0.1,1999696,1999696,1.0,0.999998155281577,1.0,false,false,5,5000000
libstdcxx,double,0.75,0.25,SPLIT,target_upper_tail_q,0.1,0.01,449701,449701,1.0,0.9999917970733347,1.0,false,false,5,5000000
libstdcxx,double,0.75,0.25,LOG,target_upper_tail_q,0.1,0.01,449701,449701,1.0,0.9999917970733347,1.0,false,false,5,5000000
libstdcxx,double,0.75,0.25,QF,target_upper_tail_q,0.1,0.01,449701,449701,1.0,0.9999917970733347,1.0,false,false,5,5000000
libstdcxx,double,0.75,0.25,SPLIT,target_upper_tail_q,0.01,0.001,45341,45341,1.0,0.999918644727792,1.0,false,false,5,5000000
libstdcxx,double,0.75,0.25,LOG,target_upper_tail_q,0.01,0.001,45341,45341,1.0,0.999918644727792,1.0,false,false,5,5000000
libstdcxx,double,0.75,0.25,QF,target_upper_tail_q,0.01,0.001,45341,45341,1.0,0.999918644727792,1.0,false,false,5,5000000
libstdcxx,double,0.75,0.25,SPLIT,target_upper_tail_q,0.001,0.0001,4419,4419,1.0,0.9991655713540072,1.0,false,false,5,5000000
libstdcxx,double,0.75,0.25,LOG,target_upper_tail_q,0.001,0.0001,4419,4419,1.0,0.9991655713540072,1.0,false,false,5,5000000
libstdcxx,double,0.75,0.25,QF,target_upper_tail_q,0.001,0.0001,4419,4419,1.0,0.9991655713540072,1.0,false,false,5,5000000
libstdcxx,double,0.75,0.25,SPLIT,target_upper_tail_q,0.0001,1e-05,419,419,1.0,0.9912346335528209,1.0,false,false,5,5000000
libstdcxx,double,0.75,0.25,LOG,target_upper_tail_q,0.0001,1e-05,419,419,1.0,0.9912346335528209,1.0,false,false,5,5000000
libstdcxx,double,0.75,0.25,QF,target_upper_tail_q,0.0001,1e-05,419,419,1.0,0.9912346335528209,1.0,false,false,5,5000000
libstdcxx,double,0.75,0.25,SPLIT,target_upper_tail_q,1e-05,0.0,54,54,1.0,0.9339684857555782,1.0,false,false,5,5000000
libstdcxx,double,0.75,0.25,LOG,target_upper_tail_q,1e-05,0.0,54,54,1.0,0.9339684857555782,1.0,false,false,5,5000000
libstdcxx,double,0.75,0.25,QF,target_upper_tail_q,1e-05,0.0,54,54,1.0,0.9339684857555782,1.0,false,false,5,5000000
libstdcxx,double,0.75,0.25,SPLIT,log_radius,0.054749868476860294,-4.7892542556082,500000,500000,1.0,0.9999926222683073,1.0,false,false,5,5000000
libstdcxx,double,0.75,0.25,LOG,log_radius,0.054749868476860294,-4.7892542556082,500000,500000,1.0,0.9999926222683073,1.0,false,false,5,5000000
libstdcxx,double,0.75,0.25,SPLIT,log_radius,0.5028114511204625,0.054749868476860294,500000,500000,1.0,0.9999926222683073,1.0,false,false,5,5000000
libstdcxx,double,0.75,0.25,LOG,log_radius,0.5028114511204625,0.054749868476860294,500000,500000,1.0,0.9999926222683073,1.0,false,false,5,5000000
libstdcxx,double,0.75,0.25,SPLIT,log_radius,0.8709824079662768,0.5028114511204625,500000,500000,1.0,0.9999926222683073,1.0,false,false,5,5000000
libstdcxx,double,0.75,0.25,LOG,log_radius,0.8709824079662768,0.5028114511204625,500000,500000,1.0,0.9999926222683073,1.0,false,false,5,5000000
libstdcxx,double,0.75,0.25,SPLIT,log_radius,1.2340147491458833,0.8709824079662768,500000,500000,1.0,0.9999926222683073,1.0,false,false,5,5000000
libstdcxx,double,0.75,0.25,LOG,log_radius,1.2340147491458833,0.8709824079662768,500000,500000,1.0,0.9999926222683073,1.0,false,false,5,5000000
libstdcxx,double,0.75,0.25,SPLIT,log_radius,1.6289544175254447,1.2340147491458833,500000,500000,1.0,0.9999926222683073,1.0,false,false,5,5000000
libstdcxx,double,0.75,0.25,LOG,log_radius,1.6289544175254447,1.2340147491458833,500000,500000,1.0,0.9999926222683073,1.0,false,false,5,5000000
libstdcxx,double,0.75,0.25,SPLIT,log_radius,2.0917048792609982,1.6289544175254447,500000,500000,1.0,0.9999926222683073,1.0,false,false,5,5000000
libstdcxx,double,0.75,0.25,LOG,log_radius,2.0917048792609982,1.6289544175254447,500000,500000,1.0,0.9999926222683073,1.0,false,false,5,5000000
libstdcxx,double,0.75,0.25,SPLIT,log_radius,2.6730787757970162,2.0917048792609982,500000,500000,1.0,0.9999926222683073,1.0,false,false,5,5000000
libstdcxx,double,0.75,0.25,LOG,log_radius,2.6730787757970162,2.0917048792609982,500000,500000,1.0,0.9999926222683073,1.0,false,false,5,5000000
libstdcxx,double,0.75,0.25,SPLIT,log_radius,3.4861162832803543,2.6730787757970162,500000,500000,1.0,0.9999926222683073,1.0,false,false,5,5000000
libstdcxx,double,0.75,0.25,LOG,log_radius,3.4861162832803543,2.6730787757970162,500000,500000,1.0,0.9999926222683073,1.0,false,false,5,5000000
libstdcxx,double,0.75,0.25,SPLIT,log_radius,4.87414264448938,3.4861162832803543,500000,500000,1.0,0.9999926222683073,1.0,false,false,5,5000000
libstdcxx,double,0.75,0.25,LOG,log_radius,4.87414264448938,3.4861162832803543,500000,500000,1.0,0.9999926222683073,1.0,false,false,5,5000000
libstdcxx,double,0.75,0.25,SPLIT,log_radius,33.57125132619183,4.87414264448938,500000,500000,1.0,0.9999926222683073,1.0,false,false,5,5000000
libstdcxx,double,0.75,0.25,LOG,log_radius,33.57125132619183,4.87414264448938,500000,500000,1.0,0.9999926222683073,1.0,false,false,5,5000000
libstdcxx,float,0.55,0.050000011920928955,SPLIT,target_upper_tail_q,1.0,0.5,2499568,2499568,1.0,0.9999985241942879,1.0,false,false,5,5000000
libstdcxx,float,0.55,0.050000011920928955,LOG,target_upper_tail_q,1.0,0.5,2499568,2499568,1.0,0.9999985241942879,1.0,false,false,5,5000000
libstdcxx,float,0.55,0.050000011920928955,QF,target_upper_tail_q,1.0,0.5,2499568,2499568,1.0,0.9999985241942879,1.0,false,false,5,5000000
libstdcxx,float,0.55,0.050000011920928955,SPLIT,target_upper_tail_q,0.5,0.1,2000804,2000804,1.0,0.9999981563031394,1.0,false,false,5,5000000
libstdcxx,float,0.55,0.050000011920928955,LOG,target_upper_tail_q,0.5,0.1,2000804,2000804,1.0,0.9999981563031394,1.0,false,false,5,5000000
libstdcxx,float,0.55,0.050000011920928955,QF,target_upper_tail_q,0.5,0.1,2000804,2000804,1.0,0.9999981563031394,1.0,false,false,5,5000000
libstdcxx,float,0.55,0.050000011920928955,SPLIT,target_upper_tail_q,0.1,0.01,449416,449416,1.0,0.9999917918714183,1.0,false,false,5,5000000
libstdcxx,float,0.55,0.050000011920928955,LOG,target_upper_tail_q,0.1,0.01,449416,449416,1.0,0.9999917918714183,1.0,false,false,5,5000000
libstdcxx,float,0.55,0.050000011920928955,QF,target_upper_tail_q,0.1,0.01,449416,438378,0.9754392366982929,0.9749825199503285,0.9758898097115961,false,false,5,5000000
libstdcxx,float,0.55,0.050000011920928955,SPLIT,target_upper_tail_q,0.01,0.001,45130,21453,0.47536007090627075,0.4707432849356537,0.4799800272970137,false,false,5,5000000
libstdcxx,float,0.55,0.050000011920928955,LOG,target_upper_tail_q,0.01,0.001,45130,45130,1.0,0.9999182643763432,1.0,false,false,5,5000000
libstdcxx,float,0.55,0.050000011920928955,QF,target_upper_tail_q,0.01,0.001,45130,0,0.0,0.0,6.637786056518102e-05,true,false,5,5000000
libstdcxx,float,0.55,0.050000011920928955,SPLIT,target_upper_tail_q,0.001,0.0001,4594,0,0.0,0.0,0.0006518841384971497,true,false,5,5000000
libstdcxx,float,0.55,0.050000011920928955,LOG,target_upper_tail_q,0.001,0.0001,4594,4399,0.957553330430997,0.9513167906650881,0.9631993927547363,false,false,5,5000000
libstdcxx,float,0.55,0.050000011920928955,QF,target_upper_tail_q,0.001,0.0001,4594,0,0.0,0.0,0.0006518841384971497,true,false,5,5000000
libstdcxx,float,0.55,0.050000011920928955,SPLIT,target_upper_tail_q,0.0001,1e-05,431,0,0.0,0.0,0.0069265549941812665,true,false,5,5000000
libstdcxx,float,0.55,0.050000011920928955,LOG,target_upper_tail_q,0.0001,1e-05,431,0,0.0,0.0,0.0069265549941812665,true,false,5,5000000
libstdcxx,float,0.55,0.050000011920928955,QF,target_upper_tail_q,0.0001,1e-05,431,0,0.0,0.0,0.0069265549941812665,true,false,5,5000000
libstdcxx,float,0.55,0.050000011920928955,SPLIT,target_upper_tail_q,1e-05,0.0,57,0,0.0,0.0,0.05119948367703919,true,false,5,5000000
libstdcxx,float,0.55,0.050000011920928955,LOG,target_upper_tail_q,1e-05,0.0,57,0,0.0,0.0,0.05119948367703919,true,false,5,5000000
libstdcxx,float,0.55,0.050000011920928955,QF,target_upper_tail_q,1e-05,0.0,57,0,0.0,0.0,0.05119948367703919,true,false,5,5000000
libstdcxx,float,0.55,0.050000011920928955,SPLIT,log_radius,1.2980275421413539,-4.1246727311601,500000,500000,1.0,0.9999926222683073,1.0,false,false,5,5000000
libstdcxx,float,0.55,0.050000011920928955,LOG,log_radius,1.2980275421413539,-4.1246727311601,500000,500000,1.0,0.9999926222683073,1.0,false,false,5,5000000
libstdcxx,float,0.55,0.050000011920928955,SPLIT,log_radius,2.5261733325219224,1.2980275421413539,500000,500000,1.0,0.9999926222683073,1.0,false,false,5,5000000
libstdcxx,float,0.55,0.050000011920928955,LOG,log_radius,2.5261733325219224,1.2980275421413539,500000,500000,1.0,0.9999926222683073,1.0,false,false,5,5000000
libstdcxx,float,0.55,0.050000011920928955,SPLIT,log_radius,3.868254038640814,2.5261733325219224,500000,500000,1.0,0.9999926222683073,1.0,false,false,5,5000000
libstdcxx,float,0.55,0.050000011920928955,LOG,log_radius,3.868254038640814,2.5261733325219224,500000,500000,1.0,0.9999926222683073,1.0,false,false,5,5000000
libstdcxx,float,0.55,0.050000011920928955,SPLIT,log_radius,5.409392963998692,3.868254038640814,500000,500000,1.0,0.9999926222683073,1.0,false,false,5,5000000
libstdcxx,float,0.55,0.050000011920928955,LOG,log_radius,5.409392963998692,3.868254038640814,500000,500000,1.0,0.9999926222683073,1.0,false,false,5,5000000
libstdcxx,float,0.55,0.050000011920928955,SPLIT,log_radius,7.231540269051288,5.409392963998692,500000,500000,1.0,0.9999926222683073,1.0,false,false,5,5000000
libstdcxx,float,0.55,0.050000011920928955,LOG,log_radius,7.231540269051288,5.409392963998692,500000,500000,1.0,0.9999926222683073,1.0,false,false,5,5000000
libstdcxx,float,0.55,0.050000011920928955,SPLIT,log_radius,9.459204301593338,7.231540269051288,500000,500000,1.0,0.9999926222683073,1.0,false,false,5,5000000
libstdcxx,float,0.55,0.050000011920928955,LOG,log_radius,9.459204301593338,7.231540269051288,500000,500000,1.0,0.9999926222683073,1.0,false,false,5,5000000
libstdcxx,float,0.55,0.050000011920928955,SPLIT,log_radius,12.331118405851035,9.459204301593338,500000,500000,1.0,0.9999926222683073,1.0,false,false,5,5000000
libstdcxx,float,0.55,0.050000011920928955,LOG,log_radius,12.331118405851035,9.459204301593338,500000,500000,1.0,0.9999926222683073,1.0,false,false,5,5000000
libstdcxx,float,0.55,0.050000011920928955,SPLIT,log_radius,16.38566758529955,12.331118405851035,500000,500000,1.0,0.9999926222683073,1.0,false,false,5,5000000
libstdcxx,float,0.55,0.050000011920928955,LOG,log_radius,16.38566758529955,12.331118405851035,500000,500000,1.0,0.9999926222683073,1.0,false,false,5,5000000
libstdcxx,float,0.55,0.050000011920928955,SPLIT,log_radius,23.316771976378604,16.38566758529955,500000,500000,1.0,0.9999926222683073,1.0,false,false,5,5000000
libstdcxx,float,0.55,0.050000011920928955,LOG,log_radius,23.316771976378604,16.38566758529955,500000,500000,1.0,0.9999926222683073,1.0,false,false,5,5000000
libstdcxx,float,0.55,0.050000011920928955,SPLIT,log_radius,152.11407427422785,23.316771976378604,500000,471241,0.942482,0.9418330727243245,0.9431257940508999,false,false,5,5000000
libstdcxx,float,0.55,0.050000011920928955,LOG,log_radius,152.11407427422785,23.316771976378604,500000,499317,0.998634,0.9985276779760781,0.9987344748172297,false,false,5,5000000
libstdcxx,float,0.6,0.10000002384185791,SPLIT,target_upper_tail_q,1.0,0.5,2498555,2498555,1.0,0.9999985235959461,1.0,false,false,5,5000000
libstdcxx,float,0.6,0.10000002384185791,LOG,target_upper_tail_q,1.0,0.5,2498555,2498555,1.0,0.9999985235959461,1.0,false,false,5,5000000
libstdcxx,float,0.6,0.10000002384185791,QF,target_upper_tail_q,1.0,0.5,2498555,2498555,1.0,0.9999985235959461,1.0,false,false,5,5000000
libstdcxx,float,0.6,0.10000002384185791,SPLIT,target_upper_tail_q,0.5,0.1,2001087,2001087,1.0,0.9999981565638806,1.0,false,false,5,5000000
libstdcxx,float,0.6,0.10000002384185791,LOG,target_upper_tail_q,0.5,0.1,2001087,2001087,1.0,0.9999981565638806,1.0,false,false,5,5000000
libstdcxx,float,0.6,0.10000002384185791,QF,target_upper_tail_q,0.5,0.1,2001087,2001087,1.0,0.9999981565638806,1.0,false,false,5,5000000
libstdcxx,float,0.6,0.10000002384185791,SPLIT,target_upper_tail_q,0.1,0.01,450017,450017,1.0,0.999991802833371,1.0,false,false,5,5000000
libstdcxx,float,0.6,0.10000002384185791,LOG,target_upper_tail_q,0.1,0.01,450017,450017,1.0,0.999991802833371,1.0,false,false,5,5000000
libstdcxx,float,0.6,0.10000002384185791,QF,target_upper_tail_q,0.1,0.01,450017,450017,1.0,0.999991802833371,1.0,false,false,5,5000000
libstdcxx,float,0.6,0.10000002384185791,SPLIT,target_upper_tail_q,0.01,0.001,45189,45189,1.0,0.9999183710882635,1.0,false,false,5,5000000
libstdcxx,float,0.6,0.10000002384185791,LOG,target_upper_tail_q,0.01,0.001,45189,45189,1.0,0.9999183710882635,1.0,false,false,5,5000000
libstdcxx,float,0.6,0.10000002384185791,QF,target_upper_tail_q,0.01,0.001,45189,45189,1.0,0.9999183710882635,1.0,false,false,5,5000000
libstdcxx,float,0.6,0.10000002384185791,SPLIT,target_upper_tail_q,0.001,0.0001,4674,4674,1.0,0.9992110774192213,1.0,false,false,5,5000000
libstdcxx,float,0.6,0.10000002384185791,LOG,target_upper_tail_q,0.001,0.0001,4674,4674,1.0,0.9992110774192213,1.0,false,false,5,5000000
libstdcxx,float,0.6,0.10000002384185791,QF,target_upper_tail_q,0.001,0.0001,4674,4424,0.9465126230209671,0.9396709358456582,0.9527894374541991,false,false,5,5000000
libstdcxx,float,0.6,0.10000002384185791,SPLIT,target_upper_tail_q,0.0001,1e-05,420,311,0.7404761904761905,0.695757991981114,0.7817691052221165,false,false,5,5000000
libstdcxx,float,0.6,0.10000002384185791,LOG,target_upper_tail_q,0.0001,1e-05,420,420,1.0,0.9912554119560388,1.0,false,false,5,5000000
libstdcxx,float,0.6,0.10000002384185791,QF,target_upper_tail_q,0.0001,1e-05,420,0,0.0,0.0,0.007107318586130673,true,false,5,5000000
libstdcxx,float,0.6,0.10000002384185791,SPLIT,target_upper_tail_q,1e-05,0.0,58,0,0.0,0.0,0.05033933833042015,true,false,5,5000000
libstdcxx,float,0.6,0.10000002384185791,LOG,target_upper_tail_q,1e-05,0.0,58,58,1.0,0.9383789910960801,1.0,false,false,5,5000000
libstdcxx,float,0.6,0.10000002384185791,QF,target_upper_tail_q,1e-05,0.0,58,0,0.0,0.0,0.05033933833042015,true,false,5,5000000
libstdcxx,float,0.6,0.10000002384185791,SPLIT,log_radius,0.6453791765890249,-3.7742182796289665,500000,500000,1.0,0.9999926222683073,1.0,false,false,5,5000000
libstdcxx,float,0.6,0.10000002384185791,LOG,log_radius,0.6453791765890249,-3.7742182796289665,500000,500000,1.0,0.9999926222683073,1.0,false,false,5,5000000
libstdcxx,float,0.6,0.10000002384185791,SPLIT,log_radius,1.3623124570573795,0.6453791765890249,500000,500000,1.0,0.9999926222683073,1.0,false,false,5,5000000
libstdcxx,float,0.6,0.10000002384185791,LOG,log_radius,1.3623124570573795,0.6453791765890249,500000,500000,1.0,0.9999926222683073,1.0,false,false,5,5000000
libstdcxx,float,0.6,0.10000002384185791,SPLIT,log_radius,2.06579428275083,1.3623124570573795,500000,500000,1.0,0.9999926222683073,1.0,false,false,5,5000000
libstdcxx,float,0.6,0.10000002384185791,LOG,log_radius,2.06579428275083,1.3623124570573795,500000,500000,1.0,0.9999926222683073,1.0,false,false,5,5000000
libstdcxx,float,0.6,0.10000002384185791,SPLIT,log_radius,2.8457013326633787,2.06579428275083,500000,500000,1.0,0.9999926222683073,1.0,false,false,5,5000000
libstdcxx,float,0.6,0.10000002384185791,LOG,log_radius,2.8457013326633787,2.06579428275083,500000,500000,1.0,0.9999926222683073,1.0,false,false,5,5000000
libstdcxx,float,0.6,0.10000002384185791,SPLIT,log_radius,3.758571349584143,2.8457013326633787,500000,500000,1.0,0.9999926222683073,1.0,false,false,5,5000000
libstdcxx,float,0.6,0.10000002384185791,LOG,log_radius,3.758571349584143,2.8457013326633787,500000,500000,1.0,0.9999926222683073,1.0,false,false,5,5000000
libstdcxx,float,0.6,0.10000002384185791,SPLIT,log_radius,4.872669610935164,3.758571349584143,500000,500000,1.0,0.9999926222683073,1.0,false,false,5,5000000
libstdcxx,float,0.6,0.10000002384185791,LOG,log_radius,4.872669610935164,3.758571349584143,500000,500000,1.0,0.9999926222683073,1.0,false,false,5,5000000
libstdcxx,float,0.6,0.10000002384185791,SPLIT,log_radius,6.309821203818348,4.872669610935164,500000,500000,1.0,0.9999926222683073,1.0,false,false,5,5000000
libstdcxx,float,0.6,0.10000002384185791,LOG,log_radius,6.309821203818348,4.872669610935164,500000,500000,1.0,0.9999926222683073,1.0,false,false,5,5000000
libstdcxx,float,0.6,0.10000002384185791,SPLIT,log_radius,8.336902350193263,6.309821203818348,500000,500000,1.0,0.9999926222683073,1.0,false,false,5,5000000
libstdcxx,float,0.6,0.10000002384185791,LOG,log_radius,8.336902350193263,6.309821203818348,500000,500000,1.0,0.9999926222683073,1.0,false,false,5,5000000
libstdcxx,float,0.6,0.10000002384185791,SPLIT,log_radius,11.80700704997085,8.336902350193263,500000,500000,1.0,0.9999926222683073,1.0,false,false,5,5000000
libstdcxx,float,0.6,0.10000002384185791,LOG,log_radius,11.80700704997085,8.336902350193263,500000,500000,1.0,0.9999926222683073,1.0,false,false,5,5000000
libstdcxx,float,0.6,0.10000002384185791,SPLIT,log_radius,76.25804729093275,11.80700704997085,500000,499833,0.999666,0.9996113355617747,0.9997147298962795,false,false,5,5000000
libstdcxx,float,0.6,0.10000002384185791,LOG,log_radius,76.25804729093275,11.80700704997085,500000,500000,1.0,0.9999926222683073,1.0,false,false,5,5000000
libstdcxx,float,0.75,0.25,SPLIT,target_upper_tail_q,1.0,0.5,2499700,2499700,1.0,0.9999985242722198,1.0,false,false,5,5000000
libstdcxx,float,0.75,0.25,LOG,target_upper_tail_q,1.0,0.5,2499700,2499700,1.0,0.9999985242722198,1.0,false,false,5,5000000
libstdcxx,float,0.75,0.25,QF,target_upper_tail_q,1.0,0.5,2499700,2499700,1.0,0.9999985242722198,1.0,false,false,5,5000000
libstdcxx,float,0.75,0.25,SPLIT,target_upper_tail_q,0.5,0.1,2000557,2000557,1.0,0.9999981560755065,1.0,false,false,5,5000000
libstdcxx,float,0.75,0.25,LOG,target_upper_tail_q,0.5,0.1,2000557,2000557,1.0,0.9999981560755065,1.0,false,false,5,5000000
libstdcxx,float,0.75,0.25,QF,target_upper_tail_q,0.5,0.1,2000557,2000557,1.0,0.9999981560755065,1.0,false,false,5,5000000
libstdcxx,float,0.75,0.25,SPLIT,target_upper_tail_q,0.1,0.01,449672,449672,1.0,0.9999917965443182,1.0,false,false,5,5000000
libstdcxx,float,0.75,0.25,LOG,target_upper_tail_q,0.1,0.01,449672,449672,1.0,0.9999917965443182,1.0,false,false,5,5000000
libstdcxx,float,0.75,0.25,QF,target_upper_tail_q,0.1,0.01,449672,449672,1.0,0.9999917965443182,1.0,false,false,5,5000000
libstdcxx,float,0.75,0.25,SPLIT,target_upper_tail_q,0.01,0.001,44932,44932,1.0,0.9999179042101107,1.0,false,false,5,5000000
libstdcxx,float,0.75,0.25,LOG,target_upper_tail_q,0.01,0.001,44932,44932,1.0,0.9999179042101107,1.0,false,false,5,5000000
libstdcxx,float,0.75,0.25,QF,target_upper_tail_q,0.01,0.001,44932,44932,1.0,0.9999179042101107,1.0,false,false,5,5000000
libstdcxx,float,0.75,0.25,SPLIT,target_upper_tail_q,0.001,0.0001,4659,4659,1.0,0.9992085384292099,1.0,false,false,5,5000000
libstdcxx,float,0.75,0.25,LOG,target_upper_tail_q,0.001,0.0001,4659,4659,1.0,0.9992085384292099,1.0,false,false,5,5000000
libstdcxx,float,0.75,0.25,QF,target_upper_tail_q,0.001,0.0001,4659,4659,1.0,0.9992085384292099,1.0,false,false,5,5000000
libstdcxx,float,0.75,0.25,SPLIT,target_upper_tail_q,0.0001,1e-05,425,425,1.0,0.9913578436268717,1.0,false,false,5,5000000
libstdcxx,float,0.75,0.25,LOG,target_upper_tail_q,0.0001,1e-05,425,425,1.0,0.9913578436268717,1.0,false,false,5,5000000
libstdcxx,float,0.75,0.25,QF,target_upper_tail_q,0.0001,1e-05,425,425,1.0,0.9913578436268717,1.0,false,false,5,5000000
libstdcxx,float,0.75,0.25,SPLIT,target_upper_tail_q,1e-05,0.0,55,55,1.0,0.9351292391745754,1.0,false,false,5,5000000
libstdcxx,float,0.75,0.25,LOG,target_upper_tail_q,1e-05,0.0,55,55,1.0,0.9351292391745754,1.0,false,false,5,5000000
libstdcxx,float,0.75,0.25,QF,target_upper_tail_q,1e-05,0.0,55,55,1.0,0.9351292391745754,1.0,false,false,5,5000000
libstdcxx,float,0.75,0.25,SPLIT,log_radius,0.05722990830305894,-4.0816312735561695,500000,500000,1.0,0.9999926222683073,1.0,false,false,5,5000000
libstdcxx,float,0.75,0.25,LOG,log_radius,0.05722990830305894,-4.0816312735561695,500000,500000,1.0,0.9999926222683073,1.0,false,false,5,5000000
libstdcxx,float,0.75,0.25,SPLIT,log_radius,0.5046890738364109,0.05722990830305894,500000,500000,1.0,0.9999926222683073,1.0,false,false,5,5000000
libstdcxx,float,0.75,0.25,LOG,log_radius,0.5046890738364109,0.05722990830305894,500000,500000,1.0,0.9999926222683073,1.0,false,false,5,5000000
libstdcxx,float,0.75,0.25,SPLIT,log_radius,0.8715941259609401,0.5046890738364109,500000,500000,1.0,0.9999926222683073,1.0,false,false,5,5000000
libstdcxx,float,0.75,0.25,LOG,log_radius,0.8715941259609401,0.5046890738364109,500000,500000,1.0,0.9999926222683073,1.0,false,false,5,5000000
libstdcxx,float,0.75,0.25,SPLIT,log_radius,1.2346924776510173,0.8715941259609401,500000,500000,1.0,0.9999926222683073,1.0,false,false,5,5000000
libstdcxx,float,0.75,0.25,LOG,log_radius,1.2346924776510173,0.8715941259609401,500000,500000,1.0,0.9999926222683073,1.0,false,false,5,5000000
libstdcxx,float,0.75,0.25,SPLIT,log_radius,1.6295452317827743,1.2346924776510173,500000,500000,1.0,0.9999926222683073,1.0,false,false,5,5000000
libstdcxx,float,0.75,0.25,LOG,log_radius,1.6295452317827743,1.2346924776510173,500000,500000,1.0,0.9999926222683073,1.0,false,false,5,5000000
libstdcxx,float,0.75,0.25,SPLIT,log_radius,2.091032057964304,1.6295452317827743,500000,500000,1.0,0.9999926222683073,1.0,false,false,5,5000000
libstdcxx,float,0.75,0.25,LOG,log_radius,2.091032057964304,1.6295452317827743,500000,500000,1.0,0.9999926222683073,1.0,false,false,5,5000000
libstdcxx,float,0.75,0.25,SPLIT,log_radius,2.673091188656519,2.091032057964304,500000,500000,1.0,0.9999926222683073,1.0,false,false,5,5000000
libstdcxx,float,0.75,0.25,LOG,log_radius,2.673091188656519,2.091032057964304,500000,500000,1.0,0.9999926222683073,1.0,false,false,5,5000000
libstdcxx,float,0.75,0.25,SPLIT,log_radius,3.4859239488780362,2.673091188656519,500000,500000,1.0,0.9999926222683073,1.0,false,false,5,5000000
libstdcxx,float,0.75,0.25,LOG,log_radius,3.4859239488780362,2.673091188656519,500000,500000,1.0,0.9999926222683073,1.0,false,false,5,5000000
libstdcxx,float,0.75,0.25,SPLIT,log_radius,4.873438898446884,3.4859239488780362,500000,500000,1.0,0.9999926222683073,1.0,false,false,5,5000000
libstdcxx,float,0.75,0.25,LOG,log_radius,4.873438898446884,3.4859239488780362,500000,500000,1.0,0.9999926222683073,1.0,false,false,5,5000000
libstdcxx,float,0.75,0.25,SPLIT,log_radius,30.062128502744166,4.873438898446884,500000,500000,1.0,0.9999926222683073,1.0,false,false,5,5000000
libstdcxx,float,0.75,0.25,LOG,log_radius,30.062128502744166,4.873438898446884,500000,500000,1.0,0.9999926222683073,1.0,false,false,5,5000000
