scope,tag,case,method,precision,kappa,cap,attempts_1,attempts_2,attempts_per_return,block,block_order,cap_rejects,cap_rejects_per_return,engine_calls,engine_calls_1,engine_calls_2,engine_calls_per_return,gamma_variates,gamma_variates_per_return,iqr_ratio,iqr_seconds_per_attempt,iqr_seconds_per_return,log_primitive,median_seconds_per_attempt,median_seconds_per_return,median_time_per_return_ratio,n_attempted,n_blocks,n_finite,n_returned,ratio_ci_hi,ratio_ci_lo,repeat_identical,seconds,seconds_per_attempt,seconds_per_return,total_attempts,total_returned,uniform_variates,uniform_variates_per_return
block,libcxx,B0,LOG,double,0.51,NA,NA,NA,1.0,0,1,0,NA,306612824,NA,NA,NA,19738148,NA,NA,NA,NA,LOG-PUB,NA,NA,NA,19738148,NA,19738133,19738148,NA,NA,NA,2.31662383,1.1736784170429769e-07,1.1736784170429769e-07,NA,NA,79327368,NA
block,libcxx,B0,LOG,double,0.51,NA,NA,NA,1.0,1,0,0,NA,306638324,NA,NA,NA,19738148,NA,NA,NA,NA,LOG-PUB,NA,NA,NA,19738148,NA,19738140,19738148,NA,NA,NA,2.31161087,1.1711386853518375e-07,1.1711386853518375e-07,NA,NA,79325822,NA
block,libcxx,B0,LOG,double,0.51,NA,NA,NA,1.0,2,1,0,NA,306611580,NA,NA,NA,19738148,NA,NA,NA,NA,LOG-PUB,NA,NA,NA,19738148,NA,19738131,19738148,NA,NA,NA,2.31259267,1.1716360977737121e-07,1.1716360977737121e-07,NA,NA,79325106,NA
block,libcxx,B0,LOG,double,0.51,NA,NA,NA,1.0,3,0,0,NA,306664476,NA,NA,NA,19738148,NA,NA,NA,NA,LOG-PUB,NA,NA,NA,19738148,NA,19738136,19738148,NA,NA,NA,2.30731079,1.1689601222971881e-07,1.1689601222971881e-07,NA,NA,79325898,NA
block,libcxx,B0,LOG,double,0.51,NA,NA,NA,1.0,4,1,0,NA,306623796,NA,NA,NA,19738148,NA,NA,NA,NA,LOG-PUB,NA,NA,NA,19738148,NA,19738135,19738148,NA,NA,NA,2.36102742,1.196174747499107e-07,1.196174747499107e-07,NA,NA,79326966,NA
block,libcxx,B0,LOG,double,0.51,NA,NA,NA,1.0,5,0,0,NA,306620280,NA,NA,NA,19738148,NA,NA,NA,NA,LOG-PUB,NA,NA,NA,19738148,NA,19738140,19738148,NA,NA,NA,2.3103895,1.1705198988273874e-07,1.1705198988273874e-07,NA,NA,79326994,NA
block,libcxx,B0,LOG,double,0.51,NA,NA,NA,1.0,6,1,0,NA,306673296,NA,NA,NA,19738148,NA,NA,NA,NA,LOG-PUB,NA,NA,NA,19738148,NA,19738135,19738148,NA,NA,NA,2.31628804,1.1735082946991784e-07,1.1735082946991784e-07,NA,NA,79325552,NA
block,libcxx,B0,LOG,double,0.51,NA,NA,NA,1.0,7,0,0,NA,306649740,NA,NA,NA,19738148,NA,NA,NA,NA,LOG-PUB,NA,NA,NA,19738148,NA,19738138,19738148,NA,NA,NA,2.31208442,1.1713786014777072e-07,1.1713786014777072e-07,NA,NA,79325554,NA
block,libcxx,B0,LOG,double,0.51,NA,NA,NA,1.0,8,1,0,NA,306641348,NA,NA,NA,19738148,NA,NA,NA,NA,LOG-PUB,NA,NA,NA,19738148,NA,19738133,19738148,NA,NA,NA,2.32843512,1.179662408043551e-07,1.179662408043551e-07,NA,NA,79325534,NA
block,libcxx,B0,LOG,double,0.51,NA,NA,NA,1.0,9,0,0,NA,306610304,NA,NA,NA,19738148,NA,NA,NA,NA,LOG-PUB,NA,NA,NA,19738148,NA,19738134,19738148,NA,NA,NA,2.30966754,1.1701541299619397e-07,1.1701541299619397e-07,NA,NA,79326540,NA
summary,libcxx,B0,LOG,double,0.51,NA,NA,NA,NA,NA,NA,NA,0.0,NA,NA,NA,15.535125017808156,NA,1.0,NA,2.961290998527267e-10,2.961290998527267e-10,LOG-PUB,1.1715073496257097e-07,1.1715073496257097e-07,NA,NA,10,NA,NA,NA,NA,NA,NA,NA,NA,197381480,197381480,NA,4.018924845431294
block,libcxx,B0,SPLIT,double,0.51,NA,NA,NA,1.0,0,0,0,NA,383488088,NA,NA,NA,49421958,NA,NA,NA,NA,LOG-PUB,NA,NA,NA,24710979,NA,24696423,24710979,NA,NA,NA,2.29835175,9.300933605261047e-08,9.300933605261047e-08,NA,NA,49421958,NA
block,libcxx,B0,SPLIT,double,0.51,NA,NA,NA,1.0,1,1,0,NA,383521584,NA,NA,NA,49421958,NA,NA,NA,NA,LOG-PUB,NA,NA,NA,24710979,NA,24696698,24710979,NA,NA,NA,2.295794,9.290582942909708e-08,9.290582942909708e-08,NA,NA,49421958,NA
block,libcxx,B0,SPLIT,double,0.51,NA,NA,NA,1.0,2,0,0,NA,383482840,NA,NA,NA,49421958,NA,NA,NA,NA,LOG-PUB,NA,NA,NA,24710979,NA,24696420,24710979,NA,NA,NA,2.29263654,9.277805383590833e-08,9.277805383590833e-08,NA,NA,49421958,NA
block,libcxx,B0,SPLIT,double,0.51,NA,NA,NA,1.0,3,1,0,NA,383555736,NA,NA,NA,49421958,NA,NA,NA,NA,LOG-PUB,NA,NA,NA,24710979,NA,24696564,24710979,NA,NA,NA,2.30106446,9.31191135729588e-08,9.31191135729588e-08,NA,NA,49421958,NA
block,libcxx,B0,SPLIT,double,0.51,NA,NA,NA,1.0,4,0,0,NA,383507720,NA,NA,NA,49421958,NA,NA,NA,NA,LOG-PUB,NA,NA,NA,24710979,NA,24696563,24710979,NA,NA,NA,2.29780921,9.298738062947648e-08,9.298738062947648e-08,NA,NA,49421958,NA
block,libcxx,B0,SPLIT,double,0.51,NA,NA,NA,1.0,5,1,0,NA,383501116,NA,NA,NA,49421958,NA,NA,NA,NA,LOG-PUB,NA,NA,NA,24710979,NA,24696550,24710979,NA,NA,NA,2.30176117,9.314730792333237e-08,9.314730792333237e-08,NA,NA,49421958,NA
block,libcxx,B0,SPLIT,double,0.51,NA,NA,NA,1.0,6,0,0,NA,383556584,NA,NA,NA,49421958,NA,NA,NA,NA,LOG-PUB,NA,NA,NA,24710979,NA,24696694,24710979,NA,NA,NA,2.30143521,9.313411702547278e-08,9.313411702547278e-08,NA,NA,49421958,NA
block,libcxx,B0,SPLIT,double,0.51,NA,NA,NA,1.0,7,1,0,NA,383548660,NA,NA,NA,49421958,NA,NA,NA,NA,LOG-PUB,NA,NA,NA,24710979,NA,24696547,24710979,NA,NA,NA,2.30209454,9.316079868790307e-08,9.316079868790307e-08,NA,NA,49421958,NA
block,libcxx,B0,SPLIT,double,0.51,NA,NA,NA,1.0,8,0,0,NA,383540436,NA,NA,NA,49421958,NA,NA,NA,NA,LOG-PUB,NA,NA,NA,24710979,NA,24696302,24710979,NA,NA,NA,2.30633037,9.333221358813829e-08,9.333221358813829e-08,NA,NA,49421958,NA
block,libcxx,B0,SPLIT,double,0.51,NA,NA,NA,1.0,9,1,0,NA,383478040,NA,NA,NA,49421958,NA,NA,NA,NA,LOG-PUB,NA,NA,NA,24710979,NA,24696641,24710979,NA,NA,NA,2.31015,9.348678577242934e-08,9.348678577242934e-08,NA,NA,49421958,NA
summary,libcxx,B0,SPLIT,double,0.51,NA,NA,NA,NA,NA,NA,NA,0.0,NA,NA,NA,15.52014917741624,NA,2.0,NA,1.6455651150041222e-10,1.6455651150041222e-10,LOG-PUB,9.312661529921578e-08,9.312661529921578e-08,NA,NA,10,NA,NA,NA,NA,NA,NA,NA,NA,247109790,247109790,NA,2.0
block,libcxx,B1,LOG,float,0.55,NA,NA,NA,1.0,0,1,0,NA,205014232,NA,NA,NA,26140697,NA,NA,NA,NA,LOG-PUB,NA,NA,NA,26140697,NA,26137127,26140697,NA,NA,NA,2.31173004,8.84341393039367e-08,8.84341393039367e-08,NA,NA,107025624,NA
block,libcxx,B1,LOG,float,0.55,NA,NA,NA,1.0,1,0,0,NA,205019224,NA,NA,NA,26140697,NA,NA,NA,NA,LOG-PUB,NA,NA,NA,26140697,NA,26137065,26140697,NA,NA,NA,2.3102315,8.837681336499941e-08,8.837681336499941e-08,NA,NA,107024250,NA
block,libcxx,B1,LOG,float,0.55,NA,NA,NA,1.0,2,1,0,NA,205015600,NA,NA,NA,26140697,NA,NA,NA,NA,LOG-PUB,NA,NA,NA,26140697,NA,26136969,26140697,NA,NA,NA,2.31822029,8.868242074800071e-08,8.868242074800071e-08,NA,NA,107026570,NA
block,libcxx,B1,LOG,float,0.55,NA,NA,NA,1.0,3,0,0,NA,205020758,NA,NA,NA,26140697,NA,NA,NA,NA,LOG-PUB,NA,NA,NA,26140697,NA,26137165,26140697,NA,NA,NA,2.30787704,8.828674461128563e-08,8.828674461128563e-08,NA,NA,107028056,NA
block,libcxx,B1,LOG,float,0.55,NA,NA,NA,1.0,4,1,0,NA,205020720,NA,NA,NA,26140697,NA,NA,NA,NA,LOG-PUB,NA,NA,NA,26140697,NA,26137072,26140697,NA,NA,NA,2.31189379,8.844040348273805e-08,8.844040348273805e-08,NA,NA,107026882,NA
block,libcxx,B1,LOG,float,0.55,NA,NA,NA,1.0,5,0,0,NA,205012048,NA,NA,NA,26140697,NA,NA,NA,NA,LOG-PUB,NA,NA,NA,26140697,NA,26137193,26140697,NA,NA,NA,2.31519329,8.856662429467738e-08,8.856662429467738e-08,NA,NA,107025820,NA
block,libcxx,B1,LOG,float,0.55,NA,NA,NA,1.0,6,1,0,NA,205013336,NA,NA,NA,26140697,NA,NA,NA,NA,LOG-PUB,NA,NA,NA,26140697,NA,26137061,26140697,NA,NA,NA,2.31454179,8.854170147031657e-08,8.854170147031657e-08,NA,NA,107026370,NA
block,libcxx,B1,LOG,float,0.55,NA,NA,NA,1.0,7,0,0,NA,205021838,NA,NA,NA,26140697,NA,NA,NA,NA,LOG-PUB,NA,NA,NA,26140697,NA,26137087,26140697,NA,NA,NA,2.31832346,8.868636746755451e-08,8.868636746755451e-08,NA,NA,107028704,NA
block,libcxx,B1,LOG,float,0.55,NA,NA,NA,1.0,8,1,0,NA,204994492,NA,NA,NA,26140697,NA,NA,NA,NA,LOG-PUB,NA,NA,NA,26140697,NA,26137087,26140697,NA,NA,NA,2.31392525,8.851811602422078e-08,8.851811602422078e-08,NA,NA,107025628,NA
block,libcxx,B1,LOG,float,0.55,NA,NA,NA,1.0,9,0,0,NA,204995252,NA,NA,NA,26140697,NA,NA,NA,NA,LOG-PUB,NA,NA,NA,26140697,NA,26137186,26140697,NA,NA,NA,2.31114188,8.841163952131805e-08,8.841163952131805e-08,NA,NA,107026934,NA
summary,libcxx,B1,LOG,float,0.55,NA,NA,NA,NA,NA,NA,NA,0.0,NA,NA,NA,7.842665786608521,NA,1.0,NA,1.4312912161445753e-10,1.4312912161445753e-10,LOG-PUB,8.847925975347942e-08,8.847925975347942e-08,NA,NA,10,NA,NA,NA,NA,NA,NA,NA,NA,261406970,261406970,NA,4.094247517577668
block,libcxx,B1,SPLIT,float,0.55,NA,NA,NA,1.0,0,0,0,NA,241922116,NA,NA,NA,62012022,NA,NA,NA,NA,LOG-PUB,NA,NA,NA,31006011,NA,30829810,31006011,NA,NA,NA,2.29126229,7.389735783813017e-08,7.389735783813017e-08,NA,NA,62012022,NA
block,libcxx,B1,SPLIT,float,0.55,NA,NA,NA,1.0,1,1,0,NA,241945056,NA,NA,NA,62012022,NA,NA,NA,NA,LOG-PUB,NA,NA,NA,31006011,NA,30829943,31006011,NA,NA,NA,2.28965762,7.384560432491622e-08,7.384560432491622e-08,NA,NA,62012022,NA
block,libcxx,B1,SPLIT,float,0.55,NA,NA,NA,1.0,2,0,0,NA,241940668,NA,NA,NA,62012022,NA,NA,NA,NA,LOG-PUB,NA,NA,NA,31006011,NA,30829963,31006011,NA,NA,NA,2.28537987,7.37076391413265e-08,7.37076391413265e-08,NA,NA,62012022,NA
block,libcxx,B1,SPLIT,float,0.55,NA,NA,NA,1.0,3,1,0,NA,241943878,NA,NA,NA,62012022,NA,NA,NA,NA,LOG-PUB,NA,NA,NA,31006011,NA,30829720,31006011,NA,NA,NA,2.28951971,7.384115647769073e-08,7.384115647769073e-08,NA,NA,62012022,NA
block,libcxx,B1,SPLIT,float,0.55,NA,NA,NA,1.0,4,0,0,NA,241939820,NA,NA,NA,62012022,NA,NA,NA,NA,LOG-PUB,NA,NA,NA,31006011,NA,30830225,31006011,NA,NA,NA,2.29109237,7.38918776104414e-08,7.38918776104414e-08,NA,NA,62012022,NA
block,libcxx,B1,SPLIT,float,0.55,NA,NA,NA,1.0,5,1,0,NA,241950222,NA,NA,NA,62012022,NA,NA,NA,NA,LOG-PUB,NA,NA,NA,31006011,NA,30829872,31006011,NA,NA,NA,2.29492321,7.401542913727277e-08,7.401542913727277e-08,NA,NA,62012022,NA
block,libcxx,B1,SPLIT,float,0.55,NA,NA,NA,1.0,6,0,0,NA,241940172,NA,NA,NA,62012022,NA,NA,NA,NA,LOG-PUB,NA,NA,NA,31006011,NA,30830355,31006011,NA,NA,NA,2.28963392,7.38448399570006e-08,7.38448399570006e-08,NA,NA,62012022,NA
block,libcxx,B1,SPLIT,float,0.55,NA,NA,NA,1.0,7,1,0,NA,241940712,NA,NA,NA,62012022,NA,NA,NA,NA,LOG-PUB,NA,NA,NA,31006011,NA,30830041,31006011,NA,NA,NA,2.28514283,7.369999417209778e-08,7.369999417209778e-08,NA,NA,62012022,NA
block,libcxx,B1,SPLIT,float,0.55,NA,NA,NA,1.0,8,0,0,NA,241927906,NA,NA,NA,62012022,NA,NA,NA,NA,LOG-PUB,NA,NA,NA,31006011,NA,30830245,31006011,NA,NA,NA,2.28852937,7.380921621939694e-08,7.380921621939694e-08,NA,NA,62012022,NA
block,libcxx,B1,SPLIT,float,0.55,NA,NA,NA,1.0,9,1,0,NA,241904498,NA,NA,NA,62012022,NA,NA,NA,NA,LOG-PUB,NA,NA,NA,31006011,NA,30830279,31006011,NA,NA,NA,2.28868687,7.381429587959573e-08,7.381429587959573e-08,NA,NA,62012022,NA
summary,libcxx,B1,SPLIT,float,0.55,NA,NA,NA,NA,NA,NA,NA,0.0,NA,NA,NA,7.802858123220043,NA,2.0,NA,6.982315461346984e-11,6.982315461346984e-11,LOG-PUB,7.384299821734566e-08,7.384299821734566e-08,NA,NA,10,NA,NA,NA,NA,NA,NA,NA,NA,310060110,310060110,NA,2.0
block,libcxx,B2,LOG,double,0.75,NA,NA,NA,1.0,0,1,0,NA,283017108,NA,NA,NA,17203899,NA,NA,NA,NA,LOG-PUB,NA,NA,NA,17203899,NA,17203899,17203899,NA,NA,NA,2.33084275,1.354834011755126e-07,1.354834011755126e-07,NA,NA,77022200,NA
block,libcxx,B2,LOG,double,0.75,NA,NA,NA,1.0,1,0,0,NA,283031696,NA,NA,NA,17203899,NA,NA,NA,NA,LOG-PUB,NA,NA,NA,17203899,NA,17203899,17203899,NA,NA,NA,2.30312058,1.3387201238509944e-07,1.3387201238509944e-07,NA,NA,77019520,NA
block,libcxx,B2,LOG,double,0.75,NA,NA,NA,1.0,2,1,0,NA,283028868,NA,NA,NA,17203899,NA,NA,NA,NA,LOG-PUB,NA,NA,NA,17203899,NA,17203899,17203899,NA,NA,NA,2.30004546,1.3369326685770476e-07,1.3369326685770476e-07,NA,NA,77026214,NA
block,libcxx,B2,LOG,double,0.75,NA,NA,NA,1.0,3,0,0,NA,283044364,NA,NA,NA,17203899,NA,NA,NA,NA,LOG-PUB,NA,NA,NA,17203899,NA,17203899,17203899,NA,NA,NA,2.29736808,1.335376405081197e-07,1.335376405081197e-07,NA,NA,77019166,NA
block,libcxx,B2,LOG,double,0.75,NA,NA,NA,1.0,4,1,0,NA,283019444,NA,NA,NA,17203899,NA,NA,NA,NA,LOG-PUB,NA,NA,NA,17203899,NA,17203899,17203899,NA,NA,NA,2.30011779,1.336974711372114e-07,1.336974711372114e-07,NA,NA,77023742,NA
block,libcxx,B2,LOG,double,0.75,NA,NA,NA,1.0,5,0,0,NA,283038472,NA,NA,NA,17203899,NA,NA,NA,NA,LOG-PUB,NA,NA,NA,17203899,NA,17203899,17203899,NA,NA,NA,2.30446267,1.339500231895107e-07,1.339500231895107e-07,NA,NA,77031566,NA
block,libcxx,B2,LOG,double,0.75,NA,NA,NA,1.0,6,1,0,NA,283067588,NA,NA,NA,17203899,NA,NA,NA,NA,LOG-PUB,NA,NA,NA,17203899,NA,17203899,17203899,NA,NA,NA,2.33895733,1.3595507216125832e-07,1.3595507216125832e-07,NA,NA,77022286,NA
block,libcxx,B2,LOG,double,0.75,NA,NA,NA,1.0,7,0,0,NA,283029048,NA,NA,NA,17203899,NA,NA,NA,NA,LOG-PUB,NA,NA,NA,17203899,NA,17203899,17203899,NA,NA,NA,2.30154446,1.337803982690203e-07,1.337803982690203e-07,NA,NA,77025108,NA
block,libcxx,B2,LOG,double,0.75,NA,NA,NA,1.0,8,1,0,NA,283054124,NA,NA,NA,17203899,NA,NA,NA,NA,LOG-PUB,NA,NA,NA,17203899,NA,17203899,17203899,NA,NA,NA,2.30195008,1.3380397548253451e-07,1.3380397548253451e-07,NA,NA,77023960,NA
block,libcxx,B2,LOG,double,0.75,NA,NA,NA,1.0,9,0,0,NA,283019532,NA,NA,NA,17203899,NA,NA,NA,NA,LOG-PUB,NA,NA,NA,17203899,NA,17203899,17203899,NA,NA,NA,2.29143187,1.331925902378292e-07,1.331925902378292e-07,NA,NA,77028606,NA
summary,libcxx,B2,LOG,double,0.75,NA,NA,NA,NA,NA,NA,NA,0.0,NA,NA,NA,16.45179528198811,NA,1.0,NA,2.362025608264646e-10,2.362025608264646e-10,LOG-PUB,1.337921868757774e-07,1.337921868757774e-07,NA,NA,10,NA,NA,NA,NA,NA,NA,NA,NA,172038990,172038990,NA,4.477138397522562
block,libcxx,B2,SPLIT,double,0.75,NA,NA,NA,1.0,0,0,0,NA,358064784,NA,NA,NA,45013090,NA,NA,NA,NA,LOG-PUB,NA,NA,NA,22506545,NA,22506545,22506545,NA,NA,NA,2.26584171,1.0067479082195868e-07,1.0067479082195868e-07,NA,NA,45013090,NA
block,libcxx,B2,SPLIT,double,0.75,NA,NA,NA,1.0,1,1,0,NA,358096008,NA,NA,NA,45013090,NA,NA,NA,NA,LOG-PUB,NA,NA,NA,22506545,NA,22506545,22506545,NA,NA,NA,2.26254775,1.0052843517296858e-07,1.0052843517296858e-07,NA,NA,45013090,NA
block,libcxx,B2,SPLIT,double,0.75,NA,NA,NA,1.0,2,0,0,NA,358038388,NA,NA,NA,45013090,NA,NA,NA,NA,LOG-PUB,NA,NA,NA,22506545,NA,22506545,22506545,NA,NA,NA,2.26959762,1.0084167161152455e-07,1.0084167161152455e-07,NA,NA,45013090,NA
block,libcxx,B2,SPLIT,double,0.75,NA,NA,NA,1.0,3,1,0,NA,358119972,NA,NA,NA,45013090,NA,NA,NA,NA,LOG-PUB,NA,NA,NA,22506545,NA,22506545,22506545,NA,NA,NA,2.26379383,1.0058380040117219e-07,1.0058380040117219e-07,NA,NA,45013090,NA
block,libcxx,B2,SPLIT,double,0.75,NA,NA,NA,1.0,4,0,0,NA,358079732,NA,NA,NA,45013090,NA,NA,NA,NA,LOG-PUB,NA,NA,NA,22506545,NA,22506545,22506545,NA,NA,NA,2.27451246,1.010600454223427e-07,1.010600454223427e-07,NA,NA,45013090,NA
block,libcxx,B2,SPLIT,double,0.75,NA,NA,NA,1.0,5,1,0,NA,358045772,NA,NA,NA,45013090,NA,NA,NA,NA,LOG-PUB,NA,NA,NA,22506545,NA,22506545,22506545,NA,NA,NA,2.26286129,1.005423662316895e-07,1.005423662316895e-07,NA,NA,45013090,NA
block,libcxx,B2,SPLIT,double,0.75,NA,NA,NA,1.0,6,0,0,NA,358135604,NA,NA,NA,45013090,NA,NA,NA,NA,LOG-PUB,NA,NA,NA,22506545,NA,22506545,22506545,NA,NA,NA,2.27038708,1.0087674851915297e-07,1.0087674851915297e-07,NA,NA,45013090,NA
block,libcxx,B2,SPLIT,double,0.75,NA,NA,NA,1.0,7,1,0,NA,358119780,NA,NA,NA,45013090,NA,NA,NA,NA,LOG-PUB,NA,NA,NA,22506545,NA,22506545,22506545,NA,NA,NA,2.26565775,1.006666171995746e-07,1.006666171995746e-07,NA,NA,45013090,NA
block,libcxx,B2,SPLIT,double,0.75,NA,NA,NA,1.0,8,0,0,NA,358104408,NA,NA,NA,45013090,NA,NA,NA,NA,LOG-PUB,NA,NA,NA,22506545,NA,22506545,22506545,NA,NA,NA,2.26138042,1.0047656892694993e-07,1.0047656892694993e-07,NA,NA,45013090,NA
block,libcxx,B2,SPLIT,double,0.75,NA,NA,NA,1.0,9,1,0,NA,358049152,NA,NA,NA,45013090,NA,NA,NA,NA,LOG-PUB,NA,NA,NA,22506545,NA,22506545,22506545,NA,NA,NA,2.27073562,1.0089223468106722e-07,1.0089223468106722e-07,NA,NA,45013090,NA
summary,libcxx,B2,SPLIT,double,0.75,NA,NA,NA,NA,NA,NA,NA,0.0,NA,NA,NA,15.910276766158466,NA,2.0,NA,3.152545181856881e-10,3.152545181856881e-10,LOG-PUB,1.0067070401076664e-07,1.0067070401076664e-07,NA,NA,10,NA,NA,NA,NA,NA,NA,NA,NA,225065450,225065450,NA,2.0
block,libcxx,B3,LOG,double,0.51,5,NA,NA,27.652764669772925,0,1,19711905,NA,317693764,NA,NA,NA,20451487,NA,NA,NA,NA,LOG-PUB,NA,NA,NA,20451487,NA,739582,739582,NA,NA,NA,2.32056621,1.1346686967065035e-07,3.1376726448182892e-06,NA,NA,82194286,NA
block,libcxx,B3,LOG,double,0.51,5,NA,NA,27.60125314028735,1,0,19673808,NA,317136000,NA,NA,NA,20413390,NA,NA,NA,NA,LOG-PUB,NA,NA,NA,20413390,NA,739582,739582,NA,NA,NA,2.28117371,1.1174889178132588e-07,3.0844094502029523e-06,NA,NA,82039440,NA
block,libcxx,B3,LOG,double,0.51,5,NA,NA,27.610774734917833,2,1,19680850,NA,317213084,NA,NA,NA,20420432,NA,NA,NA,NA,LOG-PUB,NA,NA,NA,20420432,NA,739582,739582,NA,NA,NA,2.28002167,1.1165393905476632e-07,3.0828517595073975e-06,NA,NA,82067244,NA
block,libcxx,B3,LOG,double,0.51,5,NA,NA,27.618581847584174,3,0,19686624,NA,317358092,NA,NA,NA,20426206,NA,NA,NA,NA,LOG-PUB,NA,NA,NA,20426206,NA,739582,739582,NA,NA,NA,2.31076071,1.1312725965849947e-07,3.124414480071175e-06,NA,NA,82091174,NA
block,libcxx,B3,LOG,double,0.51,5,NA,NA,27.622735545213377,4,1,19689696,NA,317354176,NA,NA,NA,20429278,NA,NA,NA,NA,LOG-PUB,NA,NA,NA,20429278,NA,739582,739582,NA,NA,NA,2.27596258,1.1140690238783769e-07,3.077363402570641e-06,NA,NA,82104464,NA
block,libcxx,B3,LOG,double,0.51,5,NA,NA,27.66520818516405,5,0,19721108,NA,317851864,NA,NA,NA,20460690,NA,NA,NA,NA,LOG-PUB,NA,NA,NA,20460690,NA,739582,739582,NA,NA,NA,2.28593192,1.1172311002219377e-07,3.0908430978579792e-06,NA,NA,82230784,NA
block,libcxx,B3,LOG,double,0.51,5,NA,NA,27.651093455492425,6,1,19710669,NA,317739272,NA,NA,NA,20450251,NA,NA,NA,NA,LOG-PUB,NA,NA,NA,20450251,NA,739582,739582,NA,NA,NA,2.29803008,1.1237172981397638e-07,3.1072012028416056e-06,NA,NA,82187330,NA
block,libcxx,B3,LOG,double,0.51,5,NA,NA,27.584321954833946,7,0,19661286,NA,316946592,NA,NA,NA,20400868,NA,NA,NA,NA,LOG-PUB,NA,NA,NA,20400868,NA,739582,739582,NA,NA,NA,2.28538562,1.1202394035391043e-07,3.09010443737138e-06,NA,NA,81988856,NA
block,libcxx,B3,LOG,double,0.51,5,NA,NA,27.63916780018984,8,1,19701849,NA,317564320,NA,NA,NA,20441431,NA,NA,NA,NA,LOG-PUB,NA,NA,NA,20441431,NA,739582,739582,NA,NA,NA,2.30454846,1.1273909639692054e-07,3.1160148029562642e-06,NA,NA,82151766,NA
block,libcxx,B3,LOG,double,0.51,5,NA,NA,27.61451468532225,9,0,19683616,NA,317250536,NA,NA,NA,20423198,NA,NA,NA,NA,LOG-PUB,NA,NA,NA,20423198,NA,739582,739582,NA,NA,NA,2.28388425,1.1182794437971956e-07,3.0880744123031654e-06,NA,NA,82079580,NA
summary,libcxx,B3,LOG,double,0.51,5,NA,NA,NA,NA,NA,NA,26.626041601877816,NA,NA,NA,429.17589935936786,NA,27.626041601877816,NA,9.176992892077022e-10,2.848571219959407e-08,LOG-PUB,1.11925942366815e-07,3.0904737676146797e-06,NA,NA,10,NA,NA,NA,NA,NA,NA,NA,NA,204317231,7395820,NA,111.026894110457
block,libcxx,B3,SPLIT,double,0.51,5,NA,NA,27.602327549296913,0,0,23672427,NA,381181432,NA,NA,NA,49124580,NA,NA,NA,NA,LOG-PUB,NA,NA,NA,24562290,NA,889863,889863,NA,NA,NA,2.30461833,9.382750264735088e-08,2.589857461204702e-06,NA,NA,49124580,NA
block,libcxx,B3,SPLIT,double,0.51,5,NA,NA,27.574913216978345,1,1,23648032,NA,380835284,NA,NA,NA,49075790,NA,NA,NA,NA,LOG-PUB,NA,NA,NA,24537895,NA,889863,889863,NA,NA,NA,2.2925325,9.342824639195824e-08,2.5762757862727186e-06,NA,NA,49075790,NA
block,libcxx,B3,SPLIT,double,0.51,5,NA,NA,27.61203241397833,2,0,23681063,NA,381309980,NA,NA,NA,49141852,NA,NA,NA,NA,LOG-PUB,NA,NA,NA,24570926,NA,889863,889863,NA,NA,NA,2.29928979,9.357766125704827e-08,2.583869415853901e-06,NA,NA,49141852,NA
block,libcxx,B3,SPLIT,double,0.51,5,NA,NA,27.587981520750947,3,1,23659661,NA,381048260,NA,NA,NA,49099048,NA,NA,NA,NA,LOG-PUB,NA,NA,NA,24549524,NA,889863,889863,NA,NA,NA,2.30030908,9.370076095976443e-08,2.585014861838283e-06,NA,NA,49099048,NA
block,libcxx,B3,SPLIT,double,0.51,5,NA,NA,27.6061730850704,4,0,23675849,NA,381252184,NA,NA,NA,49131424,NA,NA,NA,NA,LOG-PUB,NA,NA,NA,24565712,NA,889863,889863,NA,NA,NA,2.30699825,9.391131223878225e-08,2.592531940309913e-06,NA,NA,49131424,NA
block,libcxx,B3,SPLIT,double,0.51,5,NA,NA,27.637990342333595,5,1,23704162,NA,381687976,NA,NA,NA,49188050,NA,NA,NA,NA,LOG-PUB,NA,NA,NA,24594025,NA,889863,889863,NA,NA,NA,2.30786883,9.383859819610657e-08,2.593510270682116e-06,NA,NA,49188050,NA
block,libcxx,B3,SPLIT,double,0.51,5,NA,NA,27.636012509790834,6,0,23702402,NA,381714316,NA,NA,NA,49184530,NA,NA,NA,NA,LOG-PUB,NA,NA,NA,24592265,NA,889863,889863,NA,NA,NA,2.30293613,9.3644734635057e-08,2.587967057850478e-06,NA,NA,49184530,NA
block,libcxx,B3,SPLIT,double,0.51,5,NA,NA,27.614438402315862,7,1,23683204,NA,381405948,NA,NA,NA,49146134,NA,NA,NA,NA,LOG-PUB,NA,NA,NA,24573067,NA,889863,889863,NA,NA,NA,2.30073742,9.362841927708901e-08,2.585496216833378e-06,NA,NA,49146134,NA
block,libcxx,B3,SPLIT,double,0.51,5,NA,NA,27.625645745468685,8,0,23693177,NA,381556272,NA,NA,NA,49166080,NA,NA,NA,NA,LOG-PUB,NA,NA,NA,24583040,NA,889863,889863,NA,NA,NA,2.29934283,9.353370575811616e-08,2.5839290205346215e-06,NA,NA,49166080,NA
block,libcxx,B3,SPLIT,double,0.51,5,NA,NA,27.60246352528423,9,1,23672548,NA,381174816,NA,NA,NA,49124822,NA,NA,NA,NA,LOG-PUB,NA,NA,NA,24562411,NA,889863,889863,NA,NA,NA,2.30869246,9.3992908920871e-08,2.5944358401237046e-06,NA,NA,49124822,NA
summary,libcxx,B3,SPLIT,double,0.51,5,NA,NA,NA,NA,NA,NA,26.609997831126815,NA,NA,NA,428.5116324647727,NA,55.21999566225363,NA,2.454735468591831e-10,7.662839673073058e-09,LOG-PUB,9.367274779741072e-08,2.586731637341928e-06,NA,NA,10,NA,NA,NA,NA,NA,NA,NA,NA,245691155,8898630,NA,55.21999566225363
block,libcxx,B4,LOG,double,0.51,20,NA,NA,16.06632600895285,0,1,18861413,NA,312440352,NA,NA,NA,20113305,NA,NA,NA,NA,LOG-PUB,NA,NA,NA,20113305,NA,1251892,1251892,NA,NA,NA,2.31477642,1.1508682536261444e-07,1.8490224556111868e-06,NA,NA,80834996,NA
block,libcxx,B4,LOG,double,0.51,20,NA,NA,16.023235231154125,1,0,18807468,NA,311632948,NA,NA,NA,20059360,NA,NA,NA,NA,LOG-PUB,NA,NA,NA,20059360,NA,1251892,1251892,NA,NA,NA,2.27909658,1.1361761192779829e-07,1.8205217223210947e-06,NA,NA,80616518,NA
block,libcxx,B4,LOG,double,0.51,20,NA,NA,16.054666057455435,2,1,18846816,NA,312214208,NA,NA,NA,20098708,NA,NA,NA,NA,LOG-PUB,NA,NA,NA,20098708,NA,1251892,1251892,NA,NA,NA,2.28796254,1.1383629932829513e-07,1.8276037709323169e-06,NA,NA,80774258,NA
block,libcxx,B4,LOG,double,0.51,20,NA,NA,16.009432123537813,3,0,18790188,NA,311383472,NA,NA,NA,20042080,NA,NA,NA,NA,LOG-PUB,NA,NA,NA,20042080,NA,1251892,1251892,NA,NA,NA,2.26691262,1.131076524991418e-07,1.8107892853377128e-06,NA,NA,80547424,NA
block,libcxx,B4,LOG,double,0.51,20,NA,NA,16.021398011969083,4,1,18805168,NA,311577340,NA,NA,NA,20057060,NA,NA,NA,NA,LOG-PUB,NA,NA,NA,20057060,NA,1251892,1251892,NA,NA,NA,2.29648108,1.1449739293794803e-07,1.8344083035916835e-06,NA,NA,80608628,NA
block,libcxx,B4,LOG,double,0.51,20,NA,NA,16.051812776181972,5,0,18843244,NA,312169544,NA,NA,NA,20095136,NA,NA,NA,NA,LOG-PUB,NA,NA,NA,20095136,NA,1251892,1251892,NA,NA,NA,2.31639429,1.1527139154470016e-07,1.8503147955254925e-06,NA,NA,80761652,NA
block,libcxx,B4,LOG,double,0.51,20,NA,NA,16.050310250404987,6,1,18841363,NA,312193796,NA,NA,NA,20093255,NA,NA,NA,NA,LOG-PUB,NA,NA,NA,20093255,NA,1251892,1251892,NA,NA,NA,2.27389642,1.1316715086729352e-07,1.8163678815744488e-06,NA,NA,80752718,NA
block,libcxx,B4,LOG,double,0.51,20,NA,NA,16.024310403772848,7,0,18808814,NA,311662780,NA,NA,NA,20060706,NA,NA,NA,NA,LOG-PUB,NA,NA,NA,20060706,NA,1251892,1251892,NA,NA,NA,2.27690508,1.1350074518813047e-07,1.8187711719541303e-06,NA,NA,80621822,NA
block,libcxx,B4,LOG,double,0.51,20,NA,NA,16.04032536352976,8,1,18828863,NA,311962132,NA,NA,NA,20080755,NA,NA,NA,NA,LOG-PUB,NA,NA,NA,20080755,NA,1251892,1251892,NA,NA,NA,2.2799205,1.1353758860162378e-07,1.8211798621606335e-06,NA,NA,80702308,NA
block,libcxx,B4,LOG,double,0.51,20,NA,NA,16.037436136663548,9,0,18825246,NA,311873696,NA,NA,NA,20077138,NA,NA,NA,NA,LOG-PUB,NA,NA,NA,20077138,NA,1251892,1251892,NA,NA,NA,2.27424008,1.1327511321583785e-07,1.8166423940723323e-06,NA,NA,80688912,NA
summary,libcxx,B4,LOG,double,0.51,20,NA,NA,NA,NA,NA,NA,15.037925236362241,NA,NA,NA,249.1517054186783,NA,16.03792523636224,NA,1.0005983266238001e-09,1.553258188406017e-08,LOG-PUB,1.1357760026471104e-07,1.820850792240864e-06,NA,NA,10,NA,NA,NA,NA,NA,NA,NA,NA,200777503,12518920,NA,64.45517952027811
block,libcxx,B4,SPLIT,double,0.51,20,NA,NA,16.03835626654246,0,0,22988263,NA,380475820,NA,NA,NA,49033810,NA,NA,NA,NA,LOG-PUB,NA,NA,NA,24516905,NA,1528642,1528642,NA,NA,NA,2.31584271,9.445901552418627e-08,1.5149673435637645e-06,NA,NA,49033810,NA
block,libcxx,B4,SPLIT,double,0.51,20,NA,NA,16.01650877052966,1,1,22954866,NA,379991852,NA,NA,NA,48967016,NA,NA,NA,NA,LOG-PUB,NA,NA,NA,24483508,NA,1528642,1528642,NA,NA,NA,2.32509117,9.496560582740022e-08,1.5210174586332183e-06,NA,NA,48967016,NA
block,libcxx,B4,SPLIT,double,0.51,20,NA,NA,16.044474114933386,2,0,22997615,NA,380617752,NA,NA,NA,49052514,NA,NA,NA,NA,LOG-PUB,NA,NA,NA,24526257,NA,1528642,1528642,NA,NA,NA,2.31934862,9.456594294025378e-08,1.5172608236591694e-06,NA,NA,49052514,NA
block,libcxx,B4,SPLIT,double,0.51,20,NA,NA,16.011449377944608,3,1,22947132,NA,379903564,NA,NA,NA,48951548,NA,NA,NA,NA,LOG-PUB,NA,NA,NA,24475774,NA,1528642,1528642,NA,NA,NA,2.31323021,9.451101362514623e-08,1.513258310317262e-06,NA,NA,48951548,NA
block,libcxx,B4,SPLIT,double,0.51,20,NA,NA,16.0250693098842,4,0,22967952,NA,380181028,NA,NA,NA,48993188,NA,NA,NA,NA,LOG-PUB,NA,NA,NA,24496594,NA,1528642,1528642,NA,NA,NA,2.31227158,9.439155418912522e-08,1.512631198148422e-06,NA,NA,48993188,NA
block,libcxx,B4,SPLIT,double,0.51,20,NA,NA,16.044060676077198,5,1,22996983,NA,380628912,NA,NA,NA,49051250,NA,NA,NA,NA,LOG-PUB,NA,NA,NA,24525625,NA,1528642,1528642,NA,NA,NA,2.32909929,9.496595051094517e-08,1.5236394721589489e-06,NA,NA,49051250,NA
block,libcxx,B4,SPLIT,double,0.51,20,NA,NA,16.039615554197777,6,0,22990188,NA,380576828,NA,NA,NA,49037660,NA,NA,NA,NA,LOG-PUB,NA,NA,NA,24518830,NA,1528642,1528642,NA,NA,NA,2.31763471,9.45246861289874e-08,1.5161396258901692e-06,NA,NA,49037660,NA
block,libcxx,B4,SPLIT,double,0.51,20,NA,NA,16.02951966516686,7,1,22974755,NA,380325712,NA,NA,NA,49006794,NA,NA,NA,NA,LOG-PUB,NA,NA,NA,24503397,NA,1528642,1528642,NA,NA,NA,2.30727342,9.416136954398609e-08,1.5093615248043688e-06,NA,NA,49006794,NA
block,libcxx,B4,SPLIT,double,0.51,20,NA,NA,16.039596583111024,8,0,22990159,NA,380559596,NA,NA,NA,49037602,NA,NA,NA,NA,LOG-PUB,NA,NA,NA,24518801,NA,1528642,1528642,NA,NA,NA,2.31885487,9.457456219005163e-08,1.516937824552773e-06,NA,NA,49037602,NA
block,libcxx,B4,SPLIT,double,0.51,20,NA,NA,16.03244055835179,9,1,22979220,NA,380327944,NA,NA,NA,49015724,NA,NA,NA,NA,LOG-PUB,NA,NA,NA,24507862,NA,1528642,1528642,NA,NA,NA,2.33403479,9.52361650314499e-08,1.5268681548721022e-06,NA,NA,49015724,NA
summary,libcxx,B4,SPLIT,double,0.51,20,NA,NA,NA,NA,NA,NA,15.032109087673897,NA,NA,NA,248.82143811304414,NA,32.06421817534779,NA,3.958298686368013e-10,6.392731260818438e-09,LOG-PUB,9.45453145346206e-08,1.5165387252214711e-06,NA,NA,10,NA,NA,NA,NA,NA,NA,NA,NA,245073553,15286420,NA,32.06421817534779
block,libstdcxx,B0,LOG,double,0.51,NA,NA,NA,1.0,0,1,0,NA,361596838,NA,NA,NA,28454782,NA,NA,NA,NA,LOG-PUB,NA,NA,NA,28454782,NA,28454772,28454782,NA,NA,NA,2.316349,8.140455969755804e-08,8.140455969755804e-08,NA,NA,114356284,NA
block,libstdcxx,B0,LOG,double,0.51,NA,NA,NA,1.0,1,0,0,NA,361622176,NA,NA,NA,28454782,NA,NA,NA,NA,LOG-PUB,NA,NA,NA,28454782,NA,28454761,28454782,NA,NA,NA,2.311088,8.121966986076364e-08,8.121966986076364e-08,NA,NA,114355110,NA
block,libstdcxx,B0,LOG,double,0.51,NA,NA,NA,1.0,2,1,0,NA,361601300,NA,NA,NA,28454782,NA,NA,NA,NA,LOG-PUB,NA,NA,NA,28454782,NA,28454755,28454782,NA,NA,NA,2.341048,8.227256845615615e-08,8.227256845615615e-08,NA,NA,114358106,NA
block,libstdcxx,B0,LOG,double,0.51,NA,NA,NA,1.0,3,0,0,NA,361609792,NA,NA,NA,28454782,NA,NA,NA,NA,LOG-PUB,NA,NA,NA,28454782,NA,28454766,28454782,NA,NA,NA,2.330894,8.191572158240396e-08,8.191572158240396e-08,NA,NA,114356130,NA
block,libstdcxx,B0,LOG,double,0.51,NA,NA,NA,1.0,4,1,0,NA,361644228,NA,NA,NA,28454782,NA,NA,NA,NA,LOG-PUB,NA,NA,NA,28454782,NA,28454763,28454782,NA,NA,NA,2.335518,8.207822502382903e-08,8.207822502382903e-08,NA,NA,114358194,NA
block,libstdcxx,B0,LOG,double,0.51,NA,NA,NA,1.0,5,0,0,NA,361613388,NA,NA,NA,28454782,NA,NA,NA,NA,LOG-PUB,NA,NA,NA,28454782,NA,28454754,28454782,NA,NA,NA,2.333743,8.201584535070415e-08,8.201584535070415e-08,NA,NA,114357004,NA
block,libstdcxx,B0,LOG,double,0.51,NA,NA,NA,1.0,6,1,0,NA,361618524,NA,NA,NA,28454782,NA,NA,NA,NA,LOG-PUB,NA,NA,NA,28454782,NA,28454764,28454782,NA,NA,NA,2.363236,8.305233194195619e-08,8.305233194195619e-08,NA,NA,114356420,NA
block,libstdcxx,B0,LOG,double,0.51,NA,NA,NA,1.0,7,0,0,NA,361613862,NA,NA,NA,28454782,NA,NA,NA,NA,LOG-PUB,NA,NA,NA,28454782,NA,28454758,28454782,NA,NA,NA,2.357517,8.285134639232168e-08,8.285134639232168e-08,NA,NA,114356848,NA
block,libstdcxx,B0,LOG,double,0.51,NA,NA,NA,1.0,8,1,0,NA,361599372,NA,NA,NA,28454782,NA,NA,NA,NA,LOG-PUB,NA,NA,NA,28454782,NA,28454762,28454782,NA,NA,NA,2.343114,8.234517488132575e-08,8.234517488132575e-08,NA,NA,114356408,NA
block,libstdcxx,B0,LOG,double,0.51,NA,NA,NA,1.0,9,0,0,NA,361617064,NA,NA,NA,28454782,NA,NA,NA,NA,LOG-PUB,NA,NA,NA,28454782,NA,28454759,28454782,NA,NA,NA,2.337922,8.216270994450071e-08,8.216270994450071e-08,NA,NA,114355924,NA
summary,libstdcxx,B0,LOG,double,0.51,NA,NA,NA,NA,NA,NA,NA,0.0,NA,NA,NA,12.708361441672617,NA,1.0,NA,3.8627075055433383e-10,3.8627075055433383e-10,LOG-PUB,8.212046748416488e-08,8.212046748416488e-08,NA,NA,10,NA,NA,NA,NA,NA,NA,NA,NA,284547820,284547820,NA,4.018890139450023
block,libstdcxx,B0,SPLIT,double,0.51,NA,NA,NA,1.0,0,0,0,NA,492539746,NA,NA,NA,63844554,NA,NA,NA,NA,LOG-PUB,NA,NA,NA,31922277,NA,31903612,31922277,NA,NA,NA,2.29928,7.202744340574452e-08,7.202744340574452e-08,NA,NA,63844554,NA
block,libstdcxx,B0,SPLIT,double,0.51,NA,NA,NA,1.0,1,1,0,NA,492567024,NA,NA,NA,63844554,NA,NA,NA,NA,LOG-PUB,NA,NA,NA,31922277,NA,31903713,31922277,NA,NA,NA,2.315909,7.254836489264221e-08,7.254836489264221e-08,NA,NA,63844554,NA
block,libstdcxx,B0,SPLIT,double,0.51,NA,NA,NA,1.0,2,0,0,NA,492562266,NA,NA,NA,63844554,NA,NA,NA,NA,LOG-PUB,NA,NA,NA,31922277,NA,31903536,31922277,NA,NA,NA,2.294275,7.187065634447066e-08,7.187065634447066e-08,NA,NA,63844554,NA
block,libstdcxx,B0,SPLIT,double,0.51,NA,NA,NA,1.0,3,1,0,NA,492576642,NA,NA,NA,63844554,NA,NA,NA,NA,LOG-PUB,NA,NA,NA,31922277,NA,31903762,31922277,NA,NA,NA,2.298936,7.201666723210252e-08,7.201666723210252e-08,NA,NA,63844554,NA
block,libstdcxx,B0,SPLIT,double,0.51,NA,NA,NA,1.0,4,0,0,NA,492547172,NA,NA,NA,63844554,NA,NA,NA,NA,LOG-PUB,NA,NA,NA,31922277,NA,31903789,31922277,NA,NA,NA,2.292672,7.182044062834239e-08,7.182044062834239e-08,NA,NA,63844554,NA
block,libstdcxx,B0,SPLIT,double,0.51,NA,NA,NA,1.0,5,1,0,NA,492595442,NA,NA,NA,63844554,NA,NA,NA,NA,LOG-PUB,NA,NA,NA,31922277,NA,31903791,31922277,NA,NA,NA,2.295556,7.191078506085265e-08,7.191078506085265e-08,NA,NA,63844554,NA
block,libstdcxx,B0,SPLIT,double,0.51,NA,NA,NA,1.0,6,0,0,NA,492583438,NA,NA,NA,63844554,NA,NA,NA,NA,LOG-PUB,NA,NA,NA,31922277,NA,31903534,31922277,NA,NA,NA,2.299156,7.202355897105961e-08,7.202355897105961e-08,NA,NA,63844554,NA
block,libstdcxx,B0,SPLIT,double,0.51,NA,NA,NA,1.0,7,1,0,NA,492545156,NA,NA,NA,63844554,NA,NA,NA,NA,LOG-PUB,NA,NA,NA,31922277,NA,31903655,31922277,NA,NA,NA,2.296229,7.19318675168441e-08,7.19318675168441e-08,NA,NA,63844554,NA
block,libstdcxx,B0,SPLIT,double,0.51,NA,NA,NA,1.0,8,0,0,NA,492575474,NA,NA,NA,63844554,NA,NA,NA,NA,LOG-PUB,NA,NA,NA,31922277,NA,31903744,31922277,NA,NA,NA,2.304719,7.219782598841555e-08,7.219782598841555e-08,NA,NA,63844554,NA
block,libstdcxx,B0,SPLIT,double,0.51,NA,NA,NA,1.0,9,1,0,NA,492558272,NA,NA,NA,63844554,NA,NA,NA,NA,LOG-PUB,NA,NA,NA,31922277,NA,31903626,31922277,NA,NA,NA,2.289796,7.17303468045215e-08,7.17303468045215e-08,NA,NA,63844554,NA
summary,libstdcxx,B0,SPLIT,double,0.51,NA,NA,NA,NA,NA,NA,NA,0.0,NA,NA,NA,15.430135613446371,NA,2.0,NA,1.457837735071262e-10,1.457837735071262e-10,LOG-PUB,7.197426737447331e-08,7.197426737447331e-08,NA,NA,10,NA,NA,NA,NA,NA,NA,NA,NA,319222770,319222770,NA,2.0
block,libstdcxx,B1,LOG,float,0.55,NA,NA,NA,1.0,0,1,0,NA,251597890,NA,NA,NA,39132285,NA,NA,NA,NA,LOG-PUB,NA,NA,NA,39132285,NA,39127008,39132285,NA,NA,NA,2.322852,5.935896664352721e-08,5.935896664352721e-08,NA,NA,160214806,NA
block,libstdcxx,B1,LOG,float,0.55,NA,NA,NA,1.0,1,0,0,NA,251590788,NA,NA,NA,39132285,NA,NA,NA,NA,LOG-PUB,NA,NA,NA,39132285,NA,39126895,39132285,NA,NA,NA,2.310604,5.904597699827649e-08,5.904597699827649e-08,NA,NA,160214588,NA
block,libstdcxx,B1,LOG,float,0.55,NA,NA,NA,1.0,2,1,0,NA,251597184,NA,NA,NA,39132285,NA,NA,NA,NA,LOG-PUB,NA,NA,NA,39132285,NA,39126941,39132285,NA,NA,NA,2.297791,5.87185491468234e-08,5.87185491468234e-08,NA,NA,160217212,NA
block,libstdcxx,B1,LOG,float,0.55,NA,NA,NA,1.0,3,0,0,NA,251598678,NA,NA,NA,39132285,NA,NA,NA,NA,LOG-PUB,NA,NA,NA,39132285,NA,39126906,39132285,NA,NA,NA,2.326785,5.9459471891304075e-08,5.9459471891304075e-08,NA,NA,160212812,NA
block,libstdcxx,B1,LOG,float,0.55,NA,NA,NA,1.0,4,1,0,NA,251606648,NA,NA,NA,39132285,NA,NA,NA,NA,LOG-PUB,NA,NA,NA,39132285,NA,39126947,39132285,NA,NA,NA,2.306971,5.8953138054677866e-08,5.8953138054677866e-08,NA,NA,160216968,NA
block,libstdcxx,B1,LOG,float,0.55,NA,NA,NA,1.0,5,0,0,NA,251606488,NA,NA,NA,39132285,NA,NA,NA,NA,LOG-PUB,NA,NA,NA,39132285,NA,39126911,39132285,NA,NA,NA,2.320165,5.929030211243733e-08,5.929030211243733e-08,NA,NA,160216994,NA
block,libstdcxx,B1,LOG,float,0.55,NA,NA,NA,1.0,6,1,0,NA,251600290,NA,NA,NA,39132285,NA,NA,NA,NA,LOG-PUB,NA,NA,NA,39132285,NA,39126830,39132285,NA,NA,NA,2.317112,5.921228469025e-08,5.921228469025e-08,NA,NA,160210644,NA
block,libstdcxx,B1,LOG,float,0.55,NA,NA,NA,1.0,7,0,0,NA,251601905,NA,NA,NA,39132285,NA,NA,NA,NA,LOG-PUB,NA,NA,NA,39132285,NA,39127007,39132285,NA,NA,NA,2.316015,5.9184251571304876e-08,5.9184251571304876e-08,NA,NA,160215538,NA
block,libstdcxx,B1,LOG,float,0.55,NA,NA,NA,1.0,8,1,0,NA,251598564,NA,NA,NA,39132285,NA,NA,NA,NA,LOG-PUB,NA,NA,NA,39132285,NA,39126880,39132285,NA,NA,NA,2.305227,5.890857127305497e-08,5.890857127305497e-08,NA,NA,160215834,NA
block,libstdcxx,B1,LOG,float,0.55,NA,NA,NA,1.0,9,0,0,NA,251588422,NA,NA,NA,39132285,NA,NA,NA,NA,LOG-PUB,NA,NA,NA,39132285,NA,39126830,39132285,NA,NA,NA,2.316972,5.920870708163348e-08,5.920870708163348e-08,NA,NA,160217714,NA
summary,libstdcxx,B1,LOG,float,0.55,NA,NA,NA,NA,NA,NA,NA,0.0,NA,NA,NA,6.429440184747709,NA,1.0,NA,2.9444996631297727e-10,2.9444996631297727e-10,LOG-PUB,5.919647932646918e-08,5.919647932646918e-08,NA,NA,10,NA,NA,NA,NA,NA,NA,NA,NA,391322850,391322850,NA,4.094197693796823
block,libstdcxx,B1,SPLIT,float,0.55,NA,NA,NA,1.0,0,0,0,NA,334056054,NA,NA,NA,86661644,NA,NA,NA,NA,LOG-PUB,NA,NA,NA,43330822,NA,43083399,43330822,NA,NA,NA,2.309814,5.330648931608082e-08,5.330648931608082e-08,NA,NA,86661644,NA
block,libstdcxx,B1,SPLIT,float,0.55,NA,NA,NA,1.0,1,1,0,NA,334037766,NA,NA,NA,86661644,NA,NA,NA,NA,LOG-PUB,NA,NA,NA,43330822,NA,43083429,43330822,NA,NA,NA,2.300383,5.308883824082544e-08,5.308883824082544e-08,NA,NA,86661644,NA
block,libstdcxx,B1,SPLIT,float,0.55,NA,NA,NA,1.0,2,0,0,NA,334065136,NA,NA,NA,86661644,NA,NA,NA,NA,LOG-PUB,NA,NA,NA,43330822,NA,43083410,43330822,NA,NA,NA,2.309162,5.329144229020165e-08,5.329144229020165e-08,NA,NA,86661644,NA
block,libstdcxx,B1,SPLIT,float,0.55,NA,NA,NA,1.0,3,1,0,NA,334049257,NA,NA,NA,86661644,NA,NA,NA,NA,LOG-PUB,NA,NA,NA,43330822,NA,43084474,43330822,NA,NA,NA,2.303601,5.316310408327818e-08,5.316310408327818e-08,NA,NA,86661644,NA
block,libstdcxx,B1,SPLIT,float,0.55,NA,NA,NA,1.0,4,0,0,NA,334056010,NA,NA,NA,86661644,NA,NA,NA,NA,LOG-PUB,NA,NA,NA,43330822,NA,43083235,43330822,NA,NA,NA,2.3068,5.323693143878046e-08,5.323693143878046e-08,NA,NA,86661644,NA
block,libstdcxx,B1,SPLIT,float,0.55,NA,NA,NA,1.0,5,1,0,NA,334068493,NA,NA,NA,86661644,NA,NA,NA,NA,LOG-PUB,NA,NA,NA,43330822,NA,43083576,43330822,NA,NA,NA,2.306493,5.322984641279134e-08,5.322984641279134e-08,NA,NA,86661644,NA
block,libstdcxx,B1,SPLIT,float,0.55,NA,NA,NA,1.0,6,0,0,NA,334069532,NA,NA,NA,86661644,NA,NA,NA,NA,LOG-PUB,NA,NA,NA,43330822,NA,43083326,43330822,NA,NA,NA,2.301192,5.3107508553611096e-08,5.3107508553611096e-08,NA,NA,86661644,NA
block,libstdcxx,B1,SPLIT,float,0.55,NA,NA,NA,1.0,7,1,0,NA,334058456,NA,NA,NA,86661644,NA,NA,NA,NA,LOG-PUB,NA,NA,NA,43330822,NA,43084079,43330822,NA,NA,NA,2.304968,5.3194652065451244e-08,5.3194652065451244e-08,NA,NA,86661644,NA
block,libstdcxx,B1,SPLIT,float,0.55,NA,NA,NA,1.0,8,0,0,NA,334047049,NA,NA,NA,86661644,NA,NA,NA,NA,LOG-PUB,NA,NA,NA,43330822,NA,43083356,43330822,NA,NA,NA,2.310739,5.332783670709039e-08,5.332783670709039e-08,NA,NA,86661644,NA
block,libstdcxx,B1,SPLIT,float,0.55,NA,NA,NA,1.0,9,1,0,NA,334062988,NA,NA,NA,86661644,NA,NA,NA,NA,LOG-PUB,NA,NA,NA,43330822,NA,43083210,43330822,NA,NA,NA,2.310545,5.332335952454352e-08,5.332335952454352e-08,NA,NA,86661644,NA
summary,libstdcxx,B1,SPLIT,float,0.55,NA,NA,NA,NA,NA,NA,NA,0.0,NA,NA,NA,7.709456194945944,NA,2.0,NA,1.3173648078958508e-10,1.3173648078958508e-10,LOG-PUB,5.3233388925785904e-08,5.3233388925785904e-08,NA,NA,10,NA,NA,NA,NA,NA,NA,NA,NA,433308220,433308220,NA,2.0
block,libstdcxx,B2,LOG,double,0.75,NA,NA,NA,1.0,0,1,0,NA,309559168,NA,NA,NA,22721660,NA,NA,NA,NA,LOG-PUB,NA,NA,NA,22721660,NA,22721660,22721660,NA,NA,NA,2.311732,1.0174133403985449e-07,1.0174133403985449e-07,NA,NA,101724356,NA
block,libstdcxx,B2,LOG,double,0.75,NA,NA,NA,1.0,1,0,0,NA,309580450,NA,NA,NA,22721660,NA,NA,NA,NA,LOG-PUB,NA,NA,NA,22721660,NA,22721660,22721660,NA,NA,NA,2.309141,1.016273018784719e-07,1.016273018784719e-07,NA,NA,101727920,NA
block,libstdcxx,B2,LOG,double,0.75,NA,NA,NA,1.0,2,1,0,NA,309607260,NA,NA,NA,22721660,NA,NA,NA,NA,LOG-PUB,NA,NA,NA,22721660,NA,22721660,22721660,NA,NA,NA,2.31844,1.0203655894859794e-07,1.0203655894859794e-07,NA,NA,101734406,NA
block,libstdcxx,B2,LOG,double,0.75,NA,NA,NA,1.0,3,0,0,NA,309553794,NA,NA,NA,22721660,NA,NA,NA,NA,LOG-PUB,NA,NA,NA,22721660,NA,22721660,22721660,NA,NA,NA,2.308237,1.0158751605296444e-07,1.0158751605296444e-07,NA,NA,101723640,NA
block,libstdcxx,B2,LOG,double,0.75,NA,NA,NA,1.0,4,1,0,NA,309574090,NA,NA,NA,22721660,NA,NA,NA,NA,LOG-PUB,NA,NA,NA,22721660,NA,22721660,22721660,NA,NA,NA,2.313385,1.0181408400618616e-07,1.0181408400618616e-07,NA,NA,101724566,NA
block,libstdcxx,B2,LOG,double,0.75,NA,NA,NA,1.0,5,0,0,NA,309576460,NA,NA,NA,22721660,NA,NA,NA,NA,LOG-PUB,NA,NA,NA,22721660,NA,22721660,22721660,NA,NA,NA,2.320614,1.0213223857763913e-07,1.0213223857763913e-07,NA,NA,101721034,NA
block,libstdcxx,B2,LOG,double,0.75,NA,NA,NA,1.0,6,1,0,NA,309597166,NA,NA,NA,22721660,NA,NA,NA,NA,LOG-PUB,NA,NA,NA,22721660,NA,22721660,22721660,NA,NA,NA,2.311247,1.0171998876842625e-07,1.0171998876842625e-07,NA,NA,101734150,NA
block,libstdcxx,B2,LOG,double,0.75,NA,NA,NA,1.0,7,0,0,NA,309586884,NA,NA,NA,22721660,NA,NA,NA,NA,LOG-PUB,NA,NA,NA,22721660,NA,22721660,22721660,NA,NA,NA,2.318268,1.0202898907914299e-07,1.0202898907914299e-07,NA,NA,101736324,NA
block,libstdcxx,B2,LOG,double,0.75,NA,NA,NA,1.0,8,1,0,NA,309563874,NA,NA,NA,22721660,NA,NA,NA,NA,LOG-PUB,NA,NA,NA,22721660,NA,22721660,22721660,NA,NA,NA,2.3124,1.0177073330029583e-07,1.0177073330029583e-07,NA,NA,101724114,NA
block,libstdcxx,B2,LOG,double,0.75,NA,NA,NA,1.0,9,0,0,NA,309585830,NA,NA,NA,22721660,NA,NA,NA,NA,LOG-PUB,NA,NA,NA,22721660,NA,22721660,22721660,NA,NA,NA,2.315258,1.0189651636368117e-07,1.0189651636368117e-07,NA,NA,101729092,NA
summary,libstdcxx,B2,LOG,double,0.75,NA,NA,NA,NA,NA,NA,NA,0.0,NA,NA,NA,13.62481867962112,NA,1.0,NA,2.7054581399422213e-10,2.7054581399422213e-10,LOG-PUB,1.01792408653241e-07,1.01792408653241e-07,NA,NA,10,NA,NA,NA,NA,NA,NA,NA,NA,227216600,227216600,NA,4.477135922287368
block,libstdcxx,B2,SPLIT,double,0.75,NA,NA,NA,1.0,0,0,0,NA,490325508,NA,NA,NA,63782586,NA,NA,NA,NA,LOG-PUB,NA,NA,NA,31891293,NA,31891293,31891293,NA,NA,NA,2.28263,7.157533562530688e-08,7.157533562530688e-08,NA,NA,63782586,NA
block,libstdcxx,B2,SPLIT,double,0.75,NA,NA,NA,1.0,1,1,0,NA,490374488,NA,NA,NA,63782586,NA,NA,NA,NA,LOG-PUB,NA,NA,NA,31891293,NA,31891293,31891293,NA,NA,NA,2.293471,7.191527166991943e-08,7.191527166991943e-08,NA,NA,63782586,NA
block,libstdcxx,B2,SPLIT,double,0.75,NA,NA,NA,1.0,2,0,0,NA,490365390,NA,NA,NA,63782586,NA,NA,NA,NA,LOG-PUB,NA,NA,NA,31891293,NA,31891293,31891293,NA,NA,NA,2.300279,7.212874686517101e-08,7.212874686517101e-08,NA,NA,63782586,NA
block,libstdcxx,B2,SPLIT,double,0.75,NA,NA,NA,1.0,3,1,0,NA,490359712,NA,NA,NA,63782586,NA,NA,NA,NA,LOG-PUB,NA,NA,NA,31891293,NA,31891293,31891293,NA,NA,NA,2.289504,7.17908803509472e-08,7.17908803509472e-08,NA,NA,63782586,NA
block,libstdcxx,B2,SPLIT,double,0.75,NA,NA,NA,1.0,4,0,0,NA,490381366,NA,NA,NA,63782586,NA,NA,NA,NA,LOG-PUB,NA,NA,NA,31891293,NA,31891293,31891293,NA,NA,NA,2.278017,7.143068799374174e-08,7.143068799374174e-08,NA,NA,63782586,NA
block,libstdcxx,B2,SPLIT,double,0.75,NA,NA,NA,1.0,5,1,0,NA,490389252,NA,NA,NA,63782586,NA,NA,NA,NA,LOG-PUB,NA,NA,NA,31891293,NA,31891293,31891293,NA,NA,NA,2.283761,7.1610799850605e-08,7.1610799850605e-08,NA,NA,63782586,NA
block,libstdcxx,B2,SPLIT,double,0.75,NA,NA,NA,1.0,6,0,0,NA,490376144,NA,NA,NA,63782586,NA,NA,NA,NA,LOG-PUB,NA,NA,NA,31891293,NA,31891293,31891293,NA,NA,NA,2.288036,7.174484897805805e-08,7.174484897805805e-08,NA,NA,63782586,NA
block,libstdcxx,B2,SPLIT,double,0.75,NA,NA,NA,1.0,7,1,0,NA,490351426,NA,NA,NA,63782586,NA,NA,NA,NA,LOG-PUB,NA,NA,NA,31891293,NA,31891293,31891293,NA,NA,NA,2.296106,7.199789610286418e-08,7.199789610286418e-08,NA,NA,63782586,NA
block,libstdcxx,B2,SPLIT,double,0.75,NA,NA,NA,1.0,8,0,0,NA,490373912,NA,NA,NA,63782586,NA,NA,NA,NA,LOG-PUB,NA,NA,NA,31891293,NA,31891293,31891293,NA,NA,NA,2.289387,7.178721163798533e-08,7.178721163798533e-08,NA,NA,63782586,NA
block,libstdcxx,B2,SPLIT,double,0.75,NA,NA,NA,1.0,9,1,0,NA,490372544,NA,NA,NA,63782586,NA,NA,NA,NA,LOG-PUB,NA,NA,NA,31891293,NA,31891293,31891293,NA,NA,NA,2.290415,7.181944614161615e-08,7.181944614161615e-08,NA,NA,63782586,NA
summary,libstdcxx,B2,SPLIT,double,0.75,NA,NA,NA,NA,NA,NA,NA,0.0,NA,NA,NA,15.37620234463369,NA,2.0,NA,2.470031553753429e-10,2.470031553753429e-10,LOG-PUB,7.178904599446627e-08,7.178904599446627e-08,NA,NA,10,NA,NA,NA,NA,NA,NA,NA,NA,318912930,318912930,NA,2.0
block,libstdcxx,B3,LOG,double,0.51,5,NA,NA,27.669162971523775,0,1,25868208,NA,341055182,NA,NA,NA,26838175,NA,NA,NA,NA,LOG-PUB,NA,NA,NA,26838175,NA,969967,969967,NA,NA,NA,2.263986,8.435692814433172e-08,2.3340855926026348e-06,NA,NA,107859606,NA
block,libstdcxx,B3,LOG,double,0.51,5,NA,NA,27.622247973384663,1,0,25822702,NA,340502836,NA,NA,NA,26792669,NA,NA,NA,NA,LOG-PUB,NA,NA,NA,26792669,NA,969967,969967,NA,NA,NA,2.265221,8.4546298840179e-08,2.3353588317953084e-06,NA,NA,107675386,NA
block,libstdcxx,B3,LOG,double,0.51,5,NA,NA,27.691167843854483,2,1,25889552,NA,341334178,NA,NA,NA,26859519,NA,NA,NA,NA,LOG-PUB,NA,NA,NA,26859519,NA,969967,969967,NA,NA,NA,2.270883,8.4546674123241e-08,2.341196143786335e-06,NA,NA,107947062,NA
block,libstdcxx,B3,LOG,double,0.51,5,NA,NA,27.60738045727329,3,0,25808281,NA,340304184,NA,NA,NA,26778248,NA,NA,NA,NA,LOG-PUB,NA,NA,NA,26778248,NA,969967,969967,NA,NA,NA,2.267899,8.46918364487475e-08,2.3381197504657372e-06,NA,NA,107618458,NA
block,libstdcxx,B3,LOG,double,0.51,5,NA,NA,27.64847051497628,4,1,25848137,NA,340843838,NA,NA,NA,26818104,NA,NA,NA,NA,LOG-PUB,NA,NA,NA,26818104,NA,969967,969967,NA,NA,NA,2.271801,8.471146953565398e-08,2.3421425677368407e-06,NA,NA,107780342,NA
block,libstdcxx,B3,LOG,double,0.51,5,NA,NA,27.585067327032775,5,0,25786638,NA,340030954,NA,NA,NA,26756605,NA,NA,NA,NA,LOG-PUB,NA,NA,NA,26756605,NA,969967,969967,NA,NA,NA,2.255792,8.430785594809207e-08,2.3256378825259005e-06,NA,NA,107532258,NA
block,libstdcxx,B3,LOG,double,0.51,5,NA,NA,27.63933824552794,6,1,25839279,NA,340700800,NA,NA,NA,26809246,NA,NA,NA,NA,LOG-PUB,NA,NA,NA,26809246,NA,969967,969967,NA,NA,NA,2.264605,8.447104405696453e-08,2.3347237586433354e-06,NA,NA,107742960,NA
block,libstdcxx,B3,LOG,double,0.51,5,NA,NA,27.66994650333465,7,0,25868968,NA,341082318,NA,NA,NA,26838935,NA,NA,NA,NA,LOG-PUB,NA,NA,NA,26838935,NA,969967,969967,NA,NA,NA,2.26631,8.444113002248412e-08,2.336481550403261e-06,NA,NA,107862906,NA
block,libstdcxx,B3,LOG,double,0.51,5,NA,NA,27.594894465481815,8,1,25796170,NA,340137330,NA,NA,NA,26766137,NA,NA,NA,NA,LOG-PUB,NA,NA,NA,26766137,NA,969967,969967,NA,NA,NA,2.27082,8.4839287791137e-08,2.341131193123065e-06,NA,NA,107569966,NA
block,libstdcxx,B3,LOG,double,0.51,5,NA,NA,27.5859591099491,9,0,25787503,NA,340048796,NA,NA,NA,26757470,NA,NA,NA,NA,LOG-PUB,NA,NA,NA,26757470,NA,969967,969967,NA,NA,NA,2.265936,8.468423957870456e-08,2.336095970275277e-06,NA,NA,107534978,NA
summary,libstdcxx,B3,LOG,double,0.51,5,NA,NA,NA,NA,NA,NA,26.631363541233878,NA,NA,NA,351.15013356124484,NA,27.631363541233878,NA,2.413287001325334e-10,5.495805527404342e-09,LOG-PUB,8.454648648171e-08,2.336288760339269e-06,NA,NA,10,NA,NA,NA,NA,NA,NA,NA,NA,268015108,9699670,NA,111.04748120296875
block,libstdcxx,B3,SPLIT,double,0.51,5,NA,NA,27.63558355480951,0,0,30196255,NA,483401284,NA,NA,NA,62659872,NA,NA,NA,NA,LOG-PUB,NA,NA,NA,31329936,NA,1133681,1133681,NA,NA,NA,2.300012,7.341259809787036e-08,2.028799988709346e-06,NA,NA,62659872,NA
block,libstdcxx,B3,SPLIT,double,0.51,5,NA,NA,27.666104486182622,1,1,30230856,NA,483963844,NA,NA,NA,62729074,NA,NA,NA,NA,LOG-PUB,NA,NA,NA,31364537,NA,1133681,1133681,NA,NA,NA,2.304761,7.348302319909904e-08,2.0329889977868556e-06,NA,NA,62729074,NA
block,libstdcxx,B3,SPLIT,double,0.51,5,NA,NA,27.683363309431844,2,0,30250422,NA,484257000,NA,NA,NA,62768206,NA,NA,NA,NA,LOG-PUB,NA,NA,NA,31384103,NA,1133681,1133681,NA,NA,NA,2.306142,7.348121435874716e-08,2.0342071535114376e-06,NA,NA,62768206,NA
block,libstdcxx,B3,SPLIT,double,0.51,5,NA,NA,27.64441760953919,3,1,30206270,NA,483586990,NA,NA,NA,62679902,NA,NA,NA,NA,LOG-PUB,NA,NA,NA,31339951,NA,1133681,1133681,NA,NA,NA,2.300037,7.338993605956819e-08,2.028822040768082e-06,NA,NA,62679902,NA
block,libstdcxx,B3,SPLIT,double,0.51,5,NA,NA,27.645970956556564,4,0,30208031,NA,483589990,NA,NA,NA,62683424,NA,NA,NA,NA,LOG-PUB,NA,NA,NA,31341712,NA,1133681,1133681,NA,NA,NA,2.297634,7.330914150445898e-08,2.026702396882368e-06,NA,NA,62683424,NA
block,libstdcxx,B3,SPLIT,double,0.51,5,NA,NA,27.656305433362647,5,1,30219747,NA,483814844,NA,NA,NA,62706856,NA,NA,NA,NA,LOG-PUB,NA,NA,NA,31353428,NA,1133681,1133681,NA,NA,NA,2.304335,7.349547232921389e-08,2.0326132307059924e-06,NA,NA,62706856,NA
block,libstdcxx,B3,SPLIT,double,0.51,5,NA,NA,27.647509308173994,6,0,30209775,NA,483653570,NA,NA,NA,62686912,NA,NA,NA,NA,LOG-PUB,NA,NA,NA,31343456,NA,1133681,1133681,NA,NA,NA,2.298907,7.334567700511392e-08,2.02782528771321e-06,NA,NA,62686912,NA
block,libstdcxx,B3,SPLIT,double,0.51,5,NA,NA,27.59152971603123,7,1,30146312,NA,482635446,NA,NA,NA,62559986,NA,NA,NA,NA,LOG-PUB,NA,NA,NA,31279993,NA,1133681,1133681,NA,NA,NA,2.294485,7.335311743835748e-08,2.023924719563969e-06,NA,NA,62559986,NA
block,libstdcxx,B3,SPLIT,double,0.51,5,NA,NA,27.614774350103776,8,0,30172664,NA,483071260,NA,NA,NA,62612690,NA,NA,NA,NA,LOG-PUB,NA,NA,NA,31306345,NA,1133681,1133681,NA,NA,NA,2.305021,7.362791791887555e-08,2.0332183391977106e-06,NA,NA,62612690,NA
block,libstdcxx,B3,SPLIT,double,0.51,5,NA,NA,27.63913658251307,9,1,30200283,NA,483482246,NA,NA,NA,62667928,NA,NA,NA,NA,LOG-PUB,NA,NA,NA,31333964,NA,1133681,1133681,NA,NA,NA,2.299923,7.340032049567684e-08,2.0287214833802456e-06,NA,NA,62667928,NA
summary,libstdcxx,B3,SPLIT,double,0.51,5,NA,NA,NA,NA,NA,NA,26.642469530670443,NA,NA,NA,426.52708072200204,NA,55.284939061340886,NA,1.2024889535091278e-10,4.845719386670834e-09,LOG-PUB,7.34064592967736e-08,2.028811014738714e-06,NA,NA,10,NA,NA,NA,NA,NA,NA,NA,NA,313377425,11336810,NA,55.284939061340886
block,libstdcxx,B4,LOG,double,0.51,20,NA,NA,16.04093102500224,0,1,25001201,NA,338833274,NA,NA,NA,26663412,NA,NA,NA,NA,LOG-PUB,NA,NA,NA,26663412,NA,1662211,1662211,NA,NA,NA,2.295032,8.607420535676379e-08,1.3807103911597263e-06,NA,NA,107157200,NA
block,libstdcxx,B4,LOG,double,0.51,20,NA,NA,16.047218433760815,1,0,25011652,NA,338993388,NA,NA,NA,26673863,NA,NA,NA,NA,LOG-PUB,NA,NA,NA,26673863,NA,1662211,1662211,NA,NA,NA,2.312701,8.670288964144414e-08,1.3913402089145121e-06,NA,NA,107197868,NA
block,libstdcxx,B4,LOG,double,0.51,20,NA,NA,16.06420243879989,2,1,25039883,NA,339333048,NA,NA,NA,26702094,NA,NA,NA,NA,LOG-PUB,NA,NA,NA,26702094,NA,1662211,1662211,NA,NA,NA,2.306715,8.638704515084099e-08,1.3877389813928557e-06,NA,NA,107314324,NA
block,libstdcxx,B4,LOG,double,0.51,20,NA,NA,16.01921657358783,3,0,24965107,NA,338385784,NA,NA,NA,26627318,NA,NA,NA,NA,LOG-PUB,NA,NA,NA,26627318,NA,1662211,1662211,NA,NA,NA,2.303963,8.652628852819499e-08,1.3860833552419037e-06,NA,NA,107011846,NA
block,libstdcxx,B4,LOG,double,0.51,20,NA,NA,16.04352937142156,4,1,25005520,NA,338932758,NA,NA,NA,26667731,NA,NA,NA,NA,LOG-PUB,NA,NA,NA,26667731,NA,1662211,1662211,NA,NA,NA,2.301413,8.629954306948724e-08,1.3845492539755783e-06,NA,NA,107175992,NA
block,libstdcxx,B4,LOG,double,0.51,20,NA,NA,16.02235095303785,5,0,24970317,NA,338453712,NA,NA,NA,26632528,NA,NA,NA,NA,LOG-PUB,NA,NA,NA,26632528,NA,1662211,1662211,NA,NA,NA,2.29606,8.621261939534993e-08,1.3813288445329746e-06,NA,NA,107033554,NA
block,libstdcxx,B4,LOG,double,0.51,20,NA,NA,16.035739145030323,6,1,24992571,NA,338737264,NA,NA,NA,26654782,NA,NA,NA,NA,LOG-PUB,NA,NA,NA,26654782,NA,1662211,1662211,NA,NA,NA,2.299175,8.625750531368067e-08,1.3832028545112504e-06,NA,NA,107122292,NA
block,libstdcxx,B4,LOG,double,0.51,20,NA,NA,16.048764567193935,7,0,25014222,NA,339017192,NA,NA,NA,26676433,NA,NA,NA,NA,LOG-PUB,NA,NA,NA,26676433,NA,1662211,1662211,NA,NA,NA,2.314337,8.675586424916705e-08,1.3923244401583193e-06,NA,NA,107209870,NA
block,libstdcxx,B4,LOG,double,0.51,20,NA,NA,16.035396829885016,8,1,24992002,NA,338714430,NA,NA,NA,26654213,NA,NA,NA,NA,LOG-PUB,NA,NA,NA,26654213,NA,1662211,1662211,NA,NA,NA,2.307473,8.65706670836614e-08,1.3881950005143751e-06,NA,NA,107120216,NA
block,libstdcxx,B4,LOG,double,0.51,20,NA,NA,16.02672404405939,9,0,24977586,NA,338554760,NA,NA,NA,26639797,NA,NA,NA,NA,LOG-PUB,NA,NA,NA,26639797,NA,1662211,1662211,NA,NA,NA,2.292972,8.607317841048113e-08,1.3794710779798713e-06,NA,NA,107062114,NA
summary,libstdcxx,B4,LOG,double,0.51,20,NA,NA,NA,NA,NA,NA,15.038407338177885,NA,NA,NA,203.82223496294995,NA,16.038407338177883,NA,3.357315698621816e-10,6.283648706451761e-09,LOG-PUB,8.634329411016411e-08,1.385316304608741e-06,NA,NA,10,NA,NA,NA,NA,NA,NA,NA,NA,266592171,16622110,NA,64.45663492781603
block,libstdcxx,B4,SPLIT,double,0.51,20,NA,NA,16.02598683578685,0,0,28944303,NA,476315034,NA,NA,NA,61741172,NA,NA,NA,NA,LOG-PUB,NA,NA,NA,30870586,NA,1926283,1926283,NA,NA,NA,2.316164,7.502818378633953e-08,1.2024006856728736e-06,NA,NA,61741172,NA
block,libstdcxx,B4,SPLIT,double,0.51,20,NA,NA,16.040199700667035,1,1,28971681,NA,476765338,NA,NA,NA,61795928,NA,NA,NA,NA,LOG-PUB,NA,NA,NA,30897964,NA,1926283,1926283,NA,NA,NA,2.306814,7.465909404257187e-08,1.1975467779137333e-06,NA,NA,61795928,NA
block,libstdcxx,B4,SPLIT,double,0.51,20,NA,NA,16.053911600735717,2,0,28998094,NA,477165372,NA,NA,NA,61848754,NA,NA,NA,NA,LOG-PUB,NA,NA,NA,30924377,NA,1926283,1926283,NA,NA,NA,2.305116,7.454041838902688e-08,1.1966652874992926e-06,NA,NA,61848754,NA
block,libstdcxx,B4,SPLIT,double,0.51,20,NA,NA,16.048962172224954,3,1,28988560,NA,477024956,NA,NA,NA,61829686,NA,NA,NA,NA,LOG-PUB,NA,NA,NA,30914843,NA,1926283,1926283,NA,NA,NA,2.304262,7.453578205135961e-08,1.1962219466194738e-06,NA,NA,61829686,NA
block,libstdcxx,B4,SPLIT,double,0.51,20,NA,NA,16.049541526348932,4,0,28989676,NA,477022756,NA,NA,NA,61831918,NA,NA,NA,NA,LOG-PUB,NA,NA,NA,30915959,NA,1926283,1926283,NA,NA,NA,2.304969,7.455595991701243e-08,1.1965889747248975e-06,NA,NA,61831918,NA
block,libstdcxx,B4,SPLIT,double,0.51,20,NA,NA,16.0338776804862,5,1,28959503,NA,476596622,NA,NA,NA,61771572,NA,NA,NA,NA,LOG-PUB,NA,NA,NA,30885786,NA,1926283,1926283,NA,NA,NA,2.304743,7.462147798343225e-08,1.196471650323447e-06,NA,NA,61771572,NA
block,libstdcxx,B4,SPLIT,double,0.51,20,NA,NA,16.03679677389044,6,0,28965126,NA,476675806,NA,NA,NA,61782818,NA,NA,NA,NA,LOG-PUB,NA,NA,NA,30891409,NA,1926283,1926283,NA,NA,NA,2.300347,7.446559009334925e-08,1.1941895349748713e-06,NA,NA,61782818,NA
block,libstdcxx,B4,SPLIT,double,0.51,20,NA,NA,16.037889032919878,7,1,28967230,NA,476673314,NA,NA,NA,61787026,NA,NA,NA,NA,LOG-PUB,NA,NA,NA,30893513,NA,1926283,1926283,NA,NA,NA,2.300424,7.446301105348556e-08,1.1942295083328878e-06,NA,NA,61787026,NA
block,libstdcxx,B4,SPLIT,double,0.51,20,NA,NA,16.04240031189602,8,0,28975920,NA,476832854,NA,NA,NA,61804406,NA,NA,NA,NA,LOG-PUB,NA,NA,NA,30902203,NA,1926283,1926283,NA,NA,NA,2.312753,7.48410396501505e-08,1.2006299178261968e-06,NA,NA,61804406,NA
block,libstdcxx,B4,SPLIT,double,0.51,20,NA,NA,16.044561988036026,9,1,28980084,NA,476884228,NA,NA,NA,61812734,NA,NA,NA,NA,LOG-PUB,NA,NA,NA,30906367,NA,1926283,1926283,NA,NA,NA,2.300474,7.443365957571138e-08,1.1942554650588725e-06,NA,NA,61812734,NA
summary,libstdcxx,B4,SPLIT,double,0.51,20,NA,NA,NA,NA,NA,NA,15.041412762299204,NA,NA,NA,247.52106933404906,NA,32.08282552459841,NA,1.665519449351361e-10,2.579319861100502e-09,LOG-PUB,7.454818915301966e-08,1.196530312524172e-06,NA,NA,10,NA,NA,NA,NA,NA,NA,NA,NA,309003007,19262830,NA,32.08282552459841
ratio,libcxx,B0,LOG/SPLIT,double,0.51,NA,NA,NA,NA,NA,NA,NA,NA,NA,NA,NA,NA,NA,NA,0.005783403033957191,NA,NA,NA,NA,NA,1.260292559452824,NA,10,NA,NA,1.2629161486042317,1.2563557022149439,NA,NA,NA,NA,NA,NA,NA,NA
ratio,libcxx,B1,LOG/SPLIT,float,0.55,NA,NA,NA,NA,NA,NA,NA,NA,NA,NA,NA,NA,NA,NA,0.0024864593927227396,NA,NA,NA,NA,NA,1.1973235275640437,NA,10,NA,NA,1.2010940607595846,1.1966939620575157,NA,NA,NA,NA,NA,NA,NA,NA
ratio,libcxx,B2,LOG/SPLIT,double,0.75,NA,NA,NA,NA,NA,NA,NA,NA,NA,NA,NA,NA,NA,NA,0.005892214484819469,NA,NA,NA,NA,NA,1.3303140244829263,NA,10,NA,NA,1.338723156166576,1.3257740051427886,NA,NA,NA,NA,NA,NA,NA,NA
ratio,libcxx,B3,LOG/SPLIT,double,0.51,5,NA,NA,NA,NA,NA,NA,NA,NA,NA,NA,NA,NA,NA,0.012500430930378892,NA,NA,NA,NA,NA,1.1962022756632642,NA,10,NA,NA,1.2059212068880873,1.1917605003526976,NA,NA,NA,NA,NA,NA,NA,NA
ratio,libcxx,B4,LOG/SPLIT,double,0.51,20,NA,NA,NA,NA,NA,NA,NA,NA,NA,NA,NA,NA,NA,0.01360525801245327,NA,NA,NA,NA,NA,1.202552440905125,NA,10,NA,NA,1.2127267412156655,1.1969104706773124,NA,NA,NA,NA,NA,NA,NA,NA
ratio,libstdcxx,B0,LOG/SPLIT,double,0.51,NA,NA,NA,NA,NA,NA,NA,NA,NA,NA,NA,NA,NA,NA,0.0070398906489204105,NA,NA,NA,NA,NA,1.1416873238895953,NA,10,NA,NA,1.1482670398935722,1.1353686672868093,NA,NA,NA,NA,NA,NA,NA,NA
ratio,libstdcxx,B1,LOG/SPLIT,float,0.55,NA,NA,NA,NA,NA,NA,NA,NA,NA,NA,NA,NA,NA,NA,0.00565368083329032,NA,NA,NA,NA,NA,1.1124042666733978,NA,10,NA,NA,1.1142461894779339,1.1073729544774895,NA,NA,NA,NA,NA,NA,NA,NA
ratio,libstdcxx,B2,LOG/SPLIT,double,0.75,NA,NA,NA,NA,NA,NA,NA,NA,NA,NA,NA,NA,NA,NA,0.005226917487379801,NA,NA,NA,NA,NA,1.4177370821855388,NA,10,NA,NA,1.4220711081067474,1.4150476433268047,NA,NA,NA,NA,NA,NA,NA,NA
ratio,libstdcxx,B3,LOG/SPLIT,double,0.51,5,NA,NA,NA,NA,NA,NA,NA,NA,NA,NA,NA,NA,NA,0.001631461481451657,NA,NA,NA,NA,NA,1.1513923805076862,NA,10,NA,NA,1.1529360856788657,1.1498225000235547,NA,NA,NA,NA,NA,NA,NA,NA
ratio,libstdcxx,B4,LOG/SPLIT,double,0.51,20,NA,NA,NA,NA,NA,NA,NA,NA,NA,NA,NA,NA,NA,0.004061095699469108,NA,NA,NA,NA,NA,1.1576787786171705,NA,10,NA,NA,1.1602714485442789,1.1550887714898324,NA,NA,NA,NA,NA,NA,NA,NA
reproducibility,libcxx,B0,SPLIT,double,0.51,NA,10000,10000,NA,NA,NA,NA,NA,NA,155580,155580,NA,NA,NA,NA,NA,NA,NA,NA,NA,NA,NA,NA,NA,NA,NA,NA,true,NA,NA,NA,NA,NA,NA,NA
reproducibility,libcxx,B0,LOG,double,0.51,NA,10000,10000,NA,NA,NA,NA,NA,NA,155640,155640,NA,NA,NA,NA,NA,NA,NA,NA,NA,NA,NA,NA,NA,NA,NA,NA,true,NA,NA,NA,NA,NA,NA,NA
reproducibility,libcxx,B1,SPLIT,float,0.55,NA,10000,10000,NA,NA,NA,NA,NA,NA,78060,78060,NA,NA,NA,NA,NA,NA,NA,NA,NA,NA,NA,NA,NA,NA,NA,NA,true,NA,NA,NA,NA,NA,NA,NA
reproducibility,libcxx,B1,LOG,float,0.55,NA,10000,10000,NA,NA,NA,NA,NA,NA,78376,78376,NA,NA,NA,NA,NA,NA,NA,NA,NA,NA,NA,NA,NA,NA,NA,NA,true,NA,NA,NA,NA,NA,NA,NA
reproducibility,libcxx,B2,SPLIT,double,0.75,NA,10000,10000,NA,NA,NA,NA,NA,NA,159368,159368,NA,NA,NA,NA,NA,NA,NA,NA,NA,NA,NA,NA,NA,NA,NA,NA,true,NA,NA,NA,NA,NA,NA,NA
reproducibility,libcxx,B2,LOG,double,0.75,NA,10000,10000,NA,NA,NA,NA,NA,NA,164712,164712,NA,NA,NA,NA,NA,NA,NA,NA,NA,NA,NA,NA,NA,NA,NA,NA,true,NA,NA,NA,NA,NA,NA,NA
reproducibility,libcxx,B3,SPLIT,double,0.51,5,276457,276457,NA,NA,NA,NA,NA,NA,4294260,4294260,NA,NA,NA,NA,NA,NA,NA,NA,NA,NA,NA,NA,NA,NA,NA,NA,true,NA,NA,NA,NA,NA,NA,NA
reproducibility,libcxx,B3,LOG,double,0.51,5,278625,278625,NA,NA,NA,NA,NA,NA,4331140,4331140,NA,NA,NA,NA,NA,NA,NA,NA,NA,NA,NA,NA,NA,NA,NA,NA,true,NA,NA,NA,NA,NA,NA,NA
reproducibility,libcxx,B4,SPLIT,double,0.51,20,164281,164281,NA,NA,NA,NA,NA,NA,2553988,2553988,NA,NA,NA,NA,NA,NA,NA,NA,NA,NA,NA,NA,NA,NA,NA,NA,true,NA,NA,NA,NA,NA,NA,NA
reproducibility,libcxx,B4,LOG,double,0.51,20,163964,163964,NA,NA,NA,NA,NA,NA,2550944,2550944,NA,NA,NA,NA,NA,NA,NA,NA,NA,NA,NA,NA,NA,NA,NA,NA,true,NA,NA,NA,NA,NA,NA,NA
reproducibility,libstdcxx,B0,SPLIT,double,0.51,NA,10000,10000,NA,NA,NA,NA,NA,NA,154082,154082,NA,NA,NA,NA,NA,NA,NA,NA,NA,NA,NA,NA,NA,NA,NA,NA,true,NA,NA,NA,NA,NA,NA,NA
reproducibility,libstdcxx,B0,LOG,double,0.51,NA,10000,10000,NA,NA,NA,NA,NA,NA,127080,127080,NA,NA,NA,NA,NA,NA,NA,NA,NA,NA,NA,NA,NA,NA,NA,NA,true,NA,NA,NA,NA,NA,NA,NA
reproducibility,libstdcxx,B1,SPLIT,float,0.55,NA,10000,10000,NA,NA,NA,NA,NA,NA,77029,77029,NA,NA,NA,NA,NA,NA,NA,NA,NA,NA,NA,NA,NA,NA,NA,NA,true,NA,NA,NA,NA,NA,NA,NA
reproducibility,libstdcxx,B1,LOG,float,0.55,NA,10000,10000,NA,NA,NA,NA,NA,NA,64189,64189,NA,NA,NA,NA,NA,NA,NA,NA,NA,NA,NA,NA,NA,NA,NA,NA,true,NA,NA,NA,NA,NA,NA,NA
reproducibility,libstdcxx,B2,SPLIT,double,0.75,NA,10000,10000,NA,NA,NA,NA,NA,NA,153564,153564,NA,NA,NA,NA,NA,NA,NA,NA,NA,NA,NA,NA,NA,NA,NA,NA,true,NA,NA,NA,NA,NA,NA,NA
reproducibility,libstdcxx,B2,LOG,double,0.75,NA,10000,10000,NA,NA,NA,NA,NA,NA,135840,135840,NA,NA,NA,NA,NA,NA,NA,NA,NA,NA,NA,NA,NA,NA,NA,NA,true,NA,NA,NA,NA,NA,NA,NA
reproducibility,libstdcxx,B3,SPLIT,double,0.51,5,279838,279838,NA,NA,NA,NA,NA,NA,4317538,4317538,NA,NA,NA,NA,NA,NA,NA,NA,NA,NA,NA,NA,NA,NA,NA,NA,true,NA,NA,NA,NA,NA,NA,NA
reproducibility,libstdcxx,B3,LOG,double,0.51,5,274032,274032,NA,NA,NA,NA,NA,NA,3482120,3482120,NA,NA,NA,NA,NA,NA,NA,NA,NA,NA,NA,NA,NA,NA,NA,NA,true,NA,NA,NA,NA,NA,NA,NA
reproducibility,libstdcxx,B4,SPLIT,double,0.51,20,159434,159434,NA,NA,NA,NA,NA,NA,2459694,2459694,NA,NA,NA,NA,NA,NA,NA,NA,NA,NA,NA,NA,NA,NA,NA,NA,true,NA,NA,NA,NA,NA,NA,NA
reproducibility,libstdcxx,B4,LOG,double,0.51,20,158891,158891,NA,NA,NA,NA,NA,NA,2019424,2019424,NA,NA,NA,NA,NA,NA,NA,NA,NA,NA,NA,NA,NA,NA,NA,NA,true,NA,NA,NA,NA,NA,NA,NA
