tag,precision,kappa,shape_a,method,p,n_attempted,n_success,target_log_r_quantile,rho_attempt,rho_attempt_lo,rho_attempt_hi,rho_cond,rho_cond_lo,rho_cond_hi,conditional_log_r_quantile,conditional_log_r_quantile_lo,conditional_log_r_quantile_hi,conditional_log_r_quantile_error,quantile_resolved,unconditional_failure_probability,failure_ci_lo,failure_ci_hi,failure_is_upper_bound,bootstrap_resamples,interval_conf,n_seeds
libcxx,double,0.501,0.0010000000000000009,SPLIT,0.99,5000000,2624043,2302.8917684116877,0.0,0.0,0.0,0.0,0.0,0.0,366.9767144053963,366.89796962827324,367.05559952465035,-1935.9150540062915,true,0.4751914,0.474753593003498,0.4756292357266683,false,10000,0.99,5
libcxx,double,0.501,0.0010000000000000009,SPLIT,0.999,5000000,2624043,3454.184314908709,0.0,0.0,0.0,0.0,0.0,0.0,372.0075447571011,371.9740592172877,372.0387176197238,-3082.176770151608,true,0.4751914,0.474753593003498,0.4756292357266683,false,10000,0.99,5
libcxx,double,0.501,0.0010000000000000009,SPLIT,0.9999,5000000,2624043,4605.4768614057875,0.0,0.0,0.0,0.0,0.0,0.0,372.9011477913251,372.8719657708305,372.939257721448,-4232.575713614462,true,0.4751914,0.474753593003498,0.4756292357266683,false,10000,0.99,5
libcxx,double,0.501,0.0010000000000000009,LOG,0.99,5000000,3792359,2302.8917684116877,0.0,0.0,0.0,0.0,0.0,0.0,694.981804753303,694.7875888621176,695.1853256237074,-1607.9099636583846,true,0.2415282,0.2411530895697333,0.24190360977461667,false,10000,0.99,5
libcxx,double,0.501,0.0010000000000000009,LOG,0.999,5000000,3792359,3454.184314908709,0.0,0.0,0.0,0.0,0.0,0.0,708.7633095623969,708.7044802704498,708.822108738326,-2745.421005346312,true,0.2415282,0.2411530895697333,0.24190360977461667,false,10000,0.99,5
libcxx,double,0.501,0.0010000000000000009,LOG,0.9999,5000000,3792359,4605.4768614057875,0.0,0.0,0.0,0.0,0.0,0.0,710.1770302820476,710.1492582192577,710.1983488802803,-3895.2998311237398,true,0.2415282,0.2411530895697333,0.24190360977461667,false,10000,0.99,5
libcxx,double,0.505,0.0050000000000000044,SPLIT,0.99,5000000,4879505,460.8229870221404,0.0,0.0,0.0,0.0,0.0,0.0,338.5284806935455,338.21349970174487,338.82084157243753,-122.29450632859493,true,0.024099,0.02396475512481927,0.024233796380037434,false,10000,0.99,5
libcxx,double,0.505,0.0050000000000000044,SPLIT,0.999,5000000,4879505,691.0814963215446,0.0,0.0,0.0,0.0,0.0,0.0,368.44726968772505,368.31592459026706,368.5768055159485,-322.63422663381954,true,0.024099,0.02396475512481927,0.024233796380037434,false,10000,0.99,5
libcxx,double,0.505,0.0050000000000000044,SPLIT,0.9999,5000000,4879505,921.3400056209603,0.0,0.0,0.0,0.0,0.0,0.0,372.233791584562,372.1683870950993,372.28256439820797,-549.1062140363982,true,0.024099,0.02396475512481927,0.024233796380037434,false,10000,0.99,5
libcxx,double,0.505,0.0050000000000000044,LOG,0.99,5000000,4995933,460.8229870221404,0.9160399999999993,0.9052796999999992,0.9270400999999991,0.9167857134993597,0.9060166539463191,0.9277947682645056,453.0200441155934,452.00437218863647,453.9932037876947,-7.802942906547003,true,0.0008134,0.0007886011012578936,0.0008387798808377632,false,10000,0.99,5
libcxx,double,0.505,0.0050000000000000044,LOG,0.999,5000000,4995933,691.0814963215446,0.17299999999999985,0.15839999999999987,0.18799999999999983,0.17314083275336142,0.15852894744585233,0.1881530436857338,629.8163940582842,628.0533677236964,631.6194182551695,-61.26510226326036,true,0.0008134,0.0007886011012578936,0.0008387798808377632,false,10000,0.99,5
libcxx,double,0.505,0.0050000000000000044,LOG,0.9999,5000000,4995933,921.3400056209603,0.0,0.0,0.0,0.0,0.0,0.0,698.9244186771667,698.0977325269174,699.9374628839661,-222.41558694379353,true,0.0008134,0.0007886011012578936,0.0008387798808377632,false,10000,0.99,5
libcxx,double,0.51,0.010000000000000009,SPLIT,0.99,5000000,4997163,230.56359981177187,0.9404599999999993,0.9295998999999993,0.9515999999999992,0.940993919950179,0.9301276544311234,0.9521402443746573,227.6771434838701,227.21031973918522,228.16282781730604,-2.8864563279017545,true,0.0005674,0.0005467167662713344,0.0005886651046588643,false,10000,0.99,5
libcxx,double,0.51,0.010000000000000009,SPLIT,0.999,5000000,4997163,345.692854461474,0.4181999999999996,0.3955999999999997,0.4423999999999996,0.41843742139289797,0.39582459087286087,0.4426511602683359,322.38203302089556,321.2552370434133,323.4371267397412,-23.310821440578422,true,0.0005674,0.0005467167662713344,0.0005886651046588643,false,10000,0.99,5
libcxx,double,0.51,0.010000000000000009,SPLIT,0.9999,5000000,4997163,460.82210911118176,0.0,0.0,0.0,0.0,0.0,0.0,364.6759005099174,363.7592128483583,365.41034569416075,-96.14620860126433,true,0.0005674,0.0005467167662713344,0.0005886651046588643,false,10000,0.99,5
libcxx,double,0.51,0.010000000000000009,LOG,0.99,5000000,4999995,230.56359981177187,0.9970999999999992,0.9857592999999991,1.0082399999999991,0.9971009971009963,0.985760285760285,1.0082410082410074,230.41391838087665,229.8991407119033,230.92073392454895,-0.1496814308952139,true,1e-06,3.246973551884662e-07,2.3336648596986128e-06,false,10000,0.99,5
libcxx,double,0.51,0.010000000000000009,LOG,0.999,5000000,4999995,345.692854461474,0.9845999999999991,0.9485999999999991,1.0212009999999991,0.9846009846009838,0.9486009486009478,1.02120202120202,344.8683295715128,343.27245727298987,346.7065818702025,-0.8245248899611965,true,1e-06,3.246973551884662e-07,2.3336648596986128e-06,false,10000,0.99,5
libcxx,double,0.51,0.010000000000000009,LOG,0.9999,5000000,4999995,460.82210911118176,1.0660000000001175,0.9500000000001046,1.1860000000001305,1.0660010660011834,0.9500009500010546,1.1860011860013167,464.78586464021436,458.64702544427627,470.57572968606496,3.9637555290325963,true,1e-06,3.246973551884662e-07,2.3336648596986128e-06,false,10000,0.99,5
libcxx,double,0.75,0.25,SPLIT,0.99,5000000,5000000,9.479646273964422,0.9984999999999992,0.9868597999999991,1.010040199999999,0.9984999999999992,0.9868597999999991,1.010040199999999,9.476804919941172,9.455731536030004,9.497585700245523,-0.00284135402324992,true,0.0,0.0,5.991462752596988e-07,true,10000,0.99,5
libcxx,double,0.75,0.25,SPLIT,0.999,5000000,5000000,14.08481646403701,1.0137999999999991,0.9771999999999991,1.0500009999999989,1.0137999999999991,0.9771999999999991,1.0500009999999989,14.111052002712771,14.044146947538302,14.183397081123244,0.02623553867576156,true,0.0,0.0,5.991462752596988e-07,true,10000,0.99,5
libcxx,double,0.75,0.25,SPLIT,0.9999,5000000,5000000,18.689986650025734,1.0960000000001207,0.9780000000001078,1.2180000000001343,1.0960000000001207,0.9780000000001078,1.2180000000001343,18.833235907773254,18.672953841976252,19.032418407204048,0.14324925774752018,true,0.0,0.0,5.991462752596988e-07,true,10000,0.99,5
libcxx,double,0.75,0.25,LOG,0.99,5000000,5000000,9.479646273964422,0.9984999999999992,0.9868597999999991,1.010040199999999,0.9984999999999992,0.9868597999999991,1.010040199999999,9.476804919941172,9.455731536030004,9.497585700245523,-0.00284135402324992,true,0.0,0.0,5.991462752596988e-07,true,10000,0.99,5
libcxx,double,0.75,0.25,LOG,0.999,5000000,5000000,14.08481646403701,1.0137999999999991,0.9771999999999991,1.0500009999999989,1.0137999999999991,0.9771999999999991,1.0500009999999989,14.111052002712771,14.044146947538302,14.183397081123244,0.02623553867576156,true,0.0,0.0,5.991462752596988e-07,true,10000,0.99,5
libcxx,double,0.75,0.25,LOG,0.9999,5000000,5000000,18.689986650025734,1.0960000000001207,0.9780000000001078,1.2180000000001343,1.0960000000001207,0.9780000000001078,1.2180000000001343,18.833235907773254,18.672953841976252,19.032418407204048,0.14324925774752018,true,0.0,0.0,5.991462752596988e-07,true,10000,0.99,5
libcxx,float,0.55,0.050000011920928955,SPLIT,0.99,5000000,4971423,46.34998253326348,0.4270799999999996,0.4195198999999996,0.4344999999999996,0.42953496413401115,0.4217502715017407,0.4371184065407426,41.86778013823395,41.80155493770293,41.929635940659686,-4.482202395029532,true,0.0057154,0.005649510645476014,0.0057818627471894,false,10000,0.99,5
libcxx,float,0.55,0.050000011920928955,SPLIT,0.999,5000000,4971423,69.37582797341457,0.0,0.0,0.0,0.0,0.0,0.0,50.30313945582595,50.25562077787167,50.35688338804858,-19.072688517588624,true,0.0057154,0.005649510645476014,0.0057818627471894,false,10000,0.99,5
libcxx,float,0.55,0.050000011920928955,SPLIT,0.9999,5000000,4971423,92.4016734135668,0.0,0.0,0.0,0.0,0.0,0.0,51.99992607434622,51.97432933259813,52.035968147189635,-40.40174733922058,true,0.0057154,0.005649510645476014,0.0057818627471894,false,10000,0.99,5
libcxx,float,0.55,0.050000011920928955,LOG,0.99,5000000,4999327,46.34998253326348,0.9851599999999991,0.9740798999999992,0.9965800999999991,0.9852926203867032,0.9742110288044763,0.9967142577390908,46.202152095570916,46.10036999491392,46.30808465223286,-0.1478304376925621,true,0.0001346,0.00012462217239401564,0.00014516404408248493,false,10000,0.99,5
libcxx,float,0.55,0.050000011920928955,LOG,0.999,5000000,4999327,69.37582797341457,0.8847999999999993,0.8501999999999992,0.9189999999999992,0.8849191101122202,0.8503144523252821,0.9191237140519105,68.27429754705881,68.00456871612832,68.57686564759118,-1.1015304263557653,true,0.0001346,0.00012462217239401564,0.00014516404408248493,false,10000,0.99,5
libcxx,float,0.55,0.050000011920928955,LOG,0.9999,5000000,4999327,92.4016734135668,0.0,0.0,0.0,0.0,0.0,0.0,83.90474508970014,83.48322010334323,84.2856487383018,-8.496928323866655,true,0.0001346,0.00012462217239401564,0.00014516404408248493,false,10000,0.99,5
libcxx,float,0.6,0.10000002384185791,SPLIT,0.99,5000000,4999834,23.31616000246791,0.992499999999999,0.9812999999999992,1.004360099999999,0.9925329520940086,0.981332580241663,1.0043934458624018,23.280369503300395,23.228890133201592,23.332151981878184,-0.035790499167514866,true,3.32e-05,2.8341606618887448e-05,3.8652248646318015e-05,false,10000,0.99,5
libcxx,float,0.6,0.10000002384185791,SPLIT,0.999,5000000,4999834,34.82908272254346,0.9735999999999991,0.9385999999999992,1.010399999999999,0.9736323245931757,0.938631162554596,1.0104335463937393,34.671958925627116,34.49008236391322,34.86724459297397,-0.15712379691634482,true,3.32e-05,2.8341606618887448e-05,3.8652248646318015e-05,false,10000,0.99,5
libcxx,float,0.6,0.10000002384185791,SPLIT,0.9999,5000000,4999834,46.34200544261958,0.6760000000000744,0.5820000000000641,0.7740000000000852,0.6760224439452134,0.5820193230415891,0.7740256976532474,44.829432479452805,44.50481615073947,45.29774813906949,-1.5125729631667753,true,3.32e-05,2.8341606618887448e-05,3.8652248646318015e-05,false,10000,0.99,5
libcxx,float,0.6,0.10000002384185791,LOG,0.99,5000000,5000000,23.31616000246791,0.9958199999999992,0.9845598999999992,1.007420199999999,0.9958199999999992,0.9845598999999992,1.007420199999999,23.29546021949598,23.24557601999572,23.348407894900916,-0.020699782971931313,true,0.0,0.0,5.991462752596988e-07,true,10000,0.99,5
libcxx,float,0.6,0.10000002384185791,LOG,0.999,5000000,5000000,34.82908272254346,1.006799999999999,0.971198999999999,1.0433999999999992,1.006799999999999,0.971198999999999,1.0433999999999992,34.862568557550986,34.666342319493374,35.05030711513276,0.03348583500752511,true,0.0,0.0,5.991462752596988e-07,true,10000,0.99,5
libcxx,float,0.6,0.10000002384185791,LOG,0.9999,5000000,5000000,46.34200544261958,1.008000000000111,0.8960000000000986,1.1220000000001236,1.008000000000111,0.8960000000000986,1.1220000000001236,46.35955139951611,45.82681226748229,46.910383337041864,0.017545956896526604,true,0.0,0.0,5.991462752596988e-07,true,10000,0.99,5
libcxx,float,0.75,0.25,SPLIT,0.99,5000000,5000000,9.479646273964422,0.9953199999999992,0.9839999999999991,1.0068400999999991,0.9953199999999992,0.9839999999999991,1.0068400999999991,9.471174900713663,9.449504575795759,9.491878046998206,-0.008471373250758418,true,0.0,0.0,5.991462752596988e-07,true,10000,0.99,5
libcxx,float,0.75,0.25,SPLIT,0.999,5000000,5000000,14.08481646403701,1.0139999999999991,0.977598999999999,1.049999999999999,1.0139999999999991,0.977598999999999,1.049999999999999,14.111706776157074,14.044832138159867,14.181986350904118,0.026890312120064763,true,0.0,0.0,5.991462752596988e-07,true,10000,0.99,5
libcxx,float,0.75,0.25,SPLIT,0.9999,5000000,5000000,18.689986650025734,1.0500000000001157,0.9320000000001026,1.1640000000001283,1.0500000000001157,0.9320000000001026,1.1640000000001283,18.81634295726079,18.55225879786842,18.977453229816255,0.12635630723505642,true,0.0,0.0,5.991462752596988e-07,true,10000,0.99,5
libcxx,float,0.75,0.25,LOG,0.99,5000000,5000000,9.479646273964422,0.9953199999999992,0.9839999999999991,1.0068400999999991,0.9953199999999992,0.9839999999999991,1.0068400999999991,9.471174900713663,9.449504575795759,9.491878046998206,-0.008471373250758418,true,0.0,0.0,5.991462752596988e-07,true,10000,0.99,5
libcxx,float,0.75,0.25,LOG,0.999,5000000,5000000,14.08481646403701,1.0139999999999991,0.977598999999999,1.049999999999999,1.0139999999999991,0.977598999999999,1.049999999999999,14.111706776157074,14.044832138159867,14.181986350904118,0.026890312120064763,true,0.0,0.0,5.991462752596988e-07,true,10000,0.99,5
libcxx,float,0.75,0.25,LOG,0.9999,5000000,5000000,18.689986650025734,1.0500000000001157,0.9320000000001026,1.1640000000001283,1.0500000000001157,0.9320000000001026,1.1640000000001283,18.81634295726079,18.55225879786842,18.977453229816255,0.12635630723505642,true,0.0,0.0,5.991462752596988e-07,true,10000,0.99,5
libstdcxx,double,0.501,0.0010000000000000009,SPLIT,0.99,5000000,2625119,2302.8917684116877,0.0,0.0,0.0,0.0,0.0,0.0,366.96199581867927,366.883335395365,367.04395256402506,-1935.9297725930085,true,0.4749762,0.47453840253955093,0.47541402643984115,false,10000,0.99,5
libstdcxx,double,0.501,0.0010000000000000009,SPLIT,0.999,5000000,2625119,3454.184314908709,0.0,0.0,0.0,0.0,0.0,0.0,372.00893148815436,371.9766602679912,372.0411009488426,-3082.1753834205547,true,0.4749762,0.47453840253955093,0.47541402643984115,false,10000,0.99,5
libstdcxx,double,0.501,0.0010000000000000009,SPLIT,0.9999,5000000,2625119,4605.4768614057875,0.0,0.0,0.0,0.0,0.0,0.0,372.89202031036854,372.8605756405806,372.94012426473705,-4232.584841095419,true,0.4749762,0.47453840253955093,0.47541402643984115,false,10000,0.99,5
libstdcxx,double,0.501,0.0010000000000000009,LOG,0.99,5000000,3791426,2302.8917684116877,0.0,0.0,0.0,0.0,0.0,0.0,694.8246964445766,694.638682714454,695.0079076854981,-1608.0670719671111,true,0.2417148,0.24133959073827654,0.24209030838994078,false,10000,0.99,5
libstdcxx,double,0.501,0.0010000000000000009,LOG,0.999,5000000,3791426,3454.184314908709,0.0,0.0,0.0,0.0,0.0,0.0,708.7222700815257,708.6593941393713,708.7884431098936,-2745.4620448271835,true,0.2417148,0.24133959073827654,0.24209030838994078,false,10000,0.99,5
libstdcxx,double,0.501,0.0010000000000000009,LOG,0.9999,5000000,3791426,4605.4768614057875,0.0,0.0,0.0,0.0,0.0,0.0,710.1579053176413,710.1393110735908,710.1744248404123,-3895.3189560881465,true,0.2417148,0.24133959073827654,0.24209030838994078,false,10000,0.99,5
libstdcxx,double,0.505,0.0050000000000000044,SPLIT,0.99,5000000,4878591,460.8229870221404,0.0,0.0,0.0,0.0,0.0,0.0,338.392211173365,338.05648828795455,338.7041048305293,-122.4307758487754,true,0.0242818,0.024147058804523287,0.02441709248649487,false,10000,0.99,5
libstdcxx,double,0.505,0.0050000000000000044,SPLIT,0.999,5000000,4878591,691.0814963215446,0.0,0.0,0.0,0.0,0.0,0.0,368.5661473576508,368.434718799897,368.69444088369715,-322.5153489638938,true,0.0242818,0.024147058804523287,0.02441709248649487,false,10000,0.99,5
libstdcxx,double,0.505,0.0050000000000000044,SPLIT,0.9999,5000000,4878591,921.3400056209603,0.0,0.0,0.0,0.0,0.0,0.0,372.247866359752,372.19338934073,372.31235395330316,-549.0921392612083,true,0.0242818,0.024147058804523287,0.02441709248649487,false,10000,0.99,5
libstdcxx,double,0.505,0.0050000000000000044,LOG,0.99,5000000,4995983,460.8229870221404,0.9252199999999993,0.9142994999999993,0.9364400999999991,0.9259639194128554,0.9151351195550496,0.9371731248885347,453.7310280757225,452.7104059721519,454.7593602743659,-7.09195894641789,true,0.0008034,0.0007787550656970521,0.0008286259469812543,false,10000,0.99,5
libstdcxx,double,0.505,0.0050000000000000044,LOG,0.999,5000000,4995983,691.0814963215446,0.16679999999999984,0.15239999999999987,0.18219999999999986,0.1669341148678847,0.15252253660590906,0.1823464971758309,631.4775323072001,629.5766563453508,633.1197581154942,-59.603964014344456,true,0.0008034,0.0007787550656970521,0.0008286259469812543,false,10000,0.99,5
libstdcxx,double,0.505,0.0050000000000000044,LOG,0.9999,5000000,4995983,921.3400056209603,0.0,0.0,0.0,0.0,0.0,0.0,698.5440857342544,697.2839817336464,699.9412177840222,-222.79591988670586,true,0.0008034,0.0007787550656970521,0.0008286259469812543,false,10000,0.99,5
libstdcxx,double,0.51,0.010000000000000009,SPLIT,0.99,5000000,4997186,230.56359981177187,0.948519999999999,0.9373999999999992,0.959880099999999,0.9490541276630479,0.937927865802873,0.9604206247275957,228.0710259224684,227.58091517122259,228.61914944567226,-2.4925738893034577,true,0.0005628,0.0005422015061069221,0.0005839803850879355,false,10000,0.99,5
libstdcxx,double,0.51,0.010000000000000009,SPLIT,0.999,5000000,4997186,345.692854461474,0.4061999999999997,0.38339999999999963,0.42899999999999966,0.40642873809379887,0.3836158990279726,0.4292415771596251,322.2369626275729,321.2579107363665,323.40902922252343,-23.45589183390109,true,0.0005628,0.0005422015061069221,0.0005839803850879355,false,10000,0.99,5
libstdcxx,double,0.51,0.010000000000000009,SPLIT,0.9999,5000000,4997186,460.82210911118176,0.0,0.0,0.0,0.0,0.0,0.0,364.2846197245506,363.4709960163234,365.0138303296994,-96.53748938663114,true,0.0005628,0.0005422015061069221,0.0005839803850879355,false,10000,0.99,5
libstdcxx,double,0.51,0.010000000000000009,LOG,0.99,5000000,4999995,230.56359981177187,1.004699999999999,0.9933991999999991,1.0157999999999991,1.0047010047010039,0.9934001934001926,1.015801015801015,230.7823471058257,230.25330506306523,231.30013355070267,0.2187472940538271,true,1e-06,3.246973551884662e-07,2.3336648596986128e-06,false,10000,0.99,5
libstdcxx,double,0.51,0.010000000000000009,LOG,0.999,5000000,4999995,345.692854461474,0.9679999999999992,0.9317999999999992,1.004600999999999,0.9680009680009671,0.9318009318009309,1.0046020046020034,344.1561769965405,342.7889807887335,345.8366158338436,-1.5366774649334616,true,1e-06,3.246973551884662e-07,2.3336648596986128e-06,false,10000,0.99,5
libstdcxx,double,0.51,0.010000000000000009,LOG,0.9999,5000000,4999995,460.82210911118176,0.8660000000000955,0.7600000000000837,0.9740100000001056,0.8660008660009614,0.7600007600008437,0.9740109740110796,453.78213876047033,450.1494042930664,459.14310641831526,-7.039970350711428,true,1e-06,3.246973551884662e-07,2.3336648596986128e-06,false,10000,0.99,5
libstdcxx,double,0.75,0.25,SPLIT,0.99,5000000,5000000,9.479646273964422,1.004659999999999,0.9929598999999992,1.015980399999999,1.004659999999999,0.9929598999999992,1.015980399999999,9.488363462010803,9.467548333366876,9.510048517821705,0.008717188046380997,true,0.0,0.0,5.991462752596988e-07,true,10000,0.99,5
libstdcxx,double,0.75,0.25,SPLIT,0.999,5000000,5000000,14.08481646403701,0.978399999999999,0.9429999999999992,1.0139999999999991,0.978399999999999,0.9429999999999992,1.0139999999999991,14.047337923606884,13.976053743790429,14.107643916375372,-0.03747854043012566,true,0.0,0.0,5.991462752596988e-07,true,10000,0.99,5
libstdcxx,double,0.75,0.25,SPLIT,0.9999,5000000,5000000,18.689986650025734,0.9460000000001041,0.8360000000000921,1.0600000000001168,0.9460000000001041,0.8360000000000921,1.0600000000001168,18.574982791766768,18.373057347265558,18.77496489807331,-0.11500385825896586,true,0.0,0.0,5.991462752596988e-07,true,10000,0.99,5
libstdcxx,double,0.75,0.25,LOG,0.99,5000000,5000000,9.479646273964422,1.004659999999999,0.9929598999999992,1.015980399999999,1.004659999999999,0.9929598999999992,1.015980399999999,9.488363462010803,9.467548333366876,9.510048517821705,0.008717188046380997,true,0.0,0.0,5.991462752596988e-07,true,10000,0.99,5
libstdcxx,double,0.75,0.25,LOG,0.999,5000000,5000000,14.08481646403701,0.978399999999999,0.9429999999999992,1.0139999999999991,0.978399999999999,0.9429999999999992,1.0139999999999991,14.047337923606884,13.976053743790429,14.107643916375372,-0.03747854043012566,true,0.0,0.0,5.991462752596988e-07,true,10000,0.99,5
libstdcxx,double,0.75,0.25,LOG,0.9999,5000000,5000000,18.689986650025734,0.9460000000001041,0.8360000000000921,1.0600000000001168,0.9460000000001041,0.8360000000000921,1.0600000000001168,18.574982791766768,18.373057347265558,18.77496489807331,-0.11500385825896586,true,0.0,0.0,5.991462752596988e-07,true,10000,0.99,5
libstdcxx,float,0.55,0.050000011920928955,SPLIT,0.99,5000000,4971241,46.34998253326348,0.42905999999999966,0.4216399999999997,0.43636029999999953,0.4315421441044596,0.42417979735844596,0.43916599496986725,41.85998784506249,41.7929615752259,41.927737695274665,-4.489994688200987,true,0.0057518,0.00568570176105036,0.005818471585773705,false,10000,0.99,5
libstdcxx,float,0.55,0.050000011920928955,SPLIT,0.999,5000000,4971241,69.37582797341457,0.0,0.0,0.0,0.0,0.0,0.0,50.32624436180105,50.272087971602865,50.371091631045886,-19.04958361161352,true,0.0057518,0.00568570176105036,0.005818471585773705,false,10000,0.99,5
libstdcxx,float,0.55,0.050000011920928955,SPLIT,0.9999,5000000,4971241,92.4016734135668,0.0,0.0,0.0,0.0,0.0,0.0,51.9954818702557,51.96089491655745,52.031803322049726,-40.406191543311095,true,0.0057518,0.00568570176105036,0.005818471585773705,false,10000,0.99,5
libstdcxx,float,0.55,0.050000011920928955,LOG,0.99,5000000,4999317,46.34998253326348,0.990579999999999,0.9795197999999992,1.0017805999999991,0.9907153317143113,0.9796536206845847,1.001917461925298,46.25067048075995,46.14819559120734,46.36523035943875,-0.09931205250352804,true,0.0001366,0.00012654690465777543,0.00014723925461204,false,10000,0.99,5
libstdcxx,float,0.55,0.050000011920928955,LOG,0.999,5000000,4999317,69.37582797341457,0.8797999999999992,0.8461989999999991,0.914000999999999,0.879920197098923,0.8463146065752575,0.9141258695937855,68.29563562334606,67.95516938743094,68.58359149544627,-1.0801923500685149,true,0.0001366,0.00012654690465777543,0.00014723925461204,false,10000,0.99,5
libstdcxx,float,0.55,0.050000011920928955,LOG,0.9999,5000000,4999317,92.4016734135668,0.0,0.0,0.0,0.0,0.0,0.0,83.78428744750387,83.46423660120149,84.21840168240246,-8.617385966062926,true,0.0001366,0.00012654690465777543,0.00014723925461204,false,10000,0.99,5
libstdcxx,float,0.6,0.10000002384185791,SPLIT,0.99,5000000,4999833,23.31616000246791,1.003479999999999,0.9917396999999991,1.015080299999999,1.0035135173514786,0.9917728252123612,1.01511420481444,23.333279285471892,23.278319676006536,23.390249286720454,0.017119283003982133,true,3.34e-05,2.8526410354949732e-05,3.886740017660143e-05,false,10000,0.99,5
libstdcxx,float,0.6,0.10000002384185791,SPLIT,0.999,5000000,4999833,34.82908272254346,0.9969999999999992,0.9605999999999992,1.0329999999999993,0.9970333009122495,0.9606320851116419,1.033034503352411,34.80752355822911,34.65153573528265,34.97616424773049,-0.021559164314354007,true,3.34e-05,2.8526410354949732e-05,3.886740017660143e-05,false,10000,0.99,5
libstdcxx,float,0.6,0.10000002384185791,SPLIT,0.9999,5000000,4999833,46.34200544261958,0.6220000000000685,0.5340000000000588,0.7140000000000787,0.6220207754939701,0.5340178361957878,0.714023848396615,44.71323505106266,44.389498715853215,45.07176188815115,-1.6287703915569196,true,3.34e-05,2.8526410354949732e-05,3.886740017660143e-05,false,10000,0.99,5
libstdcxx,float,0.6,0.10000002384185791,LOG,0.99,5000000,5000000,23.31616000246791,1.006819999999999,0.9954398999999992,1.018040299999999,1.006819999999999,0.9954398999999992,1.018040299999999,23.34986951683864,23.293438730870164,23.407906775252396,0.033709514370730886,true,0.0,0.0,5.991462752596988e-07,true,10000,0.99,5
libstdcxx,float,0.6,0.10000002384185791,LOG,0.999,5000000,5000000,34.82908272254346,1.0303999999999989,0.9945989999999991,1.067599999999999,1.0303999999999989,0.9945989999999991,1.067599999999999,34.973386450082806,34.80465117727684,35.13797450293099,0.14430372753934506,true,0.0,0.0,5.991462752596988e-07,true,10000,0.99,5
libstdcxx,float,0.6,0.10000002384185791,LOG,0.9999,5000000,5000000,46.34200544261958,0.9560000000001053,0.8480000000000935,1.0680000000001175,0.9560000000001053,0.8480000000000935,1.0680000000001175,46.18030373370234,45.6030473178482,46.73525591416368,-0.16170170891724212,true,0.0,0.0,5.991462752596988e-07,true,10000,0.99,5
libstdcxx,float,0.75,0.25,SPLIT,0.99,5000000,5000000,9.479646273964422,1.001419999999999,0.9899594999999991,1.0129600999999993,1.001419999999999,0.9899594999999991,1.0129600999999993,9.482892524853987,9.459523634795568,9.503719447571793,0.0032462508895658715,true,0.0,0.0,5.991462752596988e-07,true,10000,0.99,5
libstdcxx,float,0.75,0.25,SPLIT,0.999,5000000,5000000,14.08481646403701,1.027799999999999,0.9919989999999992,1.0655999999999992,1.027799999999999,0.9919989999999992,1.0655999999999992,14.145518992504176,14.068531627964262,14.21091681032199,0.06070252846716606,true,0.0,0.0,5.991462752596988e-07,true,10000,0.99,5
libstdcxx,float,0.75,0.25,SPLIT,0.9999,5000000,5000000,18.689986650025734,0.9600000000001058,0.8480000000000935,1.0780000000001189,0.9600000000001058,0.8480000000000935,1.0780000000001189,18.617330090402916,18.41026769547567,18.88703925378721,-0.0726565596228177,true,0.0,0.0,5.991462752596988e-07,true,10000,0.99,5
libstdcxx,float,0.75,0.25,LOG,0.99,5000000,5000000,9.479646273964422,1.001419999999999,0.9899594999999991,1.0129600999999993,1.001419999999999,0.9899594999999991,1.0129600999999993,9.482892524853987,9.459523634795568,9.503719447571793,0.0032462508895658715,true,0.0,0.0,5.991462752596988e-07,true,10000,0.99,5
libstdcxx,float,0.75,0.25,LOG,0.999,5000000,5000000,14.08481646403701,1.027799999999999,0.9919989999999992,1.0655999999999992,1.027799999999999,0.9919989999999992,1.0655999999999992,14.145518992504176,14.068531627964262,14.21091681032199,0.06070252846716606,true,0.0,0.0,5.991462752596988e-07,true,10000,0.99,5
libstdcxx,float,0.75,0.25,LOG,0.9999,5000000,5000000,18.689986650025734,0.9600000000001058,0.8480000000000935,1.0780000000001189,0.9600000000001058,0.8480000000000935,1.0780000000001189,18.617330090402916,18.41026769547567,18.88703925378721,-0.0726565596228177,true,0.0,0.0,5.991462752596988e-07,true,10000,0.99,5
