run_id,block,kappa,theta_perp,theta_par,ub_x,ub_y,ub_z,mode,lambda,seed,n_samples,n_nonfinite,file
0,A,0.75,1,2,0,0,1,uncapped,inf,2001,100000,0,run_0000.bin
1,A,0.75,1,2,0,0,1,uncapped,inf,2002,100000,0,run_0001.bin
2,A,0.75,1,2,0,0,1,uncapped,inf,2003,100000,0,run_0002.bin
3,A,0.75,1,2,0,0,1,uncapped,inf,2004,100000,0,run_0003.bin
4,A,0.75,1,2,0,0,1,uncapped,inf,2005,100000,0,run_0004.bin
5,A,0.75,1,2,0,0,1,capped,3,2001,100000,0,run_0005.bin
6,A,0.75,1,2,0,0,1,capped,3,2002,100000,0,run_0006.bin
7,A,0.75,1,2,0,0,1,capped,3,2003,100000,0,run_0007.bin
8,A,0.75,1,2,0,0,1,capped,3,2004,100000,0,run_0008.bin
9,A,0.75,1,2,0,0,1,capped,3,2005,100000,0,run_0009.bin
10,A,0.75,1,2,0,0,1,capped,5,2001,100000,0,run_0010.bin
11,A,0.75,1,2,0,0,1,capped,5,2002,100000,0,run_0011.bin
12,A,0.75,1,2,0,0,1,capped,5,2003,100000,0,run_0012.bin
13,A,0.75,1,2,0,0,1,capped,5,2004,100000,0,run_0013.bin
14,A,0.75,1,2,0,0,1,capped,5,2005,100000,0,run_0014.bin
15,A,0.75,1,2,0,0,1,capped,10,2001,100000,0,run_0015.bin
16,A,0.75,1,2,0,0,1,capped,10,2002,100000,0,run_0016.bin
17,A,0.75,1,2,0,0,1,capped,10,2003,100000,0,run_0017.bin
18,A,0.75,1,2,0,0,1,capped,10,2004,100000,0,run_0018.bin
19,A,0.75,1,2,0,0,1,capped,10,2005,100000,0,run_0019.bin
20,A,0.75,1,2,0,0,1,capped,20,2001,100000,0,run_0020.bin
21,A,0.75,1,2,0,0,1,capped,20,2002,100000,0,run_0021.bin
22,A,0.75,1,2,0,0,1,capped,20,2003,100000,0,run_0022.bin
23,A,0.75,1,2,0,0,1,capped,20,2004,100000,0,run_0023.bin
24,A,0.75,1,2,0,0,1,capped,20,2005,100000,0,run_0024.bin
25,A,0.75,1,2,0,0,1,capped,50,2001,100000,0,run_0025.bin
26,A,0.75,1,2,0,0,1,capped,50,2002,100000,0,run_0026.bin
27,A,0.75,1,2,0,0,1,capped,50,2003,100000,0,run_0027.bin
28,A,0.75,1,2,0,0,1,capped,50,2004,100000,0,run_0028.bin
29,A,0.75,1,2,0,0,1,capped,50,2005,100000,0,run_0029.bin
30,A,0.75,1,2,0,0,1,capped,100,2001,100000,0,run_0030.bin
31,A,0.75,1,2,0,0,1,capped,100,2002,100000,0,run_0031.bin
32,A,0.75,1,2,0,0,1,capped,100,2003,100000,0,run_0032.bin
33,A,0.75,1,2,0,0,1,capped,100,2004,100000,0,run_0033.bin
34,A,0.75,1,2,0,0,1,capped,100,2005,100000,0,run_0034.bin
35,A,1,1,2,0,0,1,uncapped,inf,2001,100000,0,run_0035.bin
36,A,1,1,2,0,0,1,uncapped,inf,2002,100000,0,run_0036.bin
37,A,1,1,2,0,0,1,uncapped,inf,2003,100000,0,run_0037.bin
38,A,1,1,2,0,0,1,uncapped,inf,2004,100000,0,run_0038.bin
39,A,1,1,2,0,0,1,uncapped,inf,2005,100000,0,run_0039.bin
40,A,1,1,2,0,0,1,capped,3,2001,100000,0,run_0040.bin
41,A,1,1,2,0,0,1,capped,3,2002,100000,0,run_0041.bin
42,A,1,1,2,0,0,1,capped,3,2003,100000,0,run_0042.bin
43,A,1,1,2,0,0,1,capped,3,2004,100000,0,run_0043.bin
44,A,1,1,2,0,0,1,capped,3,2005,100000,0,run_0044.bin
45,A,1,1,2,0,0,1,capped,5,2001,100000,0,run_0045.bin
46,A,1,1,2,0,0,1,capped,5,2002,100000,0,run_0046.bin
47,A,1,1,2,0,0,1,capped,5,2003,100000,0,run_0047.bin
48,A,1,1,2,0,0,1,capped,5,2004,100000,0,run_0048.bin
49,A,1,1,2,0,0,1,capped,5,2005,100000,0,run_0049.bin
50,A,1,1,2,0,0,1,capped,10,2001,100000,0,run_0050.bin
51,A,1,1,2,0,0,1,capped,10,2002,100000,0,run_0051.bin
52,A,1,1,2,0,0,1,capped,10,2003,100000,0,run_0052.bin
53,A,1,1,2,0,0,1,capped,10,2004,100000,0,run_0053.bin
54,A,1,1,2,0,0,1,capped,10,2005,100000,0,run_0054.bin
55,A,1,1,2,0,0,1,capped,20,2001,100000,0,run_0055.bin
56,A,1,1,2,0,0,1,capped,20,2002,100000,0,run_0056.bin
57,A,1,1,2,0,0,1,capped,20,2003,100000,0,run_0057.bin
58,A,1,1,2,0,0,1,capped,20,2004,100000,0,run_0058.bin
59,A,1,1,2,0,0,1,capped,20,2005,100000,0,run_0059.bin
60,A,1,1,2,0,0,1,capped,50,2001,100000,0,run_0060.bin
61,A,1,1,2,0,0,1,capped,50,2002,100000,0,run_0061.bin
62,A,1,1,2,0,0,1,capped,50,2003,100000,0,run_0062.bin
63,A,1,1,2,0,0,1,capped,50,2004,100000,0,run_0063.bin
64,A,1,1,2,0,0,1,capped,50,2005,100000,0,run_0064.bin
65,A,1,1,2,0,0,1,capped,100,2001,100000,0,run_0065.bin
66,A,1,1,2,0,0,1,capped,100,2002,100000,0,run_0066.bin
67,A,1,1,2,0,0,1,capped,100,2003,100000,0,run_0067.bin
68,A,1,1,2,0,0,1,capped,100,2004,100000,0,run_0068.bin
69,A,1,1,2,0,0,1,capped,100,2005,100000,0,run_0069.bin
70,A,1.5,1,2,0,0,1,uncapped,inf,2001,100000,0,run_0070.bin
71,A,1.5,1,2,0,0,1,uncapped,inf,2002,100000,0,run_0071.bin
72,A,1.5,1,2,0,0,1,uncapped,inf,2003,100000,0,run_0072.bin
73,A,1.5,1,2,0,0,1,uncapped,inf,2004,100000,0,run_0073.bin
74,A,1.5,1,2,0,0,1,uncapped,inf,2005,100000,0,run_0074.bin
75,A,1.5,1,2,0,0,1,capped,3,2001,100000,0,run_0075.bin
76,A,1.5,1,2,0,0,1,capped,3,2002,100000,0,run_0076.bin
77,A,1.5,1,2,0,0,1,capped,3,2003,100000,0,run_0077.bin
78,A,1.5,1,2,0,0,1,capped,3,2004,100000,0,run_0078.bin
79,A,1.5,1,2,0,0,1,capped,3,2005,100000,0,run_0079.bin
80,A,1.5,1,2,0,0,1,capped,5,2001,100000,0,run_0080.bin
81,A,1.5,1,2,0,0,1,capped,5,2002,100000,0,run_0081.bin
82,A,1.5,1,2,0,0,1,capped,5,2003,100000,0,run_0082.bin
83,A,1.5,1,2,0,0,1,capped,5,2004,100000,0,run_0083.bin
84,A,1.5,1,2,0,0,1,capped,5,2005,100000,0,run_0084.bin
85,A,1.5,1,2,0,0,1,capped,10,2001,100000,0,run_0085.bin
86,A,1.5,1,2,0,0,1,capped,10,2002,100000,0,run_0086.bin
87,A,1.5,1,2,0,0,1,capped,10,2003,100000,0,run_0087.bin
88,A,1.5,1,2,0,0,1,capped,10,2004,100000,0,run_0088.bin
89,A,1.5,1,2,0,0,1,capped,10,2005,100000,0,run_0089.bin
90,A,1.5,1,2,0,0,1,capped,20,2001,100000,0,run_0090.bin
91,A,1.5,1,2,0,0,1,capped,20,2002,100000,0,run_0091.bin
92,A,1.5,1,2,0,0,1,capped,20,2003,100000,0,run_0092.bin
93,A,1.5,1,2,0,0,1,capped,20,2004,100000,0,run_0093.bin
94,A,1.5,1,2,0,0,1,capped,20,2005,100000,0,run_0094.bin
95,A,1.5,1,2,0,0,1,capped,50,2001,100000,0,run_0095.bin
96,A,1.5,1,2,0,0,1,capped,50,2002,100000,0,run_0096.bin
97,A,1.5,1,2,0,0,1,capped,50,2003,100000,0,run_0097.bin
98,A,1.5,1,2,0,0,1,capped,50,2004,100000,0,run_0098.bin
99,A,1.5,1,2,0,0,1,capped,50,2005,100000,0,run_0099.bin
100,A,1.5,1,2,0,0,1,capped,100,2001,100000,0,run_0100.bin
101,A,1.5,1,2,0,0,1,capped,100,2002,100000,0,run_0101.bin
102,A,1.5,1,2,0,0,1,capped,100,2003,100000,0,run_0102.bin
103,A,1.5,1,2,0,0,1,capped,100,2004,100000,0,run_0103.bin
104,A,1.5,1,2,0,0,1,capped,100,2005,100000,0,run_0104.bin
105,A,2,1,2,0,0,1,uncapped,inf,2001,100000,0,run_0105.bin
106,A,2,1,2,0,0,1,uncapped,inf,2002,100000,0,run_0106.bin
107,A,2,1,2,0,0,1,uncapped,inf,2003,100000,0,run_0107.bin
108,A,2,1,2,0,0,1,uncapped,inf,2004,100000,0,run_0108.bin
109,A,2,1,2,0,0,1,uncapped,inf,2005,100000,0,run_0109.bin
110,A,2,1,2,0,0,1,capped,3,2001,100000,0,run_0110.bin
111,A,2,1,2,0,0,1,capped,3,2002,100000,0,run_0111.bin
112,A,2,1,2,0,0,1,capped,3,2003,100000,0,run_0112.bin
113,A,2,1,2,0,0,1,capped,3,2004,100000,0,run_0113.bin
114,A,2,1,2,0,0,1,capped,3,2005,100000,0,run_0114.bin
115,A,2,1,2,0,0,1,capped,5,2001,100000,0,run_0115.bin
116,A,2,1,2,0,0,1,capped,5,2002,100000,0,run_0116.bin
117,A,2,1,2,0,0,1,capped,5,2003,100000,0,run_0117.bin
118,A,2,1,2,0,0,1,capped,5,2004,100000,0,run_0118.bin
119,A,2,1,2,0,0,1,capped,5,2005,100000,0,run_0119.bin
120,A,2,1,2,0,0,1,capped,10,2001,100000,0,run_0120.bin
121,A,2,1,2,0,0,1,capped,10,2002,100000,0,run_0121.bin
122,A,2,1,2,0,0,1,capped,10,2003,100000,0,run_0122.bin
123,A,2,1,2,0,0,1,capped,10,2004,100000,0,run_0123.bin
124,A,2,1,2,0,0,1,capped,10,2005,100000,0,run_0124.bin
125,A,2,1,2,0,0,1,capped,20,2001,100000,0,run_0125.bin
126,A,2,1,2,0,0,1,capped,20,2002,100000,0,run_0126.bin
127,A,2,1,2,0,0,1,capped,20,2003,100000,0,run_0127.bin
128,A,2,1,2,0,0,1,capped,20,2004,100000,0,run_0128.bin
129,A,2,1,2,0,0,1,capped,20,2005,100000,0,run_0129.bin
130,A,2,1,2,0,0,1,capped,50,2001,100000,0,run_0130.bin
131,A,2,1,2,0,0,1,capped,50,2002,100000,0,run_0131.bin
132,A,2,1,2,0,0,1,capped,50,2003,100000,0,run_0132.bin
133,A,2,1,2,0,0,1,capped,50,2004,100000,0,run_0133.bin
134,A,2,1,2,0,0,1,capped,50,2005,100000,0,run_0134.bin
135,A,2,1,2,0,0,1,capped,100,2001,100000,0,run_0135.bin
136,A,2,1,2,0,0,1,capped,100,2002,100000,0,run_0136.bin
137,A,2,1,2,0,0,1,capped,100,2003,100000,0,run_0137.bin
138,A,2,1,2,0,0,1,capped,100,2004,100000,0,run_0138.bin
139,A,2,1,2,0,0,1,capped,100,2005,100000,0,run_0139.bin
140,A,5,1,2,0,0,1,uncapped,inf,2001,100000,0,run_0140.bin
141,A,5,1,2,0,0,1,uncapped,inf,2002,100000,0,run_0141.bin
142,A,5,1,2,0,0,1,uncapped,inf,2003,100000,0,run_0142.bin
143,A,5,1,2,0,0,1,uncapped,inf,2004,100000,0,run_0143.bin
144,A,5,1,2,0,0,1,uncapped,inf,2005,100000,0,run_0144.bin
145,A,5,1,2,0,0,1,capped,3,2001,100000,0,run_0145.bin
146,A,5,1,2,0,0,1,capped,3,2002,100000,0,run_0146.bin
147,A,5,1,2,0,0,1,capped,3,2003,100000,0,run_0147.bin
148,A,5,1,2,0,0,1,capped,3,2004,100000,0,run_0148.bin
149,A,5,1,2,0,0,1,capped,3,2005,100000,0,run_0149.bin
150,A,5,1,2,0,0,1,capped,5,2001,100000,0,run_0150.bin
151,A,5,1,2,0,0,1,capped,5,2002,100000,0,run_0151.bin
152,A,5,1,2,0,0,1,capped,5,2003,100000,0,run_0152.bin
153,A,5,1,2,0,0,1,capped,5,2004,100000,0,run_0153.bin
154,A,5,1,2,0,0,1,capped,5,2005,100000,0,run_0154.bin
155,A,5,1,2,0,0,1,capped,10,2001,100000,0,run_0155.bin
156,A,5,1,2,0,0,1,capped,10,2002,100000,0,run_0156.bin
157,A,5,1,2,0,0,1,capped,10,2003,100000,0,run_0157.bin
158,A,5,1,2,0,0,1,capped,10,2004,100000,0,run_0158.bin
159,A,5,1,2,0,0,1,capped,10,2005,100000,0,run_0159.bin
160,A,5,1,2,0,0,1,capped,20,2001,100000,0,run_0160.bin
161,A,5,1,2,0,0,1,capped,20,2002,100000,0,run_0161.bin
162,A,5,1,2,0,0,1,capped,20,2003,100000,0,run_0162.bin
163,A,5,1,2,0,0,1,capped,20,2004,100000,0,run_0163.bin
164,A,5,1,2,0,0,1,capped,20,2005,100000,0,run_0164.bin
165,A,5,1,2,0,0,1,capped,50,2001,100000,0,run_0165.bin
166,A,5,1,2,0,0,1,capped,50,2002,100000,0,run_0166.bin
167,A,5,1,2,0,0,1,capped,50,2003,100000,0,run_0167.bin
168,A,5,1,2,0,0,1,capped,50,2004,100000,0,run_0168.bin
169,A,5,1,2,0,0,1,capped,50,2005,100000,0,run_0169.bin
170,A,5,1,2,0,0,1,capped,100,2001,100000,0,run_0170.bin
171,A,5,1,2,0,0,1,capped,100,2002,100000,0,run_0171.bin
172,A,5,1,2,0,0,1,capped,100,2003,100000,0,run_0172.bin
173,A,5,1,2,0,0,1,capped,100,2004,100000,0,run_0173.bin
174,A,5,1,2,0,0,1,capped,100,2005,100000,0,run_0174.bin
175,A,10,1,2,0,0,1,uncapped,inf,2001,100000,0,run_0175.bin
176,A,10,1,2,0,0,1,uncapped,inf,2002,100000,0,run_0176.bin
177,A,10,1,2,0,0,1,uncapped,inf,2003,100000,0,run_0177.bin
178,A,10,1,2,0,0,1,uncapped,inf,2004,100000,0,run_0178.bin
179,A,10,1,2,0,0,1,uncapped,inf,2005,100000,0,run_0179.bin
180,A,10,1,2,0,0,1,capped,3,2001,100000,0,run_0180.bin
181,A,10,1,2,0,0,1,capped,3,2002,100000,0,run_0181.bin
182,A,10,1,2,0,0,1,capped,3,2003,100000,0,run_0182.bin
183,A,10,1,2,0,0,1,capped,3,2004,100000,0,run_0183.bin
184,A,10,1,2,0,0,1,capped,3,2005,100000,0,run_0184.bin
185,A,10,1,2,0,0,1,capped,5,2001,100000,0,run_0185.bin
186,A,10,1,2,0,0,1,capped,5,2002,100000,0,run_0186.bin
187,A,10,1,2,0,0,1,capped,5,2003,100000,0,run_0187.bin
188,A,10,1,2,0,0,1,capped,5,2004,100000,0,run_0188.bin
189,A,10,1,2,0,0,1,capped,5,2005,100000,0,run_0189.bin
190,A,10,1,2,0,0,1,capped,10,2001,100000,0,run_0190.bin
191,A,10,1,2,0,0,1,capped,10,2002,100000,0,run_0191.bin
192,A,10,1,2,0,0,1,capped,10,2003,100000,0,run_0192.bin
193,A,10,1,2,0,0,1,capped,10,2004,100000,0,run_0193.bin
194,A,10,1,2,0,0,1,capped,10,2005,100000,0,run_0194.bin
195,A,10,1,2,0,0,1,capped,20,2001,100000,0,run_0195.bin
196,A,10,1,2,0,0,1,capped,20,2002,100000,0,run_0196.bin
197,A,10,1,2,0,0,1,capped,20,2003,100000,0,run_0197.bin
198,A,10,1,2,0,0,1,capped,20,2004,100000,0,run_0198.bin
199,A,10,1,2,0,0,1,capped,20,2005,100000,0,run_0199.bin
200,A,10,1,2,0,0,1,capped,50,2001,100000,0,run_0200.bin
201,A,10,1,2,0,0,1,capped,50,2002,100000,0,run_0201.bin
202,A,10,1,2,0,0,1,capped,50,2003,100000,0,run_0202.bin
203,A,10,1,2,0,0,1,capped,50,2004,100000,0,run_0203.bin
204,A,10,1,2,0,0,1,capped,50,2005,100000,0,run_0204.bin
205,A,10,1,2,0,0,1,capped,100,2001,100000,0,run_0205.bin
206,A,10,1,2,0,0,1,capped,100,2002,100000,0,run_0206.bin
207,A,10,1,2,0,0,1,capped,100,2003,100000,0,run_0207.bin
208,A,10,1,2,0,0,1,capped,100,2004,100000,0,run_0208.bin
209,A,10,1,2,0,0,1,capped,100,2005,100000,0,run_0209.bin
210,C,0.75,1,1,0,0,1,uncapped,inf,2001,100000,0,run_0210.bin
211,C,0.75,1,1,0,0,1,uncapped,inf,2002,100000,0,run_0211.bin
212,C,0.75,1,1,0,0,1,uncapped,inf,2003,100000,0,run_0212.bin
213,C,0.75,1,1,0,0,1,uncapped,inf,2004,100000,0,run_0213.bin
214,C,0.75,1,1,0,0,1,uncapped,inf,2005,100000,0,run_0214.bin
215,C,0.75,1,1,0,0,1,capped,3,2001,100000,0,run_0215.bin
216,C,0.75,1,1,0,0,1,capped,3,2002,100000,0,run_0216.bin
217,C,0.75,1,1,0,0,1,capped,3,2003,100000,0,run_0217.bin
218,C,0.75,1,1,0,0,1,capped,3,2004,100000,0,run_0218.bin
219,C,0.75,1,1,0,0,1,capped,3,2005,100000,0,run_0219.bin
220,C,0.75,1,1,0,0,1,capped,5,2001,100000,0,run_0220.bin
221,C,0.75,1,1,0,0,1,capped,5,2002,100000,0,run_0221.bin
222,C,0.75,1,1,0,0,1,capped,5,2003,100000,0,run_0222.bin
223,C,0.75,1,1,0,0,1,capped,5,2004,100000,0,run_0223.bin
224,C,0.75,1,1,0,0,1,capped,5,2005,100000,0,run_0224.bin
225,C,0.75,1,1,0,0,1,capped,10,2001,100000,0,run_0225.bin
226,C,0.75,1,1,0,0,1,capped,10,2002,100000,0,run_0226.bin
227,C,0.75,1,1,0,0,1,capped,10,2003,100000,0,run_0227.bin
228,C,0.75,1,1,0,0,1,capped,10,2004,100000,0,run_0228.bin
229,C,0.75,1,1,0,0,1,capped,10,2005,100000,0,run_0229.bin
230,C,0.75,1,1,0,0,1,capped,20,2001,100000,0,run_0230.bin
231,C,0.75,1,1,0,0,1,capped,20,2002,100000,0,run_0231.bin
232,C,0.75,1,1,0,0,1,capped,20,2003,100000,0,run_0232.bin
233,C,0.75,1,1,0,0,1,capped,20,2004,100000,0,run_0233.bin
234,C,0.75,1,1,0,0,1,capped,20,2005,100000,0,run_0234.bin
235,C,0.75,1,1,0,0,1,capped,50,2001,100000,0,run_0235.bin
236,C,0.75,1,1,0,0,1,capped,50,2002,100000,0,run_0236.bin
237,C,0.75,1,1,0,0,1,capped,50,2003,100000,0,run_0237.bin
238,C,0.75,1,1,0,0,1,capped,50,2004,100000,0,run_0238.bin
239,C,0.75,1,1,0,0,1,capped,50,2005,100000,0,run_0239.bin
240,C,0.75,1,1,0,0,1,capped,100,2001,100000,0,run_0240.bin
241,C,0.75,1,1,0,0,1,capped,100,2002,100000,0,run_0241.bin
242,C,0.75,1,1,0,0,1,capped,100,2003,100000,0,run_0242.bin
243,C,0.75,1,1,0,0,1,capped,100,2004,100000,0,run_0243.bin
244,C,0.75,1,1,0,0,1,capped,100,2005,100000,0,run_0244.bin
245,C,2,1,1,0,0,1,uncapped,inf,2001,100000,0,run_0245.bin
246,C,2,1,1,0,0,1,uncapped,inf,2002,100000,0,run_0246.bin
247,C,2,1,1,0,0,1,uncapped,inf,2003,100000,0,run_0247.bin
248,C,2,1,1,0,0,1,uncapped,inf,2004,100000,0,run_0248.bin
249,C,2,1,1,0,0,1,uncapped,inf,2005,100000,0,run_0249.bin
250,C,2,1,1,0,0,1,capped,3,2001,100000,0,run_0250.bin
251,C,2,1,1,0,0,1,capped,3,2002,100000,0,run_0251.bin
252,C,2,1,1,0,0,1,capped,3,2003,100000,0,run_0252.bin
253,C,2,1,1,0,0,1,capped,3,2004,100000,0,run_0253.bin
254,C,2,1,1,0,0,1,capped,3,2005,100000,0,run_0254.bin
255,C,2,1,1,0,0,1,capped,5,2001,100000,0,run_0255.bin
256,C,2,1,1,0,0,1,capped,5,2002,100000,0,run_0256.bin
257,C,2,1,1,0,0,1,capped,5,2003,100000,0,run_0257.bin
258,C,2,1,1,0,0,1,capped,5,2004,100000,0,run_0258.bin
259,C,2,1,1,0,0,1,capped,5,2005,100000,0,run_0259.bin
260,C,2,1,1,0,0,1,capped,10,2001,100000,0,run_0260.bin
261,C,2,1,1,0,0,1,capped,10,2002,100000,0,run_0261.bin
262,C,2,1,1,0,0,1,capped,10,2003,100000,0,run_0262.bin
263,C,2,1,1,0,0,1,capped,10,2004,100000,0,run_0263.bin
264,C,2,1,1,0,0,1,capped,10,2005,100000,0,run_0264.bin
265,C,2,1,1,0,0,1,capped,20,2001,100000,0,run_0265.bin
266,C,2,1,1,0,0,1,capped,20,2002,100000,0,run_0266.bin
267,C,2,1,1,0,0,1,capped,20,2003,100000,0,run_0267.bin
268,C,2,1,1,0,0,1,capped,20,2004,100000,0,run_0268.bin
269,C,2,1,1,0,0,1,capped,20,2005,100000,0,run_0269.bin
270,C,2,1,1,0,0,1,capped,50,2001,100000,0,run_0270.bin
271,C,2,1,1,0,0,1,capped,50,2002,100000,0,run_0271.bin
272,C,2,1,1,0,0,1,capped,50,2003,100000,0,run_0272.bin
273,C,2,1,1,0,0,1,capped,50,2004,100000,0,run_0273.bin
274,C,2,1,1,0,0,1,capped,50,2005,100000,0,run_0274.bin
275,C,2,1,1,0,0,1,capped,100,2001,100000,0,run_0275.bin
276,C,2,1,1,0,0,1,capped,100,2002,100000,0,run_0276.bin
277,C,2,1,1,0,0,1,capped,100,2003,100000,0,run_0277.bin
278,C,2,1,1,0,0,1,capped,100,2004,100000,0,run_0278.bin
279,C,2,1,1,0,0,1,capped,100,2005,100000,0,run_0279.bin
